HIERARCHY
ROOT Hips
{
	OFFSET 0.0000 0.0680 0.0000
	CHANNELS 6 Xposition Yposition Zposition Yrotation Xrotation Zrotation
	JOINT Spine
	{
		OFFSET 0.0000 0.0680 0.0000
		CHANNELS 3 Yrotation Xrotation Zrotation
		JOINT Spine1
		{
			OFFSET 0.0000 0.2231 0.0000
			CHANNELS 3 Yrotation Xrotation Zrotation
			JOINT Neck
			{
				OFFSET 0.0000 0.2443 0.0000
				CHANNELS 3 Yrotation Xrotation Zrotation
				JOINT Head
				{
					OFFSET 0.0000 0.1518 0.0196
					CHANNELS 3 Yrotation Xrotation Zrotation
				}
			}
			JOINT LeftShoulder
			{
				OFFSET 0.0383 0.2087 -0.0017
				CHANNELS 3 Yrotation Xrotation Zrotation
				JOINT LeftArm
				{
					OFFSET 0.1028 0.0000 0.0000
					CHANNELS 3 Yrotation Xrotation Zrotation
					JOINT LeftForeArm
					{
						OFFSET 0.2888 0.0000 0.0000
						CHANNELS 3 Yrotation Xrotation Zrotation
						JOINT LeftHand
						{
							OFFSET 0.2596 0.0000 0.0000
							CHANNELS 3 Yrotation Xrotation Zrotation
							JOINT LeftHandIndex1
							{
								OFFSET 0.0843 0.0000 0.0328
								CHANNELS 3 Yrotation Xrotation Zrotation
								JOINT LeftHandIndex2
								{
									OFFSET 0.0372 0.0000 0.0000
									CHANNELS 3 Yrotation Xrotation Zrotation
									JOINT LeftHandIndex3
									{
										OFFSET 0.0265 0.0000 0.0000
										CHANNELS 3 Yrotation Xrotation Zrotation
									}
								}
							}
							JOINT LeftHandMiddle1
							{
								OFFSET 0.0843 0.0000 0.0109
								CHANNELS 3 Yrotation Xrotation Zrotation
								JOINT LeftHandMiddle2
								{
									OFFSET 0.0414 0.0000 0.0000
									CHANNELS 3 Yrotation Xrotation Zrotation
									JOINT LeftHandMiddle3
									{
										OFFSET 0.0252 0.0000 0.0000
										CHANNELS 3 Yrotation Xrotation Zrotation
									}
								}
							}
							JOINT LeftHandPinky1
							{
								OFFSET 0.0713 0.0000 -0.0328
								CHANNELS 3 Yrotation Xrotation Zrotation
								JOINT LeftHandPinky2
								{
									OFFSET 0.0309 0.0000 0.0000
									CHANNELS 3 Yrotation Xrotation Zrotation
									JOINT LeftHandPinky3
									{
										OFFSET 0.0239 0.0000 0.0000
										CHANNELS 3 Yrotation Xrotation Zrotation
									}
								}
							}
							JOINT LeftHandRing1
							{
								OFFSET 0.0799 0.0000 -0.0109
								CHANNELS 3 Yrotation Xrotation Zrotation
								JOINT LeftHandRing2
								{
									OFFSET 0.0374 0.0000 0.0000
									CHANNELS 3 Yrotation Xrotation Zrotation
									JOINT LeftHandRing3
									{
										OFFSET 0.0255 0.0000 0.0000
										CHANNELS 3 Yrotation Xrotation Zrotation
									}
								}
							}
							JOINT LeftHandThumb1
							{
								OFFSET 0.0206 -0.0001 0.0517
								CHANNELS 3 Yrotation Xrotation Zrotation
								JOINT LeftHandThumb2
								{
									OFFSET 0.0328 0.0000 0.0000
									CHANNELS 3 Yrotation Xrotation Zrotation
									JOINT LeftHandThumb3
									{
										OFFSET 0.0260 0.0000 0.0000
										CHANNELS 3 Yrotation Xrotation Zrotation
									}
								}
							}
						}
					}
				}
			}
			JOINT RightShoulder
			{
				OFFSET -0.0380 0.2087 -0.0017
				CHANNELS 3 Yrotation Xrotation Zrotation
				JOINT RightArm
				{
					OFFSET -0.1028 0.0000 0.0000
					CHANNELS 3 Yrotation Xrotation Zrotation
					JOINT RightForeArm
					{
						OFFSET -0.2888 0.0000 0.0000
						CHANNELS 3 Yrotation Xrotation Zrotation
						JOINT RightHand
						{
							OFFSET -0.2596 0.0000 0.0000
							CHANNELS 3 Yrotation Xrotation Zrotation
							JOINT RightHandIndex1
							{
								OFFSET -0.0850 0.0000 0.0328
								CHANNELS 3 Yrotation Xrotation Zrotation
								JOINT RightHandIndex2
								{
									OFFSET -0.0372 0.0000 0.0000
									CHANNELS 3 Yrotation Xrotation Zrotation
									JOINT RightHandIndex3
									{
										OFFSET -0.0265 0.0000 0.0000
										CHANNELS 3 Yrotation Xrotation Zrotation
									}
								}
							}
							JOINT RightHandMiddle1
							{
								OFFSET -0.0850 0.0000 0.0109
								CHANNELS 3 Yrotation Xrotation Zrotation
								JOINT RightHandMiddle2
								{
									OFFSET -0.0414 0.0000 0.0000
									CHANNELS 3 Yrotation Xrotation Zrotation
									JOINT RightHandMiddle3
									{
										OFFSET -0.0252 0.0000 0.0000
										CHANNELS 3 Yrotation Xrotation Zrotation
									}
								}
							}
							JOINT RightHandPinky1
							{
								OFFSET -0.0720 0.0000 -0.0328
								CHANNELS 3 Yrotation Xrotation Zrotation
								JOINT RightHandPinky2
								{
									OFFSET -0.0309 0.0000 0.0000
									CHANNELS 3 Yrotation Xrotation Zrotation
									JOINT RightHandPinky3
									{
										OFFSET -0.0239 0.0000 0.0000
										CHANNELS 3 Yrotation Xrotation Zrotation
									}
								}
							}
							JOINT RightHandRing1
							{
								OFFSET -0.0807 0.0000 -0.0109
								CHANNELS 3 Yrotation Xrotation Zrotation
								JOINT RightHandRing2
								{
									OFFSET -0.0374 0.0000 0.0000
									CHANNELS 3 Yrotation Xrotation Zrotation
									JOINT RightHandRing3
									{
										OFFSET -0.0255 0.0000 0.0000
										CHANNELS 3 Yrotation Xrotation Zrotation
									}
								}
							}
							JOINT RightHandThumb1
							{
								OFFSET -0.0214 -0.0001 0.0517
								CHANNELS 3 Yrotation Xrotation Zrotation
								JOINT RightHandThumb2
								{
									OFFSET -0.0328 0.0000 0.0000
									CHANNELS 3 Yrotation Xrotation Zrotation
									JOINT RightHandThumb3
									{
										OFFSET -0.0260 0.0000 0.0000
										CHANNELS 3 Yrotation Xrotation Zrotation
									}
								}
							}
						}
					}
				}
			}
		}
	}
	JOINT LeftUpLeg
	{
		OFFSET 0.0981 0.0000 0.0000
		CHANNELS 3 Yrotation Xrotation Zrotation
		JOINT LeftLeg
		{
			OFFSET 0.0000 -0.4020 0.0000
			CHANNELS 3 Yrotation Xrotation Zrotation
			JOINT LeftFoot
			{
				OFFSET 0.0000 -0.4028 0.0000
				CHANNELS 3 Yrotation Xrotation Zrotation
				JOINT LeftToeBase
				{
					OFFSET 0.0000 -0.0638 0.1471
					CHANNELS 3 Yrotation Xrotation Zrotation
				}
			}
		}
	}
	JOINT RightUpLeg
	{
		OFFSET -0.0955 0.0000 0.0000
		CHANNELS 3 Yrotation Xrotation Zrotation
		JOINT RightLeg
		{
			OFFSET 0.0000 -0.3912 0.0000
			CHANNELS 3 Yrotation Xrotation Zrotation
			JOINT RightFoot
			{
				OFFSET 0.0000 -0.3920 0.0000
				CHANNELS 3 Yrotation Xrotation Zrotation
				JOINT RightToeBase
				{
					OFFSET 0.0000 -0.0620 0.1432
					CHANNELS 3 Yrotation Xrotation Zrotation
				}
			}
		}
	}
}
MOTION
Frames: 442
Frame Time: 0.0166667
-0.0498 0.8600 0.0344 3.3343 357.0465 358.6569 1.6470 353.6047 358.6235 0.7511 5.3804 3.8927 1.4453 4.6328 0.3661 1.4271 0.4358 1.2806 353.0594 4.9422 3.1250 317.2174 4.1619 280.3922 341.1757 334.4637 1.7880 9.5130 357.2094 2.4063 0.0000 0.0000 0.0000 0.0000 0.0000 0.0000 0.0000 0.0000 0.0000 0.0000 0.0000 0.0000 0.0000 0.0000 0.0000 0.0000 0.0000 0.0000 0.0000 0.0000 0.0000 0.0000 0.0000 0.0000 0.0000 0.0000 0.0000 0.0000 0.0000 0.0000 0.0000 0.0000 0.0000 0.0000 0.0000 0.0000 0.0000 0.0000 0.0000 0.0000 0.0000 0.0000 0.0000 0.0000 0.0000 1.9404 7.5483 359.3862 46.7387 5.7928 67.6114 19.4176 349.8784 358.2054 348.8208 356.3657 2.6613 0.0000 0.0000 0.0000 0.0000 0.0000 0.0000 0.0000 0.0000 0.0000 0.0000 0.0000 0.0000 0.0000 0.0000 0.0000 0.0000 0.0000 0.0000 0.0000 0.0000 0.0000 0.0000 0.0000 0.0000 0.0000 0.0000 0.0000 0.0000 0.0000 0.0000 0.0000 0.0000 0.0000 0.0000 0.0000 0.0000 0.0000 0.0000 0.0000 0.0000 0.0000 0.0000 0.0000 0.0000 0.0000 3.2915 357.6599 5.4438 3.5631 18.6755 1.0628 0.7645 356.5343 357.0215 355.3915 359.7733 359.9554 355.7914 0.4880 354.8120 0.7107 17.4376 5.0428 349.8496 357.9246 1.9332 2.3053 359.6262 359.5729 
-0.0496 0.8600 0.0343 3.3323 357.0381 358.6575 1.6464 353.6194 358.6351 0.7507 5.3871 3.8956 1.4383 4.6338 0.3544 1.4297 0.4378 1.2777 353.0573 4.9464 3.1196 317.2007 4.1593 280.4113 341.1785 334.4635 1.7892 9.5104 357.2062 2.4184 0.0000 0.0000 0.0000 0.0000 0.0000 0.0000 0.0000 0.0000 0.0000 0.0000 0.0000 0.0000 0.0000 0.0000 0.0000 0.0000 0.0000 0.0000 0.0000 0.0000 0.0000 0.0000 0.0000 0.0000 0.0000 0.0000 0.0000 0.0000 0.0000 0.0000 0.0000 0.0000 0.0000 0.0000 0.0000 0.0000 0.0000 0.0000 0.0000 0.0000 0.0000 0.0000 0.0000 0.0000 0.0000 1.9395 7.5484 359.3913 46.7490 5.7734 67.6061 19.4296 349.8946 358.2136 348.8163 356.3638 2.6440 0.0000 0.0000 0.0000 0.0000 0.0000 0.0000 0.0000 0.0000 0.0000 0.0000 0.0000 0.0000 0.0000 0.0000 0.0000 0.0000 0.0000 0.0000 0.0000 0.0000 0.0000 0.0000 0.0000 0.0000 0.0000 0.0000 0.0000 0.0000 0.0000 0.0000 0.0000 0.0000 0.0000 0.0000 0.0000 0.0000 0.0000 0.0000 0.0000 0.0000 0.0000 0.0000 0.0000 0.0000 0.0000 3.2922 357.6706 5.4196 3.5891 18.6775 1.0466 0.7969 356.5020 357.0590 355.3897 359.7759 359.9570 355.7785 0.4893 354.7823 0.7427 17.4491 5.0398 349.8625 357.9705 1.9819 2.3057 359.6236 359.5728 
-0.0496 0.8600 0.0346 3.3059 357.0385 358.6586 1.6506 353.5872 358.6139 0.7510 5.3895 3.8903 1.4416 4.6306 0.3788 1.4229 0.4549 1.2811 353.0602 4.9517 3.1140 317.2069 4.1675 280.3567 341.1871 334.4804 1.7680 9.5216 357.2131 2.4002 0.0000 0.0000 0.0000 0.0000 0.0000 0.0000 0.0000 0.0000 0.0000 0.0000 0.0000 0.0000 0.0000 0.0000 0.0000 0.0000 0.0000 0.0000 0.0000 0.0000 0.0000 0.0000 0.0000 0.0000 0.0000 0.0000 0.0000 0.0000 0.0000 0.0000 0.0000 0.0000 0.0000 0.0000 0.0000 0.0000 0.0000 0.0000 0.0000 0.0000 0.0000 0.0000 0.0000 0.0000 0.0000 1.9350 7.5535 359.3955 46.7327 5.7852 67.6076 19.4439 349.9163 358.2284 348.8011 356.3665 2.6571 0.0000 0.0000 0.0000 0.0000 0.0000 0.0000 0.0000 0.0000 0.0000 0.0000 0.0000 0.0000 0.0000 0.0000 0.0000 0.0000 0.0000 0.0000 0.0000 0.0000 0.0000 0.0000 0.0000 0.0000 0.0000 0.0000 0.0000 0.0000 0.0000 0.0000 0.0000 0.0000 0.0000 0.0000 0.0000 0.0000 0.0000 0.0000 0.0000 0.0000 0.0000 0.0000 0.0000 0.0000 0.0000 3.2971 357.6897 5.4416 3.5088 18.6732 1.0551 0.7427 356.5407 356.9924 355.3870 359.7731 359.9561 355.7991 0.5133 354.8138 0.6844 17.4094 5.0482 349.8609 357.8399 1.8487 2.3158 359.6317 359.5702 
-0.0495 0.8600 0.0348 3.2795 357.0390 358.6597 1.6540 353.5753 358.6088 0.7513 5.3919 3.8851 1.4286 4.6298 0.3759 1.4161 0.4719 1.2844 353.0630 4.9569 3.1083 317.1943 4.1727 280.3237 341.1956 334.4951 1.7473 9.5290 357.2153 2.3996 0.0000 0.0000 0.0000 0.0000 0.0000 0.0000 0.0000 0.0000 0.0000 0.0000 0.0000 0.0000 0.0000 0.0000 0.0000 0.0000 0.0000 0.0000 0.0000 0.0000 0.0000 0.0000 0.0000 0.0000 0.0000 0.0000 0.0000 0.0000 0.0000 0.0000 0.0000 0.0000 0.0000 0.0000 0.0000 0.0000 0.0000 0.0000 0.0000 0.0000 0.0000 0.0000 0.0000 0.0000 0.0000 1.9306 7.5585 359.3998 46.7173 5.7955 67.6085 19.4467 349.9224 358.2351 348.7849 356.3688 2.6661 0.0000 0.0000 0.0000 0.0000 0.0000 0.0000 0.0000 0.0000 0.0000 0.0000 0.0000 0.0000 0.0000 0.0000 0.0000 0.0000 0.0000 0.0000 0.0000 0.0000 0.0000 0.0000 0.0000 0.0000 0.0000 0.0000 0.0000 0.0000 0.0000 0.0000 0.0000 0.0000 0.0000 0.0000 0.0000 0.0000 0.0000 0.0000 0.0000 0.0000 0.0000 0.0000 0.0000 0.0000 0.0000 3.3026 357.7187 5.4412 3.4966 18.6741 1.0211 0.7677 356.5005 357.0175 355.3843 359.7703 359.9553 355.8043 0.5388 354.8098 0.6964 17.3949 5.0500 349.8898 357.8183 1.8312 2.3259 359.6398 359.5674 
-0.0495 0.8600 0.0351 3.2532 357.0394 358.6607 1.6573 353.5634 358.6036 0.7516 5.3942 3.8798 1.4155 4.6290 0.3729 1.4093 0.4889 1.2877 353.0659 4.9621 3.1027 317.1817 4.1779 280.2906 341.2041 334.5098 1.7265 9.5365 357.2176 2.3990 0.0000 0.0000 0.0000 0.0000 0.0000 0.0000 0.0000 0.0000 0.0000 0.0000 0.0000 0.0000 0.0000 0.0000 0.0000 0.0000 0.0000 0.0000 0.0000 0.0000 0.0000 0.0000 0.0000 0.0000 0.0000 0.0000 0.0000 0.0000 0.0000 0.0000 0.0000 0.0000 0.0000 0.0000 0.0000 0.0000 0.0000 0.0000 0.0000 0.0000 0.0000 0.0000 0.0000 0.0000 0.0000 1.9262 7.5635 359.4041 46.7019 5.8058 67.6095 19.4495 349.9285 358.2418 348.7686 356.3710 2.6752 0.0000 0.0000 0.0000 0.0000 0.0000 0.0000 0.0000 0.0000 0.0000 0.0000 0.0000 0.0000 0.0000 0.0000 0.0000 0.0000 0.0000 0.0000 0.0000 0.0000 0.0000 0.0000 0.0000 0.0000 0.0000 0.0000 0.0000 0.0000 0.0000 0.0000 0.0000 0.0000 0.0000 0.0000 0.0000 0.0000 0.0000 0.0000 0.0000 0.0000 0.0000 0.0000 0.0000 0.0000 0.0000 3.3082 357.7477 5.4408 3.4845 18.6752 0.9871 0.7926 356.4600 357.0427 355.3816 359.7675 359.9544 355.8094 0.5644 354.8058 0.7084 17.3802 5.0518 349.9187 357.7970 1.8137 2.3359 359.6479 359.5648 
-0.0496 0.8600 0.0353 3.3117 357.0478 358.6544 1.6565 353.5752 358.6078 0.7521 5.3978 3.8801 1.4346 4.6337 0.3877 1.4098 0.4831 1.2928 353.0594 4.9651 3.0992 317.1832 4.1824 280.2914 341.1909 334.5182 1.7196 9.5484 357.2138 2.4115 0.0000 0.0000 0.0000 0.0000 0.0000 0.0000 0.0000 0.0000 0.0000 0.0000 0.0000 0.0000 0.0000 0.0000 0.0000 0.0000 0.0000 0.0000 0.0000 0.0000 0.0000 0.0000 0.0000 0.0000 0.0000 0.0000 0.0000 0.0000 0.0000 0.0000 0.0000 0.0000 0.0000 0.0000 0.0000 0.0000 0.0000 0.0000 0.0000 0.0000 0.0000 0.0000 0.0000 0.0000 0.0000 1.9287 7.5621 359.4029 46.7137 5.7983 67.6014 19.4511 349.9194 358.2322 348.7863 356.3633 2.6564 0.0000 0.0000 0.0000 0.0000 0.0000 0.0000 0.0000 0.0000 0.0000 0.0000 0.0000 0.0000 0.0000 0.0000 0.0000 0.0000 0.0000 0.0000 0.0000 0.0000 0.0000 0.0000 0.0000 0.0000 0.0000 0.0000 0.0000 0.0000 0.0000 0.0000 0.0000 0.0000 0.0000 0.0000 0.0000 0.0000 0.0000 0.0000 0.0000 0.0000 0.0000 0.0000 0.0000 0.0000 0.0000 3.3100 357.7460 5.4595 3.5549 18.6729 1.0805 0.6944 356.5017 356.9565 355.3804 359.7668 359.9552 355.8007 0.5614 354.8166 0.6825 17.4151 5.0474 349.8526 357.8278 1.8612 2.3190 359.6112 359.5762 
-0.0496 0.8600 0.0355 3.3140 357.0571 358.6504 1.6595 353.5733 358.6061 0.7527 5.4013 3.8804 1.4402 4.6377 0.3995 1.4069 0.4857 1.2996 353.0528 4.9681 3.0957 317.1820 4.1881 280.2849 341.1765 334.5248 1.7157 9.5602 357.2100 2.4240 0.0000 0.0000 0.0000 0.0000 0.0000 0.0000 0.0000 0.0000 0.0000 0.0000 0.0000 0.0000 0.0000 0.0000 0.0000 0.0000 0.0000 0.0000 0.0000 0.0000 0.0000 0.0000 0.0000 0.0000 0.0000 0.0000 0.0000 0.0000 0.0000 0.0000 0.0000 0.0000 0.0000 0.0000 0.0000 0.0000 0.0000 0.0000 0.0000 0.0000 0.0000 0.0000 0.0000 0.0000 0.0000 1.9312 7.5606 359.4016 46.7272 5.7898 67.5931 19.4522 349.9116 358.2229 348.7754 356.3594 2.6536 0.0000 0.0000 0.0000 0.0000 0.0000 0.0000 0.0000 0.0000 0.0000 0.0000 0.0000 0.0000 0.0000 0.0000 0.0000 0.0000 0.0000 0.0000 0.0000 0.0000 0.0000 0.0000 0.0000 0.0000 0.0000 0.0000 0.0000 0.0000 0.0000 0.0000 0.0000 0.0000 0.0000 0.0000 0.0000 0.0000 0.0000 0.0000 0.0000 0.0000 0.0000 0.0000 0.0000 0.0000 0.0000 3.3171 357.7715 5.4778 3.5899 18.6736 1.0748 0.6527 356.4520 356.9272 355.3792 359.7661 359.9560 355.7959 0.5777 354.8243 0.6850 17.4154 5.0474 349.8495 357.8119 1.8705 2.3289 359.5960 359.5804 
-0.0497 0.8600 0.0358 3.3163 357.0665 358.6464 1.6626 353.5714 358.6044 0.7532 5.4049 3.8807 1.4457 4.6416 0.4112 1.4040 0.4884 1.3064 353.0462 4.9711 3.0922 317.1808 4.1937 280.2783 341.1621 334.5313 1.7119 9.5720 357.2062 2.4365 0.0000 0.0000 0.0000 0.0000 0.0000 0.0000 0.0000 0.0000 0.0000 0.0000 0.0000 0.0000 0.0000 0.0000 0.0000 0.0000 0.0000 0.0000 0.0000 0.0000 0.0000 0.0000 0.0000 0.0000 0.0000 0.0000 0.0000 0.0000 0.0000 0.0000 0.0000 0.0000 0.0000 0.0000 0.0000 0.0000 0.0000 0.0000 0.0000 0.0000 0.0000 0.0000 0.0000 0.0000 0.0000 1.9338 7.5592 359.4004 46.7408 5.7812 67.5848 19.4533 349.9037 358.2137 348.7645 356.3556 2.6508 0.0000 0.0000 0.0000 0.0000 0.0000 0.0000 0.0000 0.0000 0.0000 0.0000 0.0000 0.0000 0.0000 0.0000 0.0000 0.0000 0.0000 0.0000 0.0000 0.0000 0.0000 0.0000 0.0000 0.0000 0.0000 0.0000 0.0000 0.0000 0.0000 0.0000 0.0000 0.0000 0.0000 0.0000 0.0000 0.0000 0.0000 0.0000 0.0000 0.0000 0.0000 0.0000 0.0000 0.0000 0.0000 3.3241 357.7969 5.4961 3.6250 18.6745 1.0690 0.6109 356.4023 356.8979 355.3780 359.7654 359.9568 355.7910 0.5939 354.8320 0.6875 17.4158 5.0473 349.8465 357.7960 1.8798 2.3388 359.5808 359.5847 
-0.0495 0.8600 0.0357 3.2982 357.0446 358.6478 1.6648 353.5818 358.5964 0.7548 5.4109 3.8835 1.4364 4.6512 0.4052 1.3993 0.5058 1.3111 353.0594 4.9713 3.0938 317.1880 4.1937 280.2848 341.1671 334.5313 1.7222 9.5477 357.2108 2.4372 0.0000 0.0000 0.0000 0.0000 0.0000 0.0000 0.0000 0.0000 0.0000 0.0000 0.0000 0.0000 0.0000 0.0000 0.0000 0.0000 0.0000 0.0000 0.0000 0.0000 0.0000 0.0000 0.0000 0.0000 0.0000 0.0000 0.0000 0.0000 0.0000 0.0000 0.0000 0.0000 0.0000 0.0000 0.0000 0.0000 0.0000 0.0000 0.0000 0.0000 0.0000 0.0000 0.0000 0.0000 0.0000 1.9319 7.5584 359.4040 46.7321 5.7882 67.5969 19.4408 349.9131 358.2163 348.7901 356.3625 2.6443 0.0000 0.0000 0.0000 0.0000 0.0000 0.0000 0.0000 0.0000 0.0000 0.0000 0.0000 0.0000 0.0000 0.0000 0.0000 0.0000 0.0000 0.0000 0.0000 0.0000 0.0000 0.0000 0.0000 0.0000 0.0000 0.0000 0.0000 0.0000 0.0000 0.0000 0.0000 0.0000 0.0000 0.0000 0.0000 0.0000 0.0000 0.0000 0.0000 0.0000 0.0000 0.0000 0.0000 0.0000 0.0000 3.3082 357.7694 5.4416 3.5694 18.6716 1.0939 0.7449 356.4728 356.9838 355.3668 359.7599 359.9613 355.7803 0.5808 354.8079 0.7114 17.4168 5.0536 349.8524 357.8787 1.8790 2.3242 359.6068 359.5723 
-0.0493 0.8600 0.0357 3.2984 357.0424 358.6407 1.6671 353.5923 358.5884 0.7564 5.4169 3.8863 1.4295 4.6624 0.4042 1.3945 0.5232 1.3157 353.0727 4.9715 3.0955 317.1953 4.1936 280.2913 341.1766 334.5275 1.7339 9.5328 357.2125 2.4479 0.0000 0.0000 0.0000 0.0000 0.0000 0.0000 0.0000 0.0000 0.0000 0.0000 0.0000 0.0000 0.0000 0.0000 0.0000 0.0000 0.0000 0.0000 0.0000 0.0000 0.0000 0.0000 0.0000 0.0000 0.0000 0.0000 0.0000 0.0000 0.0000 0.0000 0.0000 0.0000 0.0000 0.0000 0.0000 0.0000 0.0000 0.0000 0.0000 0.0000 0.0000 0.0000 0.0000 0.0000 0.0000 1.9300 7.5576 359.4075 46.7311 5.7904 67.6042 19.4281 349.9166 358.2188 348.7915 356.3609 2.6314 0.0000 0.0000 0.0000 0.0000 0.0000 0.0000 0.0000 0.0000 0.0000 0.0000 0.0000 0.0000 0.0000 0.0000 0.0000 0.0000 0.0000 0.0000 0.0000 0.0000 0.0000 0.0000 0.0000 0.0000 0.0000 0.0000 0.0000 0.0000 0.0000 0.0000 0.0000 0.0000 0.0000 0.0000 0.0000 0.0000 0.0000 0.0000 0.0000 0.0000 0.0000 0.0000 0.0000 0.0000 0.0000 3.3030 357.7809 5.4151 3.6006 18.6710 1.1046 0.7709 356.4146 356.9939 355.3557 359.7544 359.9657 355.7653 0.5820 354.7905 0.7353 17.4181 5.0600 349.8526 357.9321 1.8952 2.3328 359.5971 359.5698 
-0.0491 0.8600 0.0357 3.2985 357.0403 358.6337 1.6694 353.6027 358.5804 0.7579 5.4229 3.8890 1.4226 4.6737 0.4033 1.3897 0.5406 1.3204 353.0859 4.9717 3.0971 317.2025 4.1936 280.2978 341.1861 334.5237 1.7456 9.5180 357.2141 2.4586 0.0000 0.0000 0.0000 0.0000 0.0000 0.0000 0.0000 0.0000 0.0000 0.0000 0.0000 0.0000 0.0000 0.0000 0.0000 0.0000 0.0000 0.0000 0.0000 0.0000 0.0000 0.0000 0.0000 0.0000 0.0000 0.0000 0.0000 0.0000 0.0000 0.0000 0.0000 0.0000 0.0000 0.0000 0.0000 0.0000 0.0000 0.0000 0.0000 0.0000 0.0000 0.0000 0.0000 0.0000 0.0000 1.9281 7.5568 359.4111 46.7302 5.7925 67.6116 19.4153 349.9203 358.2214 348.7928 356.3592 2.6186 0.0000 0.0000 0.0000 0.0000 0.0000 0.0000 0.0000 0.0000 0.0000 0.0000 0.0000 0.0000 0.0000 0.0000 0.0000 0.0000 0.0000 0.0000 0.0000 0.0000 0.0000 0.0000 0.0000 0.0000 0.0000 0.0000 0.0000 0.0000 0.0000 0.0000 0.0000 0.0000 0.0000 0.0000 0.0000 0.0000 0.0000 0.0000 0.0000 0.0000 0.0000 0.0000 0.0000 0.0000 0.0000 3.2979 357.7924 5.3887 3.6317 18.6702 1.1153 0.7969 356.3566 357.0039 355.3445 359.7489 359.9702 355.7502 0.5834 354.7733 0.7592 17.4191 5.0663 349.8529 357.9858 1.9114 2.3414 359.5874 359.5674 
-0.0490 0.8600 0.0355 3.2947 357.0432 358.6334 1.6481 353.5836 358.5896 0.7564 5.4225 3.8915 1.4109 4.6896 0.4082 1.3825 0.5431 1.3271 353.0852 4.9758 3.1077 317.2028 4.2004 280.3091 341.1775 334.5231 1.7445 9.5398 357.2071 2.4621 0.0000 0.0000 0.0000 0.0000 0.0000 0.0000 0.0000 0.0000 0.0000 0.0000 0.0000 0.0000 0.0000 0.0000 0.0000 0.0000 0.0000 0.0000 0.0000 0.0000 0.0000 0.0000 0.0000 0.0000 0.0000 0.0000 0.0000 0.0000 0.0000 0.0000 0.0000 0.0000 0.0000 0.0000 0.0000 0.0000 0.0000 0.0000 0.0000 0.0000 0.0000 0.0000 0.0000 0.0000 0.0000 1.9298 7.5515 359.4096 46.7503 5.7622 67.6222 19.4188 349.9162 358.2256 348.7958 356.3592 2.6045 0.0000 0.0000 0.0000 0.0000 0.0000 0.0000 0.0000 0.0000 0.0000 0.0000 0.0000 0.0000 0.0000 0.0000 0.0000 0.0000 0.0000 0.0000 0.0000 0.0000 0.0000 0.0000 0.0000 0.0000 0.0000 0.0000 0.0000 0.0000 0.0000 0.0000 0.0000 0.0000 0.0000 0.0000 0.0000 0.0000 0.0000 0.0000 0.0000 0.0000 0.0000 0.0000 0.0000 0.0000 0.0000 3.3161 357.7507 5.4316 3.5656 18.6719 1.0918 0.7318 356.5152 356.9860 355.3662 359.7593 359.9607 355.7819 0.5513 354.7846 0.7466 17.4166 5.0515 349.8935 357.9000 1.8595 2.3109 359.6161 359.5644 
-0.0488 0.8600 0.0353 3.2908 357.0461 358.6330 1.6312 353.5846 358.5835 0.7549 5.4220 3.8941 1.4079 4.6913 0.4143 1.3771 0.5388 1.3321 353.0782 4.9798 3.1175 317.2031 4.2072 280.3204 341.1712 334.5228 1.7467 9.5437 357.2021 2.4786 0.0000 0.0000 0.0000 0.0000 0.0000 0.0000 0.0000 0.0000 0.0000 0.0000 0.0000 0.0000 0.0000 0.0000 0.0000 0.0000 0.0000 0.0000 0.0000 0.0000 0.0000 0.0000 0.0000 0.0000 0.0000 0.0000 0.0000 0.0000 0.0000 0.0000 0.0000 0.0000 0.0000 0.0000 0.0000 0.0000 0.0000 0.0000 0.0000 0.0000 0.0000 0.0000 0.0000 0.0000 0.0000 1.9315 7.5462 359.4082 46.7703 5.7319 67.6329 19.4286 349.9102 358.2284 348.7987 356.3594 2.5919 0.0000 0.0000 0.0000 0.0000 0.0000 0.0000 0.0000 0.0000 0.0000 0.0000 0.0000 0.0000 0.0000 0.0000 0.0000 0.0000 0.0000 0.0000 0.0000 0.0000 0.0000 0.0000 0.0000 0.0000 0.0000 0.0000 0.0000 0.0000 0.0000 0.0000 0.0000 0.0000 0.0000 0.0000 0.0000 0.0000 0.0000 0.0000 0.0000 0.0000 0.0000 0.0000 0.0000 0.0000 0.0000 3.3234 357.7338 5.4178 3.5795 18.6713 1.0958 0.7330 356.5258 356.9937 355.3658 359.7589 359.9600 355.7899 0.5214 354.7688 0.7746 17.4160 5.0475 349.9348 357.9448 1.8472 2.3024 359.6199 359.5552 
-0.0487 0.8600 0.0351 3.2869 357.0491 358.6327 1.6142 353.5855 358.5774 0.7534 5.4216 3.8966 1.4049 4.6930 0.4204 1.3716 0.5346 1.3370 353.0711 4.9838 3.1273 317.2034 4.2140 280.3318 341.1650 334.5225 1.7491 9.5474 357.1971 2.4951 0.0000 0.0000 0.0000 0.0000 0.0000 0.0000 0.0000 0.0000 0.0000 0.0000 0.0000 0.0000 0.0000 0.0000 0.0000 0.0000 0.0000 0.0000 0.0000 0.0000 0.0000 0.0000 0.0000 0.0000 0.0000 0.0000 0.0000 0.0000 0.0000 0.0000 0.0000 0.0000 0.0000 0.0000 0.0000 0.0000 0.0000 0.0000 0.0000 0.0000 0.0000 0.0000 0.0000 0.0000 0.0000 1.9333 7.5408 359.4067 46.7904 5.7016 67.6435 19.4385 349.9042 358.2312 348.8016 356.3596 2.5793 0.0000 0.0000 0.0000 0.0000 0.0000 0.0000 0.0000 0.0000 0.0000 0.0000 0.0000 0.0000 0.0000 0.0000 0.0000 0.0000 0.0000 0.0000 0.0000 0.0000 0.0000 0.0000 0.0000 0.0000 0.0000 0.0000 0.0000 0.0000 0.0000 0.0000 0.0000 0.0000 0.0000 0.0000 0.0000 0.0000 0.0000 0.0000 0.0000 0.0000 0.0000 0.0000 0.0000 0.0000 0.0000 3.3306 357.7167 5.4041 3.5934 18.6711 1.0997 0.7342 356.5363 357.0014 355.3655 359.7584 359.9593 355.7980 0.4914 354.7529 0.8026 17.4154 5.0435 349.9760 357.9896 1.8349 2.2938 359.6238 359.5460 
-0.0487 0.8600 0.0352 3.2747 357.0484 358.6303 1.6486 353.5842 358.5913 0.7559 5.4137 3.8865 1.3923 4.6967 0.4174 1.3714 0.5346 1.3343 353.0895 4.9774 3.1136 317.2117 4.2145 280.3195 341.1844 334.5305 1.7467 9.5392 357.2095 2.4702 0.0000 0.0000 0.0000 0.0000 0.0000 0.0000 0.0000 0.0000 0.0000 0.0000 0.0000 0.0000 0.0000 0.0000 0.0000 0.0000 0.0000 0.0000 0.0000 0.0000 0.0000 0.0000 0.0000 0.0000 0.0000 0.0000 0.0000 0.0000 0.0000 0.0000 0.0000 0.0000 0.0000 0.0000 0.0000 0.0000 0.0000 0.0000 0.0000 0.0000 0.0000 0.0000 0.0000 0.0000 0.0000 1.9314 7.5371 359.4061 46.7600 5.7173 67.6305 19.4302 349.8955 358.2259 348.7962 356.3570 2.5722 0.0000 0.0000 0.0000 0.0000 0.0000 0.0000 0.0000 0.0000 0.0000 0.0000 0.0000 0.0000 0.0000 0.0000 0.0000 0.0000 0.0000 0.0000 0.0000 0.0000 0.0000 0.0000 0.0000 0.0000 0.0000 0.0000 0.0000 0.0000 0.0000 0.0000 0.0000 0.0000 0.0000 0.0000 0.0000 0.0000 0.0000 0.0000 0.0000 0.0000 0.0000 0.0000 0.0000 0.0000 0.0000 3.3359 357.7283 5.4108 3.6078 18.6705 1.1053 0.7288 356.5102 356.9825 355.3689 359.7582 359.9608 355.7993 0.5323 354.7774 0.7496 17.4149 5.0527 349.8767 357.8813 1.8642 2.3177 359.6124 359.5717 
-0.0488 0.8600 0.0353 3.2624 357.0478 358.6278 1.6468 353.5849 358.5921 0.7583 5.4058 3.8765 1.3798 4.7005 0.4143 1.3711 0.5346 1.3316 353.0960 4.9777 3.1165 317.2206 4.2261 280.3258 341.2039 334.5331 1.7449 9.5396 357.2106 2.4826 0.0000 0.0000 0.0000 0.0000 0.0000 0.0000 0.0000 0.0000 0.0000 0.0000 0.0000 0.0000 0.0000 0.0000 0.0000 0.0000 0.0000 0.0000 0.0000 0.0000 0.0000 0.0000 0.0000 0.0000 0.0000 0.0000 0.0000 0.0000 0.0000 0.0000 0.0000 0.0000 0.0000 0.0000 0.0000 0.0000 0.0000 0.0000 0.0000 0.0000 0.0000 0.0000 0.0000 0.0000 0.0000 1.9296 7.5333 359.4055 46.7335 5.7273 67.6195 19.4219 349.8873 358.2205 348.7918 356.3544 2.5607 0.0000 0.0000 0.0000 0.0000 0.0000 0.0000 0.0000 0.0000 0.0000 0.0000 0.0000 0.0000 0.0000 0.0000 0.0000 0.0000 0.0000 0.0000 0.0000 0.0000 0.0000 0.0000 0.0000 0.0000 0.0000 0.0000 0.0000 0.0000 0.0000 0.0000 0.0000 0.0000 0.0000 0.0000 0.0000 0.0000 0.0000 0.0000 0.0000 0.0000 0.0000 0.0000 0.0000 0.0000 0.0000 3.3418 357.7386 5.4164 3.6209 18.6699 1.1105 0.7259 356.5052 356.9791 355.3723 359.7581 359.9623 355.8103 0.5373 354.7828 0.7626 17.4132 5.0525 349.8752 357.8790 1.8642 2.3172 359.6121 359.5711 
-0.0488 0.8600 0.0354 3.2502 357.0471 358.6254 1.6451 353.5856 358.5930 0.7608 5.3979 3.8664 1.3673 4.7043 0.4113 1.3708 0.5346 1.3289 353.1025 4.9781 3.1194 317.2294 4.2378 280.3321 341.2233 334.5357 1.7430 9.5400 357.2116 2.4951 0.0000 0.0000 0.0000 0.0000 0.0000 0.0000 0.0000 0.0000 0.0000 0.0000 0.0000 0.0000 0.0000 0.0000 0.0000 0.0000 0.0000 0.0000 0.0000 0.0000 0.0000 0.0000 0.0000 0.0000 0.0000 0.0000 0.0000 0.0000 0.0000 0.0000 0.0000 0.0000 0.0000 0.0000 0.0000 0.0000 0.0000 0.0000 0.0000 0.0000 0.0000 0.0000 0.0000 0.0000 0.0000 1.9278 7.5296 359.4048 46.7069 5.7373 67.6086 19.4135 349.8789 358.2150 348.7875 356.3518 2.5492 0.0000 0.0000 0.0000 0.0000 0.0000 0.0000 0.0000 0.0000 0.0000 0.0000 0.0000 0.0000 0.0000 0.0000 0.0000 0.0000 0.0000 0.0000 0.0000 0.0000 0.0000 0.0000 0.0000 0.0000 0.0000 0.0000 0.0000 0.0000 0.0000 0.0000 0.0000 0.0000 0.0000 0.0000 0.0000 0.0000 0.0000 0.0000 0.0000 0.0000 0.0000 0.0000 0.0000 0.0000 0.0000 3.3477 357.7488 5.4221 3.6340 18.6691 1.1156 0.7229 356.5003 356.9756 355.3756 359.7579 359.9639 355.8212 0.5423 354.7883 0.7756 17.4114 5.0523 349.8736 357.8767 1.8643 2.3167 359.6118 359.5705 
-0.0487 0.8600 0.0354 3.2392 357.0421 358.6220 1.6432 353.5833 358.5911 0.7536 5.4263 3.8944 1.3843 4.7088 0.4206 1.3658 0.5444 1.3361 353.0903 4.9805 3.1139 317.2295 4.2407 280.3219 341.1965 334.5422 1.7361 9.5405 357.2094 2.4796 0.0000 0.0000 0.0000 0.0000 0.0000 0.0000 0.0000 0.0000 0.0000 0.0000 0.0000 0.0000 0.0000 0.0000 0.0000 0.0000 0.0000 0.0000 0.0000 0.0000 0.0000 0.0000 0.0000 0.0000 0.0000 0.0000 0.0000 0.0000 0.0000 0.0000 0.0000 0.0000 0.0000 0.0000 0.0000 0.0000 0.0000 0.0000 0.0000 0.0000 0.0000 0.0000 0.0000 0.0000 0.0000 1.9241 7.5303 359.4097 46.6940 5.7408 67.6019 19.4172 349.8706 358.2066 348.7887 356.3541 2.5459 0.0000 0.0000 0.0000 0.0000 0.0000 0.0000 0.0000 0.0000 0.0000 0.0000 0.0000 0.0000 0.0000 0.0000 0.0000 0.0000 0.0000 0.0000 0.0000 0.0000 0.0000 0.0000 0.0000 0.0000 0.0000 0.0000 0.0000 0.0000 0.0000 0.0000 0.0000 0.0000 0.0000 0.0000 0.0000 0.0000 0.0000 0.0000 0.0000 0.0000 0.0000 0.0000 0.0000 0.0000 0.0000 3.3537 357.7637 5.4242 3.6266 18.6696 1.1126 0.7223 356.4946 356.9802 355.3729 359.7591 359.9646 355.8183 0.5489 354.7910 0.7618 17.4179 5.0508 349.8683 357.8787 1.8698 2.3161 359.6096 359.5707 
-0.0487 0.8600 0.0355 3.2282 357.0370 358.6187 1.6413 353.5811 358.5891 0.7517 5.4376 3.9008 1.3790 4.7201 0.4244 1.3607 0.5542 1.3432 353.0781 4.9828 3.1084 317.2297 4.2437 280.3118 341.1758 334.5512 1.7289 9.5417 357.2089 2.4842 0.0000 0.0000 0.0000 0.0000 0.0000 0.0000 0.0000 0.0000 0.0000 0.0000 0.0000 0.0000 0.0000 0.0000 0.0000 0.0000 0.0000 0.0000 0.0000 0.0000 0.0000 0.0000 0.0000 0.0000 0.0000 0.0000 0.0000 0.0000 0.0000 0.0000 0.0000 0.0000 0.0000 0.0000 0.0000 0.0000 0.0000 0.0000 0.0000 0.0000 0.0000 0.0000 0.0000 0.0000 0.0000 1.9204 7.5311 359.4146 46.6771 5.7457 67.5936 19.4208 349.8609 358.1979 348.7846 356.3532 2.5285 0.0000 0.0000 0.0000 0.0000 0.0000 0.0000 0.0000 0.0000 0.0000 0.0000 0.0000 0.0000 0.0000 0.0000 0.0000 0.0000 0.0000 0.0000 0.0000 0.0000 0.0000 0.0000 0.0000 0.0000 0.0000 0.0000 0.0000 0.0000 0.0000 0.0000 0.0000 0.0000 0.0000 0.0000 0.0000 0.0000 0.0000 0.0000 0.0000 0.0000 0.0000 0.0000 0.0000 0.0000 0.0000 3.3627 357.7839 5.4293 3.6193 18.6701 1.1095 0.7218 356.4889 356.9848 355.3702 359.7602 359.9653 355.8129 0.5542 354.7925 0.7709 17.4213 5.0490 349.8630 357.8806 1.8753 2.3156 359.6074 359.5709 
-0.0486 0.8600 0.0356 3.2172 357.0319 358.6153 1.6394 353.5789 358.5872 0.7498 5.4489 3.9071 1.3737 4.7314 0.4282 1.3557 0.5641 1.3503 353.0658 4.9852 3.1029 317.2298 4.2466 280.3016 341.1552 334.5603 1.7216 9.5428 357.2083 2.4887 0.0000 0.0000 0.0000 0.0000 0.0000 0.0000 0.0000 0.0000 0.0000 0.0000 0.0000 0.0000 0.0000 0.0000 0.0000 0.0000 0.0000 0.0000 0.0000 0.0000 0.0000 0.0000 0.0000 0.0000 0.0000 0.0000 0.0000 0.0000 0.0000 0.0000 0.0000 0.0000 0.0000 0.0000 0.0000 0.0000 0.0000 0.0000 0.0000 0.0000 0.0000 0.0000 0.0000 0.0000 0.0000 1.9166 7.5319 359.4194 46.6603 5.7506 67.5854 19.4244 349.8514 358.1893 348.7804 356.3523 2.5110 0.0000 0.0000 0.0000 0.0000 0.0000 0.0000 0.0000 0.0000 0.0000 0.0000 0.0000 0.0000 0.0000 0.0000 0.0000 0.0000 0.0000 0.0000 0.0000 0.0000 0.0000 0.0000 0.0000 0.0000 0.0000 0.0000 0.0000 0.0000 0.0000 0.0000 0.0000 0.0000 0.0000 0.0000 0.0000 0.0000 0.0000 0.0000 0.0000 0.0000 0.0000 0.0000 0.0000 0.0000 0.0000 3.3717 357.8042 5.4343 3.6120 18.6704 1.1064 0.7212 356.4832 356.9893 355.3675 359.7614 359.9659 355.8074 0.5596 354.7939 0.7801 17.4246 5.0471 349.8577 357.8826 1.8808 2.3151 359.6052 359.5711 
-0.0485 0.8600 0.0356 3.2108 357.0446 358.6156 1.6350 353.5674 358.5832 0.7505 5.4501 3.9010 1.3741 4.7426 0.4240 1.3521 0.5907 1.3558 353.1010 4.9823 3.1014 317.2278 4.2536 280.3003 341.1785 334.5591 1.7168 9.5421 357.2088 2.4912 0.0000 0.0000 0.0000 0.0000 0.0000 0.0000 0.0000 0.0000 0.0000 0.0000 0.0000 0.0000 0.0000 0.0000 0.0000 0.0000 0.0000 0.0000 0.0000 0.0000 0.0000 0.0000 0.0000 0.0000 0.0000 0.0000 0.0000 0.0000 0.0000 0.0000 0.0000 0.0000 0.0000 0.0000 0.0000 0.0000 0.0000 0.0000 0.0000 0.0000 0.0000 0.0000 0.0000 0.0000 0.0000 1.9107 7.5334 359.4216 46.6660 5.7620 67.6098 19.4003 349.8655 358.2008 348.7710 356.3521 2.5330 0.0000 0.0000 0.0000 0.0000 0.0000 0.0000 0.0000 0.0000 0.0000 0.0000 0.0000 0.0000 0.0000 0.0000 0.0000 0.0000 0.0000 0.0000 0.0000 0.0000 0.0000 0.0000 0.0000 0.0000 0.0000 0.0000 0.0000 0.0000 0.0000 0.0000 0.0000 0.0000 0.0000 0.0000 0.0000 0.0000 0.0000 0.0000 0.0000 0.0000 0.0000 0.0000 0.0000 0.0000 0.0000 3.3657 357.7751 5.4197 3.6188 18.6703 1.1056 0.7231 356.4794 356.9956 355.3670 359.7616 359.9664 355.8196 0.5498 354.7774 0.7811 17.4231 5.0461 349.8781 357.8896 1.8879 2.3272 359.6101 359.5728 
-0.0484 0.8600 0.0356 3.2043 357.0573 358.6158 1.6306 353.5558 358.5791 0.7509 5.4529 3.8958 1.3738 4.7552 0.4204 1.3526 0.6093 1.3555 353.1151 4.9836 3.0903 317.2257 4.2605 280.2990 341.1989 334.5593 1.7110 9.5413 357.2092 2.4938 0.0000 0.0000 0.0000 0.0000 0.0000 0.0000 0.0000 0.0000 0.0000 0.0000 0.0000 0.0000 0.0000 0.0000 0.0000 0.0000 0.0000 0.0000 0.0000 0.0000 0.0000 0.0000 0.0000 0.0000 0.0000 0.0000 0.0000 0.0000 0.0000 0.0000 0.0000 0.0000 0.0000 0.0000 0.0000 0.0000 0.0000 0.0000 0.0000 0.0000 0.0000 0.0000 0.0000 0.0000 0.0000 1.9049 7.5349 359.4237 46.6544 5.7784 67.6258 19.3819 349.8644 358.1985 348.7548 356.3504 2.5259 0.0000 0.0000 0.0000 0.0000 0.0000 0.0000 0.0000 0.0000 0.0000 0.0000 0.0000 0.0000 0.0000 0.0000 0.0000 0.0000 0.0000 0.0000 0.0000 0.0000 0.0000 0.0000 0.0000 0.0000 0.0000 0.0000 0.0000 0.0000 0.0000 0.0000 0.0000 0.0000 0.0000 0.0000 0.0000 0.0000 0.0000 0.0000 0.0000 0.0000 0.0000 0.0000 0.0000 0.0000 0.0000 3.3707 357.7709 5.4112 3.6257 18.6703 1.1049 0.7249 356.4755 357.0018 355.3664 359.7617 359.9669 355.8318 0.5400 354.7609 0.7822 17.4216 5.0451 349.8983 357.8966 1.8950 2.3393 359.6150 359.5746 
-0.0483 0.8600 0.0357 3.1978 357.0699 358.6161 1.6262 353.5442 358.5750 0.7513 5.4557 3.8906 1.3735 4.7679 0.4167 1.3531 0.6280 1.3552 353.1291 4.9848 3.0792 317.2236 4.2675 280.2976 341.2192 334.5594 1.7052 9.5406 357.2096 2.4963 0.0000 0.0000 0.0000 0.0000 0.0000 0.0000 0.0000 0.0000 0.0000 0.0000 0.0000 0.0000 0.0000 0.0000 0.0000 0.0000 0.0000 0.0000 0.0000 0.0000 0.0000 0.0000 0.0000 0.0000 0.0000 0.0000 0.0000 0.0000 0.0000 0.0000 0.0000 0.0000 0.0000 0.0000 0.0000 0.0000 0.0000 0.0000 0.0000 0.0000 0.0000 0.0000 0.0000 0.0000 0.0000 1.8990 7.5364 359.4259 46.6428 5.7948 67.6417 19.3635 349.8634 358.1964 348.7385 356.3487 2.5188 0.0000 0.0000 0.0000 0.0000 0.0000 0.0000 0.0000 0.0000 0.0000 0.0000 0.0000 0.0000 0.0000 0.0000 0.0000 0.0000 0.0000 0.0000 0.0000 0.0000 0.0000 0.0000 0.0000 0.0000 0.0000 0.0000 0.0000 0.0000 0.0000 0.0000 0.0000 0.0000 0.0000 0.0000 0.0000 0.0000 0.0000 0.0000 0.0000 0.0000 0.0000 0.0000 0.0000 0.0000 0.0000 3.3758 357.7666 5.4028 3.6325 18.6703 1.1042 0.7268 356.4717 357.0081 355.3659 359.7620 359.9674 355.8440 0.5302 354.7444 0.7832 17.4200 5.0441 349.9186 357.9037 1.9020 2.3514 359.6199 359.5763 
-0.0482 0.8600 0.0355 3.1874 357.0611 358.5987 1.6405 353.5709 358.5872 0.7555 5.4618 3.9019 1.3772 4.7818 0.4191 1.3502 0.6330 1.3514 353.1129 4.9797 3.0903 317.2318 4.2604 280.3003 341.2032 334.5462 1.7172 9.5394 357.2067 2.5064 0.0000 0.0000 0.0000 0.0000 0.0000 0.0000 0.0000 0.0000 0.0000 0.0000 0.0000 0.0000 0.0000 0.0000 0.0000 0.0000 0.0000 0.0000 0.0000 0.0000 0.0000 0.0000 0.0000 0.0000 0.0000 0.0000 0.0000 0.0000 0.0000 0.0000 0.0000 0.0000 0.0000 0.0000 0.0000 0.0000 0.0000 0.0000 0.0000 0.0000 0.0000 0.0000 0.0000 0.0000 0.0000 1.9019 7.5372 359.4268 46.6670 5.7620 67.6321 19.3581 349.8915 358.2083 348.7712 356.3517 2.5290 0.0000 0.0000 0.0000 0.0000 0.0000 0.0000 0.0000 0.0000 0.0000 0.0000 0.0000 0.0000 0.0000 0.0000 0.0000 0.0000 0.0000 0.0000 0.0000 0.0000 0.0000 0.0000 0.0000 0.0000 0.0000 0.0000 0.0000 0.0000 0.0000 0.0000 0.0000 0.0000 0.0000 0.0000 0.0000 0.0000 0.0000 0.0000 0.0000 0.0000 0.0000 0.0000 0.0000 0.0000 0.0000 3.3743 357.7483 5.3997 3.6464 18.6701 1.1093 0.7326 356.4550 356.9933 355.3643 359.7612 359.9676 355.8189 0.5189 354.7646 0.7969 17.4218 5.0481 349.8990 357.9323 1.8960 2.3246 359.6069 359.5707 
-0.0481 0.8600 0.0354 3.1725 357.0682 358.5816 1.6450 353.5715 358.5901 0.7596 5.4680 3.9132 1.3813 4.7799 0.4261 1.3468 0.6207 1.3479 353.1070 4.9756 3.0933 317.2399 4.2534 280.3030 341.1881 334.5330 1.7290 9.5381 357.2038 2.5164 0.0000 0.0000 0.0000 0.0000 0.0000 0.0000 0.0000 0.0000 0.0000 0.0000 0.0000 0.0000 0.0000 0.0000 0.0000 0.0000 0.0000 0.0000 0.0000 0.0000 0.0000 0.0000 0.0000 0.0000 0.0000 0.0000 0.0000 0.0000 0.0000 0.0000 0.0000 0.0000 0.0000 0.0000 0.0000 0.0000 0.0000 0.0000 0.0000 0.0000 0.0000 0.0000 0.0000 0.0000 0.0000 1.9048 7.5380 359.4278 46.6830 5.7409 67.6339 19.3599 349.9177 358.2209 348.7696 356.3509 2.5243 0.0000 0.0000 0.0000 0.0000 0.0000 0.0000 0.0000 0.0000 0.0000 0.0000 0.0000 0.0000 0.0000 0.0000 0.0000 0.0000 0.0000 0.0000 0.0000 0.0000 0.0000 0.0000 0.0000 0.0000 0.0000 0.0000 0.0000 0.0000 0.0000 0.0000 0.0000 0.0000 0.0000 0.0000 0.0000 0.0000 0.0000 0.0000 0.0000 0.0000 0.0000 0.0000 0.0000 0.0000 0.0000 3.3729 357.7300 5.3965 3.6603 18.6698 1.1144 0.7385 356.4383 356.9785 355.3628 359.7604 359.9677 355.8109 0.4939 354.7617 0.8106 17.4235 5.0522 349.9110 357.9718 1.9011 2.3261 359.6054 359.5691 
-0.0480 0.8600 0.0353 3.1576 357.0752 358.5645 1.6494 353.5721 358.5931 0.7638 5.4741 3.9246 1.3854 4.7779 0.4331 1.3435 0.6084 1.3444 353.1011 4.9714 3.0963 317.2481 4.2463 280.3057 341.1731 334.5198 1.7407 9.5369 357.2008 2.5264 0.0000 0.0000 0.0000 0.0000 0.0000 0.0000 0.0000 0.0000 0.0000 0.0000 0.0000 0.0000 0.0000 0.0000 0.0000 0.0000 0.0000 0.0000 0.0000 0.0000 0.0000 0.0000 0.0000 0.0000 0.0000 0.0000 0.0000 0.0000 0.0000 0.0000 0.0000 0.0000 0.0000 0.0000 0.0000 0.0000 0.0000 0.0000 0.0000 0.0000 0.0000 0.0000 0.0000 0.0000 0.0000 1.9077 7.5388 359.4288 46.6989 5.7199 67.6357 19.3617 349.9439 358.2335 348.7678 356.3502 2.5195 0.0000 0.0000 0.0000 0.0000 0.0000 0.0000 0.0000 0.0000 0.0000 0.0000 0.0000 0.0000 0.0000 0.0000 0.0000 0.0000 0.0000 0.0000 0.0000 0.0000 0.0000 0.0000 0.0000 0.0000 0.0000 0.0000 0.0000 0.0000 0.0000 0.0000 0.0000 0.0000 0.0000 0.0000 0.0000 0.0000 0.0000 0.0000 0.0000 0.0000 0.0000 0.0000 0.0000 0.0000 0.0000 3.3715 357.7117 5.3934 3.6742 18.6697 1.1195 0.7443 356.4216 356.9638 355.3612 359.7596 359.9678 355.8029 0.4690 354.7588 0.8243 17.4252 5.0562 349.9231 358.0114 1.9061 2.3276 359.6039 359.5675 
-0.0480 0.8600 0.0353 3.1713 357.0740 358.6002 1.6381 353.5788 358.5927 0.7565 5.4618 3.9259 1.3715 4.7682 0.4242 1.3288 0.5858 1.3333 353.1023 4.9727 3.0961 317.2476 4.2391 280.3019 341.1925 334.5383 1.7274 9.5340 357.2011 2.5309 0.0000 0.0000 0.0000 0.0000 0.0000 0.0000 0.0000 0.0000 0.0000 0.0000 0.0000 0.0000 0.0000 0.0000 0.0000 0.0000 0.0000 0.0000 0.0000 0.0000 0.0000 0.0000 0.0000 0.0000 0.0000 0.0000 0.0000 0.0000 0.0000 0.0000 0.0000 0.0000 0.0000 0.0000 0.0000 0.0000 0.0000 0.0000 0.0000 0.0000 0.0000 0.0000 0.0000 0.0000 0.0000 1.9150 7.5498 359.4304 46.6902 5.7413 67.6384 19.3528 349.9366 358.2222 348.7626 356.3489 2.5116 0.0000 0.0000 0.0000 0.0000 0.0000 0.0000 0.0000 0.0000 0.0000 0.0000 0.0000 0.0000 0.0000 0.0000 0.0000 0.0000 0.0000 0.0000 0.0000 0.0000 0.0000 0.0000 0.0000 0.0000 0.0000 0.0000 0.0000 0.0000 0.0000 0.0000 0.0000 0.0000 0.0000 0.0000 0.0000 0.0000 0.0000 0.0000 0.0000 0.0000 0.0000 0.0000 0.0000 0.0000 0.0000 3.3863 357.7128 5.3821 3.6270 18.6663 1.1200 0.6776 356.4781 357.0367 355.3606 359.7569 359.9680 355.8218 0.4774 354.7558 0.8179 17.4321 5.0302 349.8910 357.8894 1.9429 2.3315 359.6002 359.5796 
-0.0479 0.8600 0.0353 3.1619 357.0852 358.6060 1.6268 353.5854 358.5923 0.7520 5.4536 3.9347 1.3576 4.7585 0.4152 1.3189 0.5810 1.3272 353.1035 4.9740 3.0959 317.2470 4.2319 280.2981 341.1951 334.5436 1.7270 9.5310 357.2014 2.5354 0.0000 0.0000 0.0000 0.0000 0.0000 0.0000 0.0000 0.0000 0.0000 0.0000 0.0000 0.0000 0.0000 0.0000 0.0000 0.0000 0.0000 0.0000 0.0000 0.0000 0.0000 0.0000 0.0000 0.0000 0.0000 0.0000 0.0000 0.0000 0.0000 0.0000 0.0000 0.0000 0.0000 0.0000 0.0000 0.0000 0.0000 0.0000 0.0000 0.0000 0.0000 0.0000 0.0000 0.0000 0.0000 1.9223 7.5609 359.4319 46.6874 5.7548 67.6419 19.3442 349.9346 358.2135 348.7573 356.3475 2.5038 0.0000 0.0000 0.0000 0.0000 0.0000 0.0000 0.0000 0.0000 0.0000 0.0000 0.0000 0.0000 0.0000 0.0000 0.0000 0.0000 0.0000 0.0000 0.0000 0.0000 0.0000 0.0000 0.0000 0.0000 0.0000 0.0000 0.0000 0.0000 0.0000 0.0000 0.0000 0.0000 0.0000 0.0000 0.0000 0.0000 0.0000 0.0000 0.0000 0.0000 0.0000 0.0000 0.0000 0.0000 0.0000 3.3990 357.6873 5.3662 3.6017 18.6626 1.1287 0.6261 356.4915 357.0714 355.3599 359.7541 359.9681 355.8302 0.4534 354.7490 0.8245 17.4405 5.0080 349.8847 357.8523 1.9905 2.3354 359.5964 359.5916 
-0.0479 0.8600 0.0352 3.1524 357.0964 358.6117 1.6154 353.5921 358.5918 0.7474 5.4453 3.9435 1.3436 4.7488 0.4063 1.3091 0.5761 1.3212 353.1046 4.9753 3.0957 317.2465 4.2247 280.2943 341.1978 334.5490 1.7267 9.5281 357.2016 2.5399 0.0000 0.0000 0.0000 0.0000 0.0000 0.0000 0.0000 0.0000 0.0000 0.0000 0.0000 0.0000 0.0000 0.0000 0.0000 0.0000 0.0000 0.0000 0.0000 0.0000 0.0000 0.0000 0.0000 0.0000 0.0000 0.0000 0.0000 0.0000 0.0000 0.0000 0.0000 0.0000 0.0000 0.0000 0.0000 0.0000 0.0000 0.0000 0.0000 0.0000 0.0000 0.0000 0.0000 0.0000 0.0000 1.9296 7.5719 359.4335 46.6847 5.7684 67.6453 19.3357 349.9327 358.2048 348.7521 356.3461 2.4959 0.0000 0.0000 0.0000 0.0000 0.0000 0.0000 0.0000 0.0000 0.0000 0.0000 0.0000 0.0000 0.0000 0.0000 0.0000 0.0000 0.0000 0.0000 0.0000 0.0000 0.0000 0.0000 0.0000 0.0000 0.0000 0.0000 0.0000 0.0000 0.0000 0.0000 0.0000 0.0000 0.0000 0.0000 0.0000 0.0000 0.0000 0.0000 0.0000 0.0000 0.0000 0.0000 0.0000 0.0000 0.0000 3.4117 357.6620 5.3503 3.5764 18.6588 1.1373 0.5745 356.5050 357.1061 355.3592 359.7513 359.9683 355.8386 0.4294 354.7422 0.8311 17.4488 4.9857 349.8784 357.8152 2.0381 2.3393 359.5927 359.6035 
-0.0478 0.8600 0.0352 3.2033 357.0893 358.6105 1.6262 353.5977 358.5949 0.7496 5.4493 3.9367 1.3381 4.7277 0.4111 1.3088 0.5498 1.3229 353.0948 4.9761 3.0936 317.2367 4.2179 280.2880 341.1776 334.5515 1.7168 9.5368 357.1998 2.5554 0.0000 0.0000 0.0000 0.0000 0.0000 0.0000 0.0000 0.0000 0.0000 0.0000 0.0000 0.0000 0.0000 0.0000 0.0000 0.0000 0.0000 0.0000 0.0000 0.0000 0.0000 0.0000 0.0000 0.0000 0.0000 0.0000 0.0000 0.0000 0.0000 0.0000 0.0000 0.0000 0.0000 0.0000 0.0000 0.0000 0.0000 0.0000 0.0000 0.0000 0.0000 0.0000 0.0000 0.0000 0.0000 1.9296 7.5525 359.4404 46.6829 5.7660 67.6534 19.3646 349.9226 358.2460 348.7447 356.3453 2.4922 0.0000 0.0000 0.0000 0.0000 0.0000 0.0000 0.0000 0.0000 0.0000 0.0000 0.0000 0.0000 0.0000 0.0000 0.0000 0.0000 0.0000 0.0000 0.0000 0.0000 0.0000 0.0000 0.0000 0.0000 0.0000 0.0000 0.0000 0.0000 0.0000 0.0000 0.0000 0.0000 0.0000 0.0000 0.0000 0.0000 0.0000 0.0000 0.0000 0.0000 0.0000 0.0000 0.0000 0.0000 0.0000 3.3826 357.6988 5.3692 3.6259 18.6694 1.1113 0.6886 356.4948 357.0018 355.3615 359.7517 359.9677 355.8202 0.4709 354.7414 0.7956 17.4224 5.0475 349.8918 357.9118 1.8645 2.3301 359.6040 359.5715 
-0.0478 0.8600 0.0352 3.2300 357.0939 358.6154 1.6265 353.6094 358.5976 0.7481 5.4467 3.9369 1.3320 4.7063 0.4157 1.3084 0.5235 1.3245 353.0849 4.9770 3.0914 317.2269 4.2111 280.2817 341.1575 334.5540 1.7070 9.5456 357.1980 2.5709 0.0000 0.0000 0.0000 0.0000 0.0000 0.0000 0.0000 0.0000 0.0000 0.0000 0.0000 0.0000 0.0000 0.0000 0.0000 0.0000 0.0000 0.0000 0.0000 0.0000 0.0000 0.0000 0.0000 0.0000 0.0000 0.0000 0.0000 0.0000 0.0000 0.0000 0.0000 0.0000 0.0000 0.0000 0.0000 0.0000 0.0000 0.0000 0.0000 0.0000 0.0000 0.0000 0.0000 0.0000 0.0000 1.9457 7.5575 359.4507 46.6812 5.7636 67.6614 19.3692 349.9084 358.2627 348.7373 356.3445 2.4885 0.0000 0.0000 0.0000 0.0000 0.0000 0.0000 0.0000 0.0000 0.0000 0.0000 0.0000 0.0000 0.0000 0.0000 0.0000 0.0000 0.0000 0.0000 0.0000 0.0000 0.0000 0.0000 0.0000 0.0000 0.0000 0.0000 0.0000 0.0000 0.0000 0.0000 0.0000 0.0000 0.0000 0.0000 0.0000 0.0000 0.0000 0.0000 0.0000 0.0000 0.0000 0.0000 0.0000 0.0000 0.0000 3.3786 357.6855 5.3569 3.6027 18.6695 1.1101 0.6692 356.5192 356.9874 355.3638 359.7521 359.9670 355.8166 0.4704 354.7287 0.7764 17.4167 5.0542 349.8870 357.9004 1.8296 2.3315 359.6051 359.5723 
-0.0477 0.8600 0.0351 3.2568 357.0986 358.6203 1.6269 353.6211 358.6003 0.7466 5.4441 3.9372 1.3260 4.6848 0.4202 1.3081 0.4972 1.3262 353.0751 4.9779 3.0892 317.2170 4.2043 280.2754 341.1374 334.5565 1.6971 9.5544 357.1962 2.5864 0.0000 0.0000 0.0000 0.0000 0.0000 0.0000 0.0000 0.0000 0.0000 0.0000 0.0000 0.0000 0.0000 0.0000 0.0000 0.0000 0.0000 0.0000 0.0000 0.0000 0.0000 0.0000 0.0000 0.0000 0.0000 0.0000 0.0000 0.0000 0.0000 0.0000 0.0000 0.0000 0.0000 0.0000 0.0000 0.0000 0.0000 0.0000 0.0000 0.0000 0.0000 0.0000 0.0000 0.0000 0.0000 1.9618 7.5625 359.4611 46.6794 5.7612 67.6694 19.3739 349.8941 358.2794 348.7300 356.3436 2.4847 0.0000 0.0000 0.0000 0.0000 0.0000 0.0000 0.0000 0.0000 0.0000 0.0000 0.0000 0.0000 0.0000 0.0000 0.0000 0.0000 0.0000 0.0000 0.0000 0.0000 0.0000 0.0000 0.0000 0.0000 0.0000 0.0000 0.0000 0.0000 0.0000 0.0000 0.0000 0.0000 0.0000 0.0000 0.0000 0.0000 0.0000 0.0000 0.0000 0.0000 0.0000 0.0000 0.0000 0.0000 0.0000 3.3746 357.6723 5.3445 3.5795 18.6694 1.1088 0.6499 356.5438 356.9729 355.3661 359.7525 359.9664 355.8129 0.4698 354.7160 0.7572 17.4112 5.0609 349.8820 357.8889 1.7946 2.3330 359.6061 359.5731 
-0.0476 0.8600 0.0351 3.2577 357.0977 358.6189 1.6265 353.6265 358.5949 0.7481 5.4486 3.9334 1.3416 4.7079 0.4174 1.3129 0.4892 1.3232 353.0731 4.9771 3.0869 317.2059 4.1893 280.2843 341.1472 334.5669 1.7019 9.5347 357.1978 2.5758 0.0000 0.0000 0.0000 0.0000 0.0000 0.0000 0.0000 0.0000 0.0000 0.0000 0.0000 0.0000 0.0000 0.0000 0.0000 0.0000 0.0000 0.0000 0.0000 0.0000 0.0000 0.0000 0.0000 0.0000 0.0000 0.0000 0.0000 0.0000 0.0000 0.0000 0.0000 0.0000 0.0000 0.0000 0.0000 0.0000 0.0000 0.0000 0.0000 0.0000 0.0000 0.0000 0.0000 0.0000 0.0000 1.9318 7.5551 359.4338 46.6736 5.7728 67.6712 19.3418 349.9065 358.2450 348.7329 356.3445 2.4851 0.0000 0.0000 0.0000 0.0000 0.0000 0.0000 0.0000 0.0000 0.0000 0.0000 0.0000 0.0000 0.0000 0.0000 0.0000 0.0000 0.0000 0.0000 0.0000 0.0000 0.0000 0.0000 0.0000 0.0000 0.0000 0.0000 0.0000 0.0000 0.0000 0.0000 0.0000 0.0000 0.0000 0.0000 0.0000 0.0000 0.0000 0.0000 0.0000 0.0000 0.0000 0.0000 0.0000 0.0000 0.0000 3.3815 357.6797 5.3389 3.6233 18.6695 1.1107 0.7021 356.4753 357.0101 355.3625 359.7538 359.9661 355.8173 0.4701 354.7109 0.7865 17.4211 5.0476 349.9006 357.9260 1.8910 2.3381 359.5941 359.5720 
-0.0474 0.8600 0.0351 3.2563 357.0966 358.6175 1.6260 353.6318 358.5895 0.7495 5.4532 3.9296 1.3527 4.7151 0.4179 1.3177 0.4904 1.3197 353.0712 4.9763 3.0846 317.2087 4.1841 280.3022 341.1500 334.5778 1.7034 9.5311 357.1962 2.5939 0.0000 0.0000 0.0000 0.0000 0.0000 0.0000 0.0000 0.0000 0.0000 0.0000 0.0000 0.0000 0.0000 0.0000 0.0000 0.0000 0.0000 0.0000 0.0000 0.0000 0.0000 0.0000 0.0000 0.0000 0.0000 0.0000 0.0000 0.0000 0.0000 0.0000 0.0000 0.0000 0.0000 0.0000 0.0000 0.0000 0.0000 0.0000 0.0000 0.0000 0.0000 0.0000 0.0000 0.0000 0.0000 1.9251 7.5550 359.4215 46.6677 5.7844 67.6730 19.3146 349.9048 358.2276 348.7359 356.3455 2.4855 0.0000 0.0000 0.0000 0.0000 0.0000 0.0000 0.0000 0.0000 0.0000 0.0000 0.0000 0.0000 0.0000 0.0000 0.0000 0.0000 0.0000 0.0000 0.0000 0.0000 0.0000 0.0000 0.0000 0.0000 0.0000 0.0000 0.0000 0.0000 0.0000 0.0000 0.0000 0.0000 0.0000 0.0000 0.0000 0.0000 0.0000 0.0000 0.0000 0.0000 0.0000 0.0000 0.0000 0.0000 0.0000 3.3868 357.6822 5.3286 3.6268 18.6695 1.1105 0.7052 356.4690 357.0105 355.3590 359.7552 359.9657 355.8206 0.4703 354.7018 0.7858 17.4222 5.0447 349.9057 357.9315 1.8907 2.3433 359.5819 359.5709 
-0.0472 0.8600 0.0351 3.2550 357.0957 358.6161 1.6256 353.6371 358.5842 0.7510 5.4578 3.9259 1.3638 4.7222 0.4185 1.3226 0.4916 1.3161 353.0692 4.9756 3.0824 317.2115 4.1789 280.3201 341.1528 334.5887 1.7049 9.5276 357.1945 2.6119 0.0000 0.0000 0.0000 0.0000 0.0000 0.0000 0.0000 0.0000 0.0000 0.0000 0.0000 0.0000 0.0000 0.0000 0.0000 0.0000 0.0000 0.0000 0.0000 0.0000 0.0000 0.0000 0.0000 0.0000 0.0000 0.0000 0.0000 0.0000 0.0000 0.0000 0.0000 0.0000 0.0000 0.0000 0.0000 0.0000 0.0000 0.0000 0.0000 0.0000 0.0000 0.0000 0.0000 0.0000 0.0000 1.9183 7.5549 359.4093 46.6619 5.7960 67.6748 19.2873 349.9030 358.2102 348.7388 356.3465 2.4859 0.0000 0.0000 0.0000 0.0000 0.0000 0.0000 0.0000 0.0000 0.0000 0.0000 0.0000 0.0000 0.0000 0.0000 0.0000 0.0000 0.0000 0.0000 0.0000 0.0000 0.0000 0.0000 0.0000 0.0000 0.0000 0.0000 0.0000 0.0000 0.0000 0.0000 0.0000 0.0000 0.0000 0.0000 0.0000 0.0000 0.0000 0.0000 0.0000 0.0000 0.0000 0.0000 0.0000 0.0000 0.0000 3.3922 357.6846 5.3183 3.6303 18.6695 1.1103 0.7082 356.4627 357.0109 355.3555 359.7566 359.9653 355.8238 0.4706 354.6926 0.7851 17.4232 5.0418 349.9107 357.9370 1.8904 2.3484 359.5699 359.5698 
-0.0473 0.8600 0.0348 3.2577 357.0872 358.6129 1.6206 353.6400 358.5847 0.7457 5.4500 3.9346 1.3553 4.7151 0.4190 1.3209 0.4802 1.3192 353.0593 4.9743 3.0813 317.1986 4.1660 280.3159 341.1423 334.5995 1.6964 9.5389 357.1981 2.5783 0.0000 0.0000 0.0000 0.0000 0.0000 0.0000 0.0000 0.0000 0.0000 0.0000 0.0000 0.0000 0.0000 0.0000 0.0000 0.0000 0.0000 0.0000 0.0000 0.0000 0.0000 0.0000 0.0000 0.0000 0.0000 0.0000 0.0000 0.0000 0.0000 0.0000 0.0000 0.0000 0.0000 0.0000 0.0000 0.0000 0.0000 0.0000 0.0000 0.0000 0.0000 0.0000 0.0000 0.0000 0.0000 1.9324 7.5538 359.4319 46.6794 5.7586 67.6785 19.3292 349.9374 358.2415 348.7329 356.3448 2.4749 0.0000 0.0000 0.0000 0.0000 0.0000 0.0000 0.0000 0.0000 0.0000 0.0000 0.0000 0.0000 0.0000 0.0000 0.0000 0.0000 0.0000 0.0000 0.0000 0.0000 0.0000 0.0000 0.0000 0.0000 0.0000 0.0000 0.0000 0.0000 0.0000 0.0000 0.0000 0.0000 0.0000 0.0000 0.0000 0.0000 0.0000 0.0000 0.0000 0.0000 0.0000 0.0000 0.0000 0.0000 0.0000 3.3932 357.6666 5.3186 3.6256 18.6694 1.1109 0.7079 356.4740 357.0101 355.3533 359.7547 359.9661 355.8227 0.4508 354.6964 0.7875 17.4236 5.0402 349.9094 357.9445 1.8885 2.3400 359.5895 359.5744 
-0.0473 0.8600 0.0346 3.2603 357.0788 358.6097 1.6155 353.6428 358.5853 0.7403 5.4423 3.9434 1.3466 4.7078 0.4196 1.3192 0.4688 1.3224 353.0493 4.9730 3.0803 317.1839 4.1566 280.3001 341.1317 334.6098 1.6884 9.5437 357.1987 2.5776 0.0000 0.0000 0.0000 0.0000 0.0000 0.0000 0.0000 0.0000 0.0000 0.0000 0.0000 0.0000 0.0000 0.0000 0.0000 0.0000 0.0000 0.0000 0.0000 0.0000 0.0000 0.0000 0.0000 0.0000 0.0000 0.0000 0.0000 0.0000 0.0000 0.0000 0.0000 0.0000 0.0000 0.0000 0.0000 0.0000 0.0000 0.0000 0.0000 0.0000 0.0000 0.0000 0.0000 0.0000 0.0000 1.9360 7.5524 359.4354 46.6914 5.7319 67.6840 19.3656 349.9712 358.2693 348.7270 356.3431 2.4639 0.0000 0.0000 0.0000 0.0000 0.0000 0.0000 0.0000 0.0000 0.0000 0.0000 0.0000 0.0000 0.0000 0.0000 0.0000 0.0000 0.0000 0.0000 0.0000 0.0000 0.0000 0.0000 0.0000 0.0000 0.0000 0.0000 0.0000 0.0000 0.0000 0.0000 0.0000 0.0000 0.0000 0.0000 0.0000 0.0000 0.0000 0.0000 0.0000 0.0000 0.0000 0.0000 0.0000 0.0000 0.0000 3.3942 357.6486 5.3189 3.6208 18.6694 1.1114 0.7076 356.4853 357.0092 355.3511 359.7529 359.9669 355.8216 0.4311 354.7002 0.7898 17.4238 5.0385 349.9081 357.9522 1.8866 2.3452 359.5775 359.5762 
-0.0473 0.8600 0.0343 3.2630 357.0704 358.6066 1.6104 353.6457 358.5859 0.7350 5.4346 3.9522 1.3379 4.7006 0.4202 1.3175 0.4574 1.3255 353.0392 4.9717 3.0792 317.1692 4.1472 280.2843 341.1212 334.6202 1.6804 9.5484 357.1992 2.5769 0.0000 0.0000 0.0000 0.0000 0.0000 0.0000 0.0000 0.0000 0.0000 0.0000 0.0000 0.0000 0.0000 0.0000 0.0000 0.0000 0.0000 0.0000 0.0000 0.0000 0.0000 0.0000 0.0000 0.0000 0.0000 0.0000 0.0000 0.0000 0.0000 0.0000 0.0000 0.0000 0.0000 0.0000 0.0000 0.0000 0.0000 0.0000 0.0000 0.0000 0.0000 0.0000 0.0000 0.0000 0.0000 1.9396 7.5511 359.4389 46.7034 5.7053 67.6894 19.4021 350.0050 358.2972 348.7211 356.3415 2.4529 0.0000 0.0000 0.0000 0.0000 0.0000 0.0000 0.0000 0.0000 0.0000 0.0000 0.0000 0.0000 0.0000 0.0000 0.0000 0.0000 0.0000 0.0000 0.0000 0.0000 0.0000 0.0000 0.0000 0.0000 0.0000 0.0000 0.0000 0.0000 0.0000 0.0000 0.0000 0.0000 0.0000 0.0000 0.0000 0.0000 0.0000 0.0000 0.0000 0.0000 0.0000 0.0000 0.0000 0.0000 0.0000 3.3952 357.6306 5.3191 3.6161 18.6695 1.1120 0.7073 356.4966 357.0084 355.3489 359.7511 359.9677 355.8205 0.4112 354.7040 0.7921 17.4242 5.0369 349.9067 357.9598 1.8846 2.3503 359.5655 359.5780 
-0.0473 0.8600 0.0342 3.2402 357.0912 358.6121 1.6179 353.6542 358.5918 0.7462 5.4343 3.9352 1.3334 4.6887 0.4163 1.3119 0.4487 1.3336 353.0373 4.9706 3.0775 317.1556 4.1357 280.2708 341.1122 334.6004 1.6877 9.5451 357.1986 2.5807 0.0000 0.0000 0.0000 0.0000 0.0000 0.0000 0.0000 0.0000 0.0000 0.0000 0.0000 0.0000 0.0000 0.0000 0.0000 0.0000 0.0000 0.0000 0.0000 0.0000 0.0000 0.0000 0.0000 0.0000 0.0000 0.0000 0.0000 0.0000 0.0000 0.0000 0.0000 0.0000 0.0000 0.0000 0.0000 0.0000 0.0000 0.0000 0.0000 0.0000 0.0000 0.0000 0.0000 0.0000 0.0000 1.9425 7.5518 359.4405 46.7122 5.6995 67.7094 19.4022 349.9931 358.3000 348.7158 356.3393 2.4434 0.0000 0.0000 0.0000 0.0000 0.0000 0.0000 0.0000 0.0000 0.0000 0.0000 0.0000 0.0000 0.0000 0.0000 0.0000 0.0000 0.0000 0.0000 0.0000 0.0000 0.0000 0.0000 0.0000 0.0000 0.0000 0.0000 0.0000 0.0000 0.0000 0.0000 0.0000 0.0000 0.0000 0.0000 0.0000 0.0000 0.0000 0.0000 0.0000 0.0000 0.0000 0.0000 0.0000 0.0000 0.0000 3.3930 357.6264 5.3212 3.6143 18.6697 1.1096 0.7072 356.4968 357.0169 355.3466 359.7503 359.9679 355.8161 0.4061 354.7055 0.7941 17.4251 5.0369 349.9052 357.9634 1.8908 2.3286 359.6105 359.5737 
-0.0473 0.8600 0.0342 3.2410 357.0918 358.6100 1.6255 353.6628 358.5976 0.7491 5.4219 3.9320 1.3290 4.6768 0.4125 1.3063 0.4400 1.3418 353.0353 4.9695 3.0757 317.1472 4.1275 280.2629 341.1048 334.5789 1.6963 9.5418 357.1981 2.5845 0.0000 0.0000 0.0000 0.0000 0.0000 0.0000 0.0000 0.0000 0.0000 0.0000 0.0000 0.0000 0.0000 0.0000 0.0000 0.0000 0.0000 0.0000 0.0000 0.0000 0.0000 0.0000 0.0000 0.0000 0.0000 0.0000 0.0000 0.0000 0.0000 0.0000 0.0000 0.0000 0.0000 0.0000 0.0000 0.0000 0.0000 0.0000 0.0000 0.0000 0.0000 0.0000 0.0000 0.0000 0.0000 1.9454 7.5525 359.4420 46.7170 5.7026 67.7276 19.4000 349.9788 358.3009 348.7054 356.3355 2.4246 0.0000 0.0000 0.0000 0.0000 0.0000 0.0000 0.0000 0.0000 0.0000 0.0000 0.0000 0.0000 0.0000 0.0000 0.0000 0.0000 0.0000 0.0000 0.0000 0.0000 0.0000 0.0000 0.0000 0.0000 0.0000 0.0000 0.0000 0.0000 0.0000 0.0000 0.0000 0.0000 0.0000 0.0000 0.0000 0.0000 0.0000 0.0000 0.0000 0.0000 0.0000 0.0000 0.0000 0.0000 0.0000 3.3907 357.6221 5.3232 3.6125 18.6700 1.1072 0.7071 356.4969 357.0254 355.3443 359.7495 359.9681 355.8118 0.4010 354.7071 0.7962 17.4260 5.0370 349.9038 357.9669 1.8969 2.3213 359.6215 359.5744 
-0.0473 0.8600 0.0341 3.2417 357.0923 358.6080 1.6330 353.6713 358.6035 0.7519 5.4095 3.9288 1.3245 4.6649 0.4087 1.3007 0.4313 1.3499 353.0334 4.9684 3.0739 317.1389 4.1194 280.2551 341.0974 334.5574 1.7048 9.5385 357.1975 2.5883 0.0000 0.0000 0.0000 0.0000 0.0000 0.0000 0.0000 0.0000 0.0000 0.0000 0.0000 0.0000 0.0000 0.0000 0.0000 0.0000 0.0000 0.0000 0.0000 0.0000 0.0000 0.0000 0.0000 0.0000 0.0000 0.0000 0.0000 0.0000 0.0000 0.0000 0.0000 0.0000 0.0000 0.0000 0.0000 0.0000 0.0000 0.0000 0.0000 0.0000 0.0000 0.0000 0.0000 0.0000 0.0000 1.9483 7.5532 359.4436 46.7219 5.7057 67.7459 19.3977 349.9644 358.3017 348.6950 356.3319 2.4059 0.0000 0.0000 0.0000 0.0000 0.0000 0.0000 0.0000 0.0000 0.0000 0.0000 0.0000 0.0000 0.0000 0.0000 0.0000 0.0000 0.0000 0.0000 0.0000 0.0000 0.0000 0.0000 0.0000 0.0000 0.0000 0.0000 0.0000 0.0000 0.0000 0.0000 0.0000 0.0000 0.0000 0.0000 0.0000 0.0000 0.0000 0.0000 0.0000 0.0000 0.0000 0.0000 0.0000 0.0000 0.0000 3.3885 357.6179 5.3252 3.6107 18.6702 1.1047 0.7070 356.4970 357.0338 355.3420 359.7487 359.9682 355.8075 0.3959 354.7086 0.7983 17.4269 5.0369 349.9023 357.9706 1.9031 2.3141 359.6325 359.5751 
-0.0473 0.8600 0.0341 3.2319 357.0813 358.6105 1.6167 353.6541 358.5966 0.7458 5.4315 3.9477 1.3201 4.6506 0.4136 1.2974 0.4296 1.3473 353.0366 4.9691 3.0748 317.1386 4.1190 280.2439 341.1037 334.6089 1.6840 9.5304 357.2062 2.5956 0.0000 0.0000 0.0000 0.0000 0.0000 0.0000 0.0000 0.0000 0.0000 0.0000 0.0000 0.0000 0.0000 0.0000 0.0000 0.0000 0.0000 0.0000 0.0000 0.0000 0.0000 0.0000 0.0000 0.0000 0.0000 0.0000 0.0000 0.0000 0.0000 0.0000 0.0000 0.0000 0.0000 0.0000 0.0000 0.0000 0.0000 0.0000 0.0000 0.0000 0.0000 0.0000 0.0000 0.0000 0.0000 1.9436 7.5509 359.4433 46.7035 5.7042 67.7120 19.4015 349.9786 358.3109 348.6982 356.3340 2.4151 0.0000 0.0000 0.0000 0.0000 0.0000 0.0000 0.0000 0.0000 0.0000 0.0000 0.0000 0.0000 0.0000 0.0000 0.0000 0.0000 0.0000 0.0000 0.0000 0.0000 0.0000 0.0000 0.0000 0.0000 0.0000 0.0000 0.0000 0.0000 0.0000 0.0000 0.0000 0.0000 0.0000 0.0000 0.0000 0.0000 0.0000 0.0000 0.0000 0.0000 0.0000 0.0000 0.0000 0.0000 0.0000 3.3874 357.6309 5.3233 3.6303 18.6696 1.1115 0.6837 356.5024 357.0066 355.3458 359.7379 359.9616 355.8087 0.4020 354.7079 0.8032 17.4266 5.0379 349.9008 357.9674 1.9022 2.3388 359.5917 359.5705 
-0.0473 0.8600 0.0341 3.2221 357.0702 358.6131 1.6144 353.6529 358.6007 0.7461 5.4253 3.9593 1.3168 4.6389 0.4195 1.2891 0.4203 1.3517 353.0398 4.9699 3.0757 317.1383 4.1186 280.2326 341.0994 334.6299 1.6755 9.5223 357.2149 2.6028 0.0000 0.0000 0.0000 0.0000 0.0000 0.0000 0.0000 0.0000 0.0000 0.0000 0.0000 0.0000 0.0000 0.0000 0.0000 0.0000 0.0000 0.0000 0.0000 0.0000 0.0000 0.0000 0.0000 0.0000 0.0000 0.0000 0.0000 0.0000 0.0000 0.0000 0.0000 0.0000 0.0000 0.0000 0.0000 0.0000 0.0000 0.0000 0.0000 0.0000 0.0000 0.0000 0.0000 0.0000 0.0000 1.9389 7.5486 359.4430 46.6903 5.7060 67.6976 19.4054 349.9936 358.3195 348.6908 356.3323 2.4052 0.0000 0.0000 0.0000 0.0000 0.0000 0.0000 0.0000 0.0000 0.0000 0.0000 0.0000 0.0000 0.0000 0.0000 0.0000 0.0000 0.0000 0.0000 0.0000 0.0000 0.0000 0.0000 0.0000 0.0000 0.0000 0.0000 0.0000 0.0000 0.0000 0.0000 0.0000 0.0000 0.0000 0.0000 0.0000 0.0000 0.0000 0.0000 0.0000 0.0000 0.0000 0.0000 0.0000 0.0000 0.0000 3.3864 357.6439 5.3214 3.6500 18.6688 1.1183 0.6605 356.5080 356.9793 355.3496 359.7272 359.9550 355.8100 0.4081 354.7072 0.8080 17.4263 5.0389 349.8993 357.9644 1.9012 2.3443 359.5800 359.5679 
-0.0474 0.8600 0.0341 3.2123 357.0591 358.6156 1.6122 353.6516 358.6048 0.7465 5.4190 3.9710 1.3134 4.6272 0.4253 1.2809 0.4110 1.3562 353.0431 4.9706 3.0766 317.1380 4.1182 280.2214 341.0951 334.6508 1.6668 9.5142 357.2235 2.6102 0.0000 0.0000 0.0000 0.0000 0.0000 0.0000 0.0000 0.0000 0.0000 0.0000 0.0000 0.0000 0.0000 0.0000 0.0000 0.0000 0.0000 0.0000 0.0000 0.0000 0.0000 0.0000 0.0000 0.0000 0.0000 0.0000 0.0000 0.0000 0.0000 0.0000 0.0000 0.0000 0.0000 0.0000 0.0000 0.0000 0.0000 0.0000 0.0000 0.0000 0.0000 0.0000 0.0000 0.0000 0.0000 1.9343 7.5463 359.4427 46.6771 5.7078 67.6831 19.4093 350.0086 358.3280 348.6833 356.3307 2.3952 0.0000 0.0000 0.0000 0.0000 0.0000 0.0000 0.0000 0.0000 0.0000 0.0000 0.0000 0.0000 0.0000 0.0000 0.0000 0.0000 0.0000 0.0000 0.0000 0.0000 0.0000 0.0000 0.0000 0.0000 0.0000 0.0000 0.0000 0.0000 0.0000 0.0000 0.0000 0.0000 0.0000 0.0000 0.0000 0.0000 0.0000 0.0000 0.0000 0.0000 0.0000 0.0000 0.0000 0.0000 0.0000 3.3854 357.6569 5.3195 3.6697 18.6682 1.1251 0.6372 356.5133 356.9521 355.3534 359.7164 359.9485 355.8113 0.4142 354.7065 0.8128 17.4259 5.0399 349.8978 357.9613 1.9003 2.3498 359.5684 359.5652 
-0.0472 0.8600 0.0341 3.2221 357.0738 358.6018 1.6179 353.6627 358.5999 0.7490 5.4266 3.9624 1.3113 4.6268 0.4210 1.2810 0.4087 1.3495 353.0419 4.9692 3.0786 317.1332 4.1118 280.2379 341.0960 334.6330 1.6516 9.5307 357.1995 2.6012 0.0000 0.0000 0.0000 0.0000 0.0000 0.0000 0.0000 0.0000 0.0000 0.0000 0.0000 0.0000 0.0000 0.0000 0.0000 0.0000 0.0000 0.0000 0.0000 0.0000 0.0000 0.0000 0.0000 0.0000 0.0000 0.0000 0.0000 0.0000 0.0000 0.0000 0.0000 0.0000 0.0000 0.0000 0.0000 0.0000 0.0000 0.0000 0.0000 0.0000 0.0000 0.0000 0.0000 0.0000 0.0000 1.9382 7.5466 359.4416 46.7069 5.7121 67.6911 19.3977 350.0112 358.3185 348.6877 356.3333 2.4043 0.0000 0.0000 0.0000 0.0000 0.0000 0.0000 0.0000 0.0000 0.0000 0.0000 0.0000 0.0000 0.0000 0.0000 0.0000 0.0000 0.0000 0.0000 0.0000 0.0000 0.0000 0.0000 0.0000 0.0000 0.0000 0.0000 0.0000 0.0000 0.0000 0.0000 0.0000 0.0000 0.0000 0.0000 0.0000 0.0000 0.0000 0.0000 0.0000 0.0000 0.0000 0.0000 0.0000 0.0000 0.0000 3.3942 357.6372 5.3135 3.6556 18.6686 1.1219 0.6966 356.4923 357.0214 355.3406 359.7361 359.9748 355.8111 0.4056 354.6964 0.8195 17.4266 5.0428 349.9067 357.9946 1.8951 2.3502 359.5959 359.5725 
-0.0470 0.8600 0.0340 3.2261 357.0793 358.5901 1.6237 353.6738 358.5951 0.7518 5.4296 3.9623 1.3091 4.6263 0.4166 1.2796 0.4047 1.3435 353.0408 4.9677 3.0806 317.1284 4.1055 280.2545 341.0988 334.6247 1.6399 9.5267 357.1973 2.6105 0.0000 0.0000 0.0000 0.0000 0.0000 0.0000 0.0000 0.0000 0.0000 0.0000 0.0000 0.0000 0.0000 0.0000 0.0000 0.0000 0.0000 0.0000 0.0000 0.0000 0.0000 0.0000 0.0000 0.0000 0.0000 0.0000 0.0000 0.0000 0.0000 0.0000 0.0000 0.0000 0.0000 0.0000 0.0000 0.0000 0.0000 0.0000 0.0000 0.0000 0.0000 0.0000 0.0000 0.0000 0.0000 1.9422 7.5469 359.4404 46.7204 5.7187 67.6814 19.3851 350.0097 358.3070 348.6858 356.3346 2.4050 0.0000 0.0000 0.0000 0.0000 0.0000 0.0000 0.0000 0.0000 0.0000 0.0000 0.0000 0.0000 0.0000 0.0000 0.0000 0.0000 0.0000 0.0000 0.0000 0.0000 0.0000 0.0000 0.0000 0.0000 0.0000 0.0000 0.0000 0.0000 0.0000 0.0000 0.0000 0.0000 0.0000 0.0000 0.0000 0.0000 0.0000 0.0000 0.0000 0.0000 0.0000 0.0000 0.0000 0.0000 0.0000 3.4020 357.6296 5.3058 3.6572 18.6684 1.1241 0.6946 356.4857 357.0186 355.3382 359.7259 359.9828 355.8110 0.3972 354.6863 0.8260 17.4269 5.0456 349.9156 358.0281 1.8898 2.3633 359.5964 359.5737 
-0.0468 0.8600 0.0340 3.2302 357.0847 358.5785 1.6295 353.6849 358.5902 0.7545 5.4326 3.9623 1.3069 4.6258 0.4123 1.2782 0.4007 1.3376 353.0397 4.9662 3.0826 317.1237 4.0991 280.2710 341.1015 334.6164 1.6281 9.5227 357.1952 2.6198 0.0000 0.0000 0.0000 0.0000 0.0000 0.0000 0.0000 0.0000 0.0000 0.0000 0.0000 0.0000 0.0000 0.0000 0.0000 0.0000 0.0000 0.0000 0.0000 0.0000 0.0000 0.0000 0.0000 0.0000 0.0000 0.0000 0.0000 0.0000 0.0000 0.0000 0.0000 0.0000 0.0000 0.0000 0.0000 0.0000 0.0000 0.0000 0.0000 0.0000 0.0000 0.0000 0.0000 0.0000 0.0000 1.9461 7.5472 359.4392 46.7340 5.7252 67.6717 19.3725 350.0083 358.2953 348.6839 356.3359 2.4057 0.0000 0.0000 0.0000 0.0000 0.0000 0.0000 0.0000 0.0000 0.0000 0.0000 0.0000 0.0000 0.0000 0.0000 0.0000 0.0000 0.0000 0.0000 0.0000 0.0000 0.0000 0.0000 0.0000 0.0000 0.0000 0.0000 0.0000 0.0000 0.0000 0.0000 0.0000 0.0000 0.0000 0.0000 0.0000 0.0000 0.0000 0.0000 0.0000 0.0000 0.0000 0.0000 0.0000 0.0000 0.0000 3.4098 357.6220 5.2980 3.6587 18.6684 1.1263 0.6925 356.4789 357.0158 355.3359 359.7157 359.9909 355.8108 0.3887 354.6763 0.8327 17.4275 5.0486 349.9245 358.0614 1.8846 2.3764 359.5970 359.5749 
-0.0469 0.8600 0.0338 3.2438 357.0656 358.5888 1.6283 353.6969 358.5969 0.7535 5.4307 3.9675 1.3033 4.6135 0.4149 1.2763 0.3877 1.3385 353.0338 4.9688 3.0792 317.1219 4.0909 280.2491 341.0944 334.6380 1.6342 9.5269 357.1967 2.6236 0.0000 0.0000 0.0000 0.0000 0.0000 0.0000 0.0000 0.0000 0.0000 0.0000 0.0000 0.0000 0.0000 0.0000 0.0000 0.0000 0.0000 0.0000 0.0000 0.0000 0.0000 0.0000 0.0000 0.0000 0.0000 0.0000 0.0000 0.0000 0.0000 0.0000 0.0000 0.0000 0.0000 0.0000 0.0000 0.0000 0.0000 0.0000 0.0000 0.0000 0.0000 0.0000 0.0000 0.0000 0.0000 1.9526 7.5486 359.4428 46.7337 5.7020 67.6897 19.3659 350.0016 358.3117 348.6829 356.3359 2.4001 0.0000 0.0000 0.0000 0.0000 0.0000 0.0000 0.0000 0.0000 0.0000 0.0000 0.0000 0.0000 0.0000 0.0000 0.0000 0.0000 0.0000 0.0000 0.0000 0.0000 0.0000 0.0000 0.0000 0.0000 0.0000 0.0000 0.0000 0.0000 0.0000 0.0000 0.0000 0.0000 0.0000 0.0000 0.0000 0.0000 0.0000 0.0000 0.0000 0.0000 0.0000 0.0000 0.0000 0.0000 0.0000 3.4096 357.6129 5.3051 3.6632 18.6684 1.1273 0.6888 356.4897 357.0146 355.3459 359.7223 359.9661 355.8042 0.3864 354.6911 0.8435 17.4312 5.0501 349.9023 357.9988 1.8976 2.3413 359.5939 359.5714 
-0.0470 0.8600 0.0336 3.2548 357.0528 358.5855 1.6266 353.7080 358.6040 0.7524 5.4289 3.9727 1.2997 4.6011 0.4175 1.2743 0.3747 1.3395 353.0280 4.9714 3.0758 317.1137 4.0741 280.2494 341.0940 334.6422 1.6117 9.5311 357.1982 2.6275 0.0000 0.0000 0.0000 0.0000 0.0000 0.0000 0.0000 0.0000 0.0000 0.0000 0.0000 0.0000 0.0000 0.0000 0.0000 0.0000 0.0000 0.0000 0.0000 0.0000 0.0000 0.0000 0.0000 0.0000 0.0000 0.0000 0.0000 0.0000 0.0000 0.0000 0.0000 0.0000 0.0000 0.0000 0.0000 0.0000 0.0000 0.0000 0.0000 0.0000 0.0000 0.0000 0.0000 0.0000 0.0000 1.9591 7.5500 359.4465 46.7505 5.6869 67.6956 19.3499 349.9933 358.3195 348.6819 356.3360 2.3945 0.0000 0.0000 0.0000 0.0000 0.0000 0.0000 0.0000 0.0000 0.0000 0.0000 0.0000 0.0000 0.0000 0.0000 0.0000 0.0000 0.0000 0.0000 0.0000 0.0000 0.0000 0.0000 0.0000 0.0000 0.0000 0.0000 0.0000 0.0000 0.0000 0.0000 0.0000 0.0000 0.0000 0.0000 0.0000 0.0000 0.0000 0.0000 0.0000 0.0000 0.0000 0.0000 0.0000 0.0000 0.0000 3.4115 357.6016 5.3100 3.6676 18.6683 1.1284 0.6851 356.5006 357.0134 355.3506 359.7053 359.9600 355.7975 0.3771 354.6976 0.8544 17.4350 5.0516 349.8982 358.0035 1.9000 2.3410 359.5923 359.5711 
-0.0470 0.8600 0.0334 3.2658 357.0400 358.5823 1.6249 353.7191 358.6112 0.7513 5.4271 3.9779 1.2961 4.5888 0.4201 1.2724 0.3617 1.3405 353.0221 4.9740 3.0725 317.1055 4.0574 280.2497 341.0936 334.6464 1.5893 9.5352 357.1996 2.6312 0.0000 0.0000 0.0000 0.0000 0.0000 0.0000 0.0000 0.0000 0.0000 0.0000 0.0000 0.0000 0.0000 0.0000 0.0000 0.0000 0.0000 0.0000 0.0000 0.0000 0.0000 0.0000 0.0000 0.0000 0.0000 0.0000 0.0000 0.0000 0.0000 0.0000 0.0000 0.0000 0.0000 0.0000 0.0000 0.0000 0.0000 0.0000 0.0000 0.0000 0.0000 0.0000 0.0000 0.0000 0.0000 1.9656 7.5514 359.4501 46.7672 5.6719 67.7014 19.3340 349.9850 358.3273 348.6810 356.3360 2.3890 0.0000 0.0000 0.0000 0.0000 0.0000 0.0000 0.0000 0.0000 0.0000 0.0000 0.0000 0.0000 0.0000 0.0000 0.0000 0.0000 0.0000 0.0000 0.0000 0.0000 0.0000 0.0000 0.0000 0.0000 0.0000 0.0000 0.0000 0.0000 0.0000 0.0000 0.0000 0.0000 0.0000 0.0000 0.0000 0.0000 0.0000 0.0000 0.0000 0.0000 0.0000 0.0000 0.0000 0.0000 0.0000 3.4135 357.5904 5.3149 3.6721 18.6683 1.1294 0.6814 356.5114 357.0122 355.3552 359.6883 359.9539 355.7908 0.3679 354.7041 0.8653 17.4385 5.0531 349.8940 358.0085 1.9024 2.3408 359.5907 359.5707 
-0.0472 0.8600 0.0334 3.2576 357.0440 358.5859 1.6260 353.6956 358.5999 0.7498 5.4251 3.9776 1.3044 4.6050 0.4192 1.2775 0.3745 1.3436 353.0302 4.9742 3.0753 317.0923 4.0587 280.2444 341.1037 334.6339 1.6236 9.5331 357.2003 2.6260 0.0000 0.0000 0.0000 0.0000 0.0000 0.0000 0.0000 0.0000 0.0000 0.0000 0.0000 0.0000 0.0000 0.0000 0.0000 0.0000 0.0000 0.0000 0.0000 0.0000 0.0000 0.0000 0.0000 0.0000 0.0000 0.0000 0.0000 0.0000 0.0000 0.0000 0.0000 0.0000 0.0000 0.0000 0.0000 0.0000 0.0000 0.0000 0.0000 0.0000 0.0000 0.0000 0.0000 0.0000 0.0000 1.9605 7.5495 359.4475 46.7718 5.6916 67.7145 19.3349 349.9974 358.3315 348.6759 356.3342 2.3813 0.0000 0.0000 0.0000 0.0000 0.0000 0.0000 0.0000 0.0000 0.0000 0.0000 0.0000 0.0000 0.0000 0.0000 0.0000 0.0000 0.0000 0.0000 0.0000 0.0000 0.0000 0.0000 0.0000 0.0000 0.0000 0.0000 0.0000 0.0000 0.0000 0.0000 0.0000 0.0000 0.0000 0.0000 0.0000 0.0000 0.0000 0.0000 0.0000 0.0000 0.0000 0.0000 0.0000 0.0000 0.0000 3.4142 357.5977 5.3258 3.6768 18.6683 1.1291 0.6691 356.5138 357.0134 355.3543 359.7361 359.9763 355.7950 0.3839 354.7153 0.8835 17.4364 5.0521 349.9138 357.9842 1.8936 2.3433 359.5880 359.5704 
-0.0474 0.8600 0.0334 3.2497 357.0316 358.5855 1.6240 353.6928 358.6021 0.7484 5.4231 3.9773 1.3113 4.6162 0.4193 1.2833 0.3920 1.3464 353.0382 4.9744 3.0781 317.0815 4.0647 280.2391 341.1131 334.6257 1.6252 9.5310 357.2009 2.6208 0.0000 0.0000 0.0000 0.0000 0.0000 0.0000 0.0000 0.0000 0.0000 0.0000 0.0000 0.0000 0.0000 0.0000 0.0000 0.0000 0.0000 0.0000 0.0000 0.0000 0.0000 0.0000 0.0000 0.0000 0.0000 0.0000 0.0000 0.0000 0.0000 0.0000 0.0000 0.0000 0.0000 0.0000 0.0000 0.0000 0.0000 0.0000 0.0000 0.0000 0.0000 0.0000 0.0000 0.0000 0.0000 1.9554 7.5476 359.4450 46.7839 5.7045 67.7302 19.3284 350.0058 358.3395 348.6709 356.3323 2.3735 0.0000 0.0000 0.0000 0.0000 0.0000 0.0000 0.0000 0.0000 0.0000 0.0000 0.0000 0.0000 0.0000 0.0000 0.0000 0.0000 0.0000 0.0000 0.0000 0.0000 0.0000 0.0000 0.0000 0.0000 0.0000 0.0000 0.0000 0.0000 0.0000 0.0000 0.0000 0.0000 0.0000 0.0000 0.0000 0.0000 0.0000 0.0000 0.0000 0.0000 0.0000 0.0000 0.0000 0.0000 0.0000 3.4150 357.6051 5.3367 3.6814 18.6684 1.1289 0.6568 356.5162 357.0146 355.3661 359.7376 359.9820 355.7968 0.3965 354.7289 0.9017 17.4344 5.0512 349.9335 357.9599 1.8848 2.3457 359.5852 359.5701 
-0.0475 0.8600 0.0334 3.2418 357.0193 358.5850 1.6219 353.6900 358.6042 0.7470 5.4211 3.9770 1.3183 4.6275 0.4194 1.2891 0.4095 1.3492 353.0463 4.9746 3.0808 317.0707 4.0707 280.2338 341.1225 334.6175 1.6268 9.5289 357.2015 2.6155 0.0000 0.0000 0.0000 0.0000 0.0000 0.0000 0.0000 0.0000 0.0000 0.0000 0.0000 0.0000 0.0000 0.0000 0.0000 0.0000 0.0000 0.0000 0.0000 0.0000 0.0000 0.0000 0.0000 0.0000 0.0000 0.0000 0.0000 0.0000 0.0000 0.0000 0.0000 0.0000 0.0000 0.0000 0.0000 0.0000 0.0000 0.0000 0.0000 0.0000 0.0000 0.0000 0.0000 0.0000 0.0000 1.9503 7.5457 359.4424 46.7961 5.7173 67.7459 19.3219 350.0143 358.3474 348.6659 356.3304 2.3659 0.0000 0.0000 0.0000 0.0000 0.0000 0.0000 0.0000 0.0000 0.0000 0.0000 0.0000 0.0000 0.0000 0.0000 0.0000 0.0000 0.0000 0.0000 0.0000 0.0000 0.0000 0.0000 0.0000 0.0000 0.0000 0.0000 0.0000 0.0000 0.0000 0.0000 0.0000 0.0000 0.0000 0.0000 0.0000 0.0000 0.0000 0.0000 0.0000 0.0000 0.0000 0.0000 0.0000 0.0000 0.0000 3.4157 357.6124 5.3475 3.6861 18.6685 1.1287 0.6445 356.5185 357.0158 355.3778 359.7390 359.9878 355.7987 0.4091 354.7425 0.9200 17.4324 5.0503 349.9532 357.9356 1.8760 2.3482 359.5825 359.5698 
-0.0478 0.8600 0.0335 3.2380 357.0078 358.5847 1.6197 353.6875 358.6037 0.7467 5.4125 3.9696 1.3149 4.6160 0.4215 1.2843 0.3972 1.3468 353.0451 4.9791 3.0837 317.0758 4.0749 280.2314 341.1164 334.6166 1.6320 9.5343 357.1997 2.6270 0.0000 0.0000 0.0000 0.0000 0.0000 0.0000 0.0000 0.0000 0.0000 0.0000 0.0000 0.0000 0.0000 0.0000 0.0000 0.0000 0.0000 0.0000 0.0000 0.0000 0.0000 0.0000 0.0000 0.0000 0.0000 0.0000 0.0000 0.0000 0.0000 0.0000 0.0000 0.0000 0.0000 0.0000 0.0000 0.0000 0.0000 0.0000 0.0000 0.0000 0.0000 0.0000 0.0000 0.0000 0.0000 1.9564 7.5399 359.4392 46.7854 5.7179 67.7366 19.3079 349.9854 358.3311 348.6685 356.3303 2.3651 0.0000 0.0000 0.0000 0.0000 0.0000 0.0000 0.0000 0.0000 0.0000 0.0000 0.0000 0.0000 0.0000 0.0000 0.0000 0.0000 0.0000 0.0000 0.0000 0.0000 0.0000 0.0000 0.0000 0.0000 0.0000 0.0000 0.0000 0.0000 0.0000 0.0000 0.0000 0.0000 0.0000 0.0000 0.0000 0.0000 0.0000 0.0000 0.0000 0.0000 0.0000 0.0000 0.0000 0.0000 0.0000 3.4145 357.6443 5.3803 3.6959 18.6680 1.1333 0.6344 356.5204 356.9664 355.3431 359.7321 359.9727 355.7965 0.4297 354.7552 0.8853 17.4332 5.0620 349.9031 357.9410 1.8863 2.3493 359.5813 359.5685 
-0.0480 0.8600 0.0336 3.2303 356.9856 358.5841 1.6176 353.6851 358.6032 0.7464 5.4039 3.9623 1.3110 4.6037 0.4236 1.2796 0.3851 1.3445 353.0439 4.9836 3.0866 317.0762 4.0816 280.2268 341.1035 334.6219 1.6362 9.5396 357.1980 2.6383 0.0000 0.0000 0.0000 0.0000 0.0000 0.0000 0.0000 0.0000 0.0000 0.0000 0.0000 0.0000 0.0000 0.0000 0.0000 0.0000 0.0000 0.0000 0.0000 0.0000 0.0000 0.0000 0.0000 0.0000 0.0000 0.0000 0.0000 0.0000 0.0000 0.0000 0.0000 0.0000 0.0000 0.0000 0.0000 0.0000 0.0000 0.0000 0.0000 0.0000 0.0000 0.0000 0.0000 0.0000 0.0000 1.9625 7.5342 359.4360 46.7781 5.7223 67.7318 19.2973 349.9517 358.3106 348.6711 356.3302 2.3642 0.0000 0.0000 0.0000 0.0000 0.0000 0.0000 0.0000 0.0000 0.0000 0.0000 0.0000 0.0000 0.0000 0.0000 0.0000 0.0000 0.0000 0.0000 0.0000 0.0000 0.0000 0.0000 0.0000 0.0000 0.0000 0.0000 0.0000 0.0000 0.0000 0.0000 0.0000 0.0000 0.0000 0.0000 0.0000 0.0000 0.0000 0.0000 0.0000 0.0000 0.0000 0.0000 0.0000 0.0000 0.0000 3.4125 357.6684 5.4018 3.7058 18.6677 1.1379 0.6242 356.5221 356.9170 355.3393 359.7289 359.9727 355.7957 0.4593 354.7778 0.8968 17.4290 5.0714 349.8979 357.8912 1.8765 2.3504 359.5801 359.5671 
-0.0482 0.8600 0.0338 3.2225 356.9634 358.5834 1.6154 353.6826 358.6027 0.7461 5.3953 3.9549 1.3070 4.5913 0.4257 1.2749 0.3731 1.3421 353.0426 4.9880 3.0894 317.0766 4.0883 280.2221 341.0905 334.6271 1.6404 9.5449 357.1962 2.6496 0.0000 0.0000 0.0000 0.0000 0.0000 0.0000 0.0000 0.0000 0.0000 0.0000 0.0000 0.0000 0.0000 0.0000 0.0000 0.0000 0.0000 0.0000 0.0000 0.0000 0.0000 0.0000 0.0000 0.0000 0.0000 0.0000 0.0000 0.0000 0.0000 0.0000 0.0000 0.0000 0.0000 0.0000 0.0000 0.0000 0.0000 0.0000 0.0000 0.0000 0.0000 0.0000 0.0000 0.0000 0.0000 1.9686 7.5285 359.4328 46.7709 5.7265 67.7270 19.2866 349.9181 358.2903 348.6736 356.3300 2.3634 0.0000 0.0000 0.0000 0.0000 0.0000 0.0000 0.0000 0.0000 0.0000 0.0000 0.0000 0.0000 0.0000 0.0000 0.0000 0.0000 0.0000 0.0000 0.0000 0.0000 0.0000 0.0000 0.0000 0.0000 0.0000 0.0000 0.0000 0.0000 0.0000 0.0000 0.0000 0.0000 0.0000 0.0000 0.0000 0.0000 0.0000 0.0000 0.0000 0.0000 0.0000 0.0000 0.0000 0.0000 0.0000 3.4105 357.6926 5.4232 3.7156 18.6672 1.1425 0.6141 356.5240 356.8676 355.3354 359.7257 359.9727 355.7950 0.4890 354.8004 0.9083 17.4246 5.0807 349.8926 357.8414 1.8668 2.3516 359.5790 359.5658 
-0.0482 0.8600 0.0338 3.2363 357.0037 358.5740 1.6142 353.7048 358.5976 0.7464 5.3875 3.9834 1.3172 4.5825 0.4308 1.2840 0.3623 1.3395 353.0357 4.9849 3.0952 317.0881 4.0830 280.2267 341.0652 334.6360 1.6246 9.5373 357.1956 2.6579 0.0000 0.0000 0.0000 0.0000 0.0000 0.0000 0.0000 0.0000 0.0000 0.0000 0.0000 0.0000 0.0000 0.0000 0.0000 0.0000 0.0000 0.0000 0.0000 0.0000 0.0000 0.0000 0.0000 0.0000 0.0000 0.0000 0.0000 0.0000 0.0000 0.0000 0.0000 0.0000 0.0000 0.0000 0.0000 0.0000 0.0000 0.0000 0.0000 0.0000 0.0000 0.0000 0.0000 0.0000 0.0000 1.9775 7.5234 359.4365 46.7610 5.7233 67.7167 19.2862 349.9344 358.3070 348.6726 356.3291 2.3599 0.0000 0.0000 0.0000 0.0000 0.0000 0.0000 0.0000 0.0000 0.0000 0.0000 0.0000 0.0000 0.0000 0.0000 0.0000 0.0000 0.0000 0.0000 0.0000 0.0000 0.0000 0.0000 0.0000 0.0000 0.0000 0.0000 0.0000 0.0000 0.0000 0.0000 0.0000 0.0000 0.0000 0.0000 0.0000 0.0000 0.0000 0.0000 0.0000 0.0000 0.0000 0.0000 0.0000 0.0000 0.0000 3.4449 357.6684 5.4115 3.7334 18.6664 1.1636 0.6106 356.5131 356.9535 355.3363 359.7286 359.9706 355.7957 0.4358 354.7992 0.9160 17.4735 5.0426 349.8586 357.9510 1.9085 2.3514 359.5742 359.5672 
-0.0481 0.8600 0.0338 3.2440 357.0104 358.5635 1.6131 353.7270 358.5925 0.7468 5.3798 4.0119 1.3281 4.5761 0.4355 1.2889 0.3405 1.3347 353.0288 4.9817 3.1010 317.0996 4.0777 280.2311 341.0331 334.6478 1.6109 9.5308 357.1947 2.6686 0.0000 0.0000 0.0000 0.0000 0.0000 0.0000 0.0000 0.0000 0.0000 0.0000 0.0000 0.0000 0.0000 0.0000 0.0000 0.0000 0.0000 0.0000 0.0000 0.0000 0.0000 0.0000 0.0000 0.0000 0.0000 0.0000 0.0000 0.0000 0.0000 0.0000 0.0000 0.0000 0.0000 0.0000 0.0000 0.0000 0.0000 0.0000 0.0000 0.0000 0.0000 0.0000 0.0000 0.0000 0.0000 1.9864 7.5182 359.4403 46.7511 5.7201 67.7064 19.2828 349.9413 358.3180 348.6715 356.3283 2.3565 0.0000 0.0000 0.0000 0.0000 0.0000 0.0000 0.0000 0.0000 0.0000 0.0000 0.0000 0.0000 0.0000 0.0000 0.0000 0.0000 0.0000 0.0000 0.0000 0.0000 0.0000 0.0000 0.0000 0.0000 0.0000 0.0000 0.0000 0.0000 0.0000 0.0000 0.0000 0.0000 0.0000 0.0000 0.0000 0.0000 0.0000 0.0000 0.0000 0.0000 0.0000 0.0000 0.0000 0.0000 0.0000 3.4782 357.6579 5.4120 3.7512 18.6659 1.1847 0.5814 356.5067 356.9138 355.3372 359.7315 359.9685 355.7957 0.4104 354.8192 0.9499 17.5125 5.0257 349.8127 357.9480 1.9282 2.3513 359.5695 359.5685 
-0.0481 0.8600 0.0339 3.2518 357.0171 358.5531 1.6120 353.7492 358.5875 0.7472 5.3721 4.0404 1.3390 4.5697 0.4402 1.2937 0.3187 1.3299 353.0219 4.9785 3.1067 317.1112 4.0724 280.2356 341.0010 334.6596 1.5972 9.5242 357.1938 2.6793 0.0000 0.0000 0.0000 0.0000 0.0000 0.0000 0.0000 0.0000 0.0000 0.0000 0.0000 0.0000 0.0000 0.0000 0.0000 0.0000 0.0000 0.0000 0.0000 0.0000 0.0000 0.0000 0.0000 0.0000 0.0000 0.0000 0.0000 0.0000 0.0000 0.0000 0.0000 0.0000 0.0000 0.0000 0.0000 0.0000 0.0000 0.0000 0.0000 0.0000 0.0000 0.0000 0.0000 0.0000 0.0000 1.9954 7.5130 359.4440 46.7411 5.7169 67.6961 19.2794 349.9482 358.3290 348.6704 356.3274 2.3531 0.0000 0.0000 0.0000 0.0000 0.0000 0.0000 0.0000 0.0000 0.0000 0.0000 0.0000 0.0000 0.0000 0.0000 0.0000 0.0000 0.0000 0.0000 0.0000 0.0000 0.0000 0.0000 0.0000 0.0000 0.0000 0.0000 0.0000 0.0000 0.0000 0.0000 0.0000 0.0000 0.0000 0.0000 0.0000 0.0000 0.0000 0.0000 0.0000 0.0000 0.0000 0.0000 0.0000 0.0000 0.0000 3.5114 357.6473 5.4124 3.7690 18.6652 1.2057 0.5521 356.5003 356.8742 355.3380 359.7344 359.9664 355.7958 0.3850 354.8391 0.9837 17.5518 5.0089 349.7668 357.9449 1.9478 2.3511 359.5648 359.5698 
-0.0483 0.8600 0.0337 3.3274 356.9816 358.5662 1.6342 353.7736 358.5768 0.7507 5.3739 4.0461 1.3532 4.5703 0.4445 1.2981 0.3010 1.3173 353.0116 4.9696 3.1050 317.1166 4.0599 280.2483 340.9837 334.6653 1.6066 9.5244 357.1959 2.6793 0.0000 0.0000 0.0000 0.0000 0.0000 0.0000 0.0000 0.0000 0.0000 0.0000 0.0000 0.0000 0.0000 0.0000 0.0000 0.0000 0.0000 0.0000 0.0000 0.0000 0.0000 0.0000 0.0000 0.0000 0.0000 0.0000 0.0000 0.0000 0.0000 0.0000 0.0000 0.0000 0.0000 0.0000 0.0000 0.0000 0.0000 0.0000 0.0000 0.0000 0.0000 0.0000 0.0000 0.0000 0.0000 1.9956 7.4999 359.4435 46.7738 5.6876 67.6974 19.2797 349.9749 358.3372 348.6634 356.3279 2.3541 0.0000 0.0000 0.0000 0.0000 0.0000 0.0000 0.0000 0.0000 0.0000 0.0000 0.0000 0.0000 0.0000 0.0000 0.0000 0.0000 0.0000 0.0000 0.0000 0.0000 0.0000 0.0000 0.0000 0.0000 0.0000 0.0000 0.0000 0.0000 0.0000 0.0000 0.0000 0.0000 0.0000 0.0000 0.0000 0.0000 0.0000 0.0000 0.0000 0.0000 0.0000 0.0000 0.0000 0.0000 0.0000 3.4721 357.6623 5.4185 3.7035 18.6664 1.1722 0.6050 356.5329 356.9148 355.3391 359.7367 359.9676 355.7496 0.4203 354.8326 1.0032 17.5571 5.0213 349.7914 357.9400 1.9201 2.3554 359.5524 359.5716 
-0.0485 0.8600 0.0336 3.3887 356.9524 358.5693 1.6565 353.7958 358.5667 0.7541 5.3772 4.0461 1.3661 4.5717 0.4482 1.3002 0.2933 1.3068 353.0012 4.9606 3.1032 317.1365 4.0407 280.2665 340.9640 334.6720 1.6149 9.5246 357.1981 2.6793 0.0000 0.0000 0.0000 0.0000 0.0000 0.0000 0.0000 0.0000 0.0000 0.0000 0.0000 0.0000 0.0000 0.0000 0.0000 0.0000 0.0000 0.0000 0.0000 0.0000 0.0000 0.0000 0.0000 0.0000 0.0000 0.0000 0.0000 0.0000 0.0000 0.0000 0.0000 0.0000 0.0000 0.0000 0.0000 0.0000 0.0000 0.0000 0.0000 0.0000 0.0000 0.0000 0.0000 0.0000 0.0000 1.9958 7.4867 359.4430 46.8064 5.6584 67.6986 19.2786 350.0049 358.3500 348.6563 356.3284 2.3553 0.0000 0.0000 0.0000 0.0000 0.0000 0.0000 0.0000 0.0000 0.0000 0.0000 0.0000 0.0000 0.0000 0.0000 0.0000 0.0000 0.0000 0.0000 0.0000 0.0000 0.0000 0.0000 0.0000 0.0000 0.0000 0.0000 0.0000 0.0000 0.0000 0.0000 0.0000 0.0000 0.0000 0.0000 0.0000 0.0000 0.0000 0.0000 0.0000 0.0000 0.0000 0.0000 0.0000 0.0000 0.0000 3.4583 357.6691 5.4250 3.6705 18.6665 1.1772 0.6012 356.5531 356.8785 355.3401 359.7389 359.9688 355.7034 0.4417 354.8372 1.0250 17.5651 5.0324 349.7538 357.9311 1.9191 2.3596 359.5401 359.5734 
-0.0487 0.8600 0.0334 3.4499 356.9233 358.5725 1.6788 353.8180 358.5566 0.7574 5.3805 4.0461 1.3789 4.5730 0.4520 1.3024 0.2856 1.2963 352.9909 4.9516 3.1015 317.1563 4.0215 280.2848 340.9442 334.6787 1.6232 9.5248 357.2002 2.6793 0.0000 0.0000 0.0000 0.0000 0.0000 0.0000 0.0000 0.0000 0.0000 0.0000 0.0000 0.0000 0.0000 0.0000 0.0000 0.0000 0.0000 0.0000 0.0000 0.0000 0.0000 0.0000 0.0000 0.0000 0.0000 0.0000 0.0000 0.0000 0.0000 0.0000 0.0000 0.0000 0.0000 0.0000 0.0000 0.0000 0.0000 0.0000 0.0000 0.0000 0.0000 0.0000 0.0000 0.0000 0.0000 1.9960 7.4735 359.4425 46.8390 5.6291 67.6998 19.2774 350.0348 358.3627 348.6493 356.3289 2.3564 0.0000 0.0000 0.0000 0.0000 0.0000 0.0000 0.0000 0.0000 0.0000 0.0000 0.0000 0.0000 0.0000 0.0000 0.0000 0.0000 0.0000 0.0000 0.0000 0.0000 0.0000 0.0000 0.0000 0.0000 0.0000 0.0000 0.0000 0.0000 0.0000 0.0000 0.0000 0.0000 0.0000 0.0000 0.0000 0.0000 0.0000 0.0000 0.0000 0.0000 0.0000 0.0000 0.0000 0.0000 0.0000 3.4445 357.6759 5.4314 3.6376 18.6665 1.1823 0.5973 356.5733 356.8423 355.3411 359.7411 359.9700 355.6572 0.4629 354.8417 1.0469 17.5733 5.0436 349.7160 357.9220 1.9181 2.3639 359.5277 359.5752 
-0.0495 0.8600 0.0334 3.5156 356.9130 358.5720 1.7058 353.8426 358.5574 0.7691 5.3754 4.0434 1.3733 4.5324 0.4621 1.3154 0.2354 1.2697 352.9633 4.9366 3.1143 317.1547 4.0146 280.3290 340.9297 334.6976 1.6210 9.5157 357.2057 2.6812 0.0000 0.0000 0.0000 0.0000 0.0000 0.0000 0.0000 0.0000 0.0000 0.0000 0.0000 0.0000 0.0000 0.0000 0.0000 0.0000 0.0000 0.0000 0.0000 0.0000 0.0000 0.0000 0.0000 0.0000 0.0000 0.0000 0.0000 0.0000 0.0000 0.0000 0.0000 0.0000 0.0000 0.0000 0.0000 0.0000 0.0000 0.0000 0.0000 0.0000 0.0000 0.0000 0.0000 0.0000 0.0000 2.0234 7.4612 359.4438 46.8867 5.5855 67.6990 19.3078 350.0854 358.3694 348.6430 356.3339 2.3728 0.0000 0.0000 0.0000 0.0000 0.0000 0.0000 0.0000 0.0000 0.0000 0.0000 0.0000 0.0000 0.0000 0.0000 0.0000 0.0000 0.0000 0.0000 0.0000 0.0000 0.0000 0.0000 0.0000 0.0000 0.0000 0.0000 0.0000 0.0000 0.0000 0.0000 0.0000 0.0000 0.0000 0.0000 0.0000 0.0000 0.0000 0.0000 0.0000 0.0000 0.0000 0.0000 0.0000 0.0000 0.0000 3.4508 357.6626 5.4599 3.5958 18.6653 1.2071 0.5779 356.5892 356.8129 355.3470 359.7520 359.9652 355.5909 0.4646 354.8992 1.0835 17.6013 5.0468 349.6694 357.8968 1.9202 2.3680 359.5561 359.5726 
-0.0502 0.8600 0.0334 3.5809 356.9071 358.5710 1.7478 353.8820 358.5515 0.7807 5.3704 4.0408 1.3932 4.4945 0.4796 1.3249 0.1980 1.2605 352.9356 4.9215 3.1272 317.1539 4.0069 280.3740 340.9197 334.7154 1.6170 9.5066 357.2112 2.6830 0.0000 0.0000 0.0000 0.0000 0.0000 0.0000 0.0000 0.0000 0.0000 0.0000 0.0000 0.0000 0.0000 0.0000 0.0000 0.0000 0.0000 0.0000 0.0000 0.0000 0.0000 0.0000 0.0000 0.0000 0.0000 0.0000 0.0000 0.0000 0.0000 0.0000 0.0000 0.0000 0.0000 0.0000 0.0000 0.0000 0.0000 0.0000 0.0000 0.0000 0.0000 0.0000 0.0000 0.0000 0.0000 2.0509 7.4397 359.4448 46.9354 5.5411 67.6981 19.3380 350.1387 358.3770 348.6367 356.3390 2.3892 0.0000 0.0000 0.0000 0.0000 0.0000 0.0000 0.0000 0.0000 0.0000 0.0000 0.0000 0.0000 0.0000 0.0000 0.0000 0.0000 0.0000 0.0000 0.0000 0.0000 0.0000 0.0000 0.0000 0.0000 0.0000 0.0000 0.0000 0.0000 0.0000 0.0000 0.0000 0.0000 0.0000 0.0000 0.0000 0.0000 0.0000 0.0000 0.0000 0.0000 0.0000 0.0000 0.0000 0.0000 0.0000 3.4570 357.6492 5.4884 3.5842 18.6642 1.2273 0.5585 356.6051 356.7834 355.3528 359.7628 359.9605 355.5344 0.4617 354.9557 1.1049 17.6239 5.0425 349.6227 357.8714 1.9223 2.3801 359.5612 359.5735 
-0.0510 0.8600 0.0334 3.6461 356.9012 358.5701 1.7898 353.9215 358.5455 0.7924 5.3653 4.0381 1.4131 4.4566 0.4972 1.3343 0.1607 1.2514 352.9079 4.9065 3.1400 317.1531 3.9992 280.4189 340.9097 334.7331 1.6130 9.4975 357.2168 2.6848 0.0000 0.0000 0.0000 0.0000 0.0000 0.0000 0.0000 0.0000 0.0000 0.0000 0.0000 0.0000 0.0000 0.0000 0.0000 0.0000 0.0000 0.0000 0.0000 0.0000 0.0000 0.0000 0.0000 0.0000 0.0000 0.0000 0.0000 0.0000 0.0000 0.0000 0.0000 0.0000 0.0000 0.0000 0.0000 0.0000 0.0000 0.0000 0.0000 0.0000 0.0000 0.0000 0.0000 0.0000 0.0000 2.0784 7.4181 359.4457 46.9840 5.4967 67.6972 19.3683 350.1918 358.3848 348.6304 356.3440 2.4056 0.0000 0.0000 0.0000 0.0000 0.0000 0.0000 0.0000 0.0000 0.0000 0.0000 0.0000 0.0000 0.0000 0.0000 0.0000 0.0000 0.0000 0.0000 0.0000 0.0000 0.0000 0.0000 0.0000 0.0000 0.0000 0.0000 0.0000 0.0000 0.0000 0.0000 0.0000 0.0000 0.0000 0.0000 0.0000 0.0000 0.0000 0.0000 0.0000 0.0000 0.0000 0.0000 0.0000 0.0000 0.0000 3.4633 357.6359 5.5169 3.5726 18.6629 1.2475 0.5391 356.6211 356.7540 355.3587 359.7737 359.9557 355.4780 0.4589 355.0121 1.1263 17.6466 5.0382 349.5760 357.8461 1.9244 2.3922 359.5663 359.5743 
-0.0511 0.8600 0.0333 3.8103 356.8988 358.5892 1.8551 353.8939 358.5536 0.8149 5.4085 3.9587 1.4037 4.4083 0.5265 1.3329 0.1091 1.2368 352.8702 4.8973 3.1759 317.1433 3.9684 280.5134 340.9157 334.7969 1.5780 9.5286 357.2100 2.6645 0.0000 0.0000 0.0000 0.0000 0.0000 0.0000 0.0000 0.0000 0.0000 0.0000 0.0000 0.0000 0.0000 0.0000 0.0000 0.0000 0.0000 0.0000 0.0000 0.0000 0.0000 0.0000 0.0000 0.0000 0.0000 0.0000 0.0000 0.0000 0.0000 0.0000 0.0000 0.0000 0.0000 0.0000 0.0000 0.0000 0.0000 0.0000 0.0000 0.0000 0.0000 0.0000 0.0000 0.0000 0.0000 2.1630 7.2952 359.4275 46.9250 5.2806 67.0831 19.3905 350.3059 358.4544 348.6374 356.3692 2.4893 0.0000 0.0000 0.0000 0.0000 0.0000 0.0000 0.0000 0.0000 0.0000 0.0000 0.0000 0.0000 0.0000 0.0000 0.0000 0.0000 0.0000 0.0000 0.0000 0.0000 0.0000 0.0000 0.0000 0.0000 0.0000 0.0000 0.0000 0.0000 0.0000 0.0000 0.0000 0.0000 0.0000 0.0000 0.0000 0.0000 0.0000 0.0000 0.0000 0.0000 0.0000 0.0000 0.0000 0.0000 0.0000 3.4096 357.5968 5.5231 3.4664 18.6607 1.2959 0.4608 356.6943 356.6701 355.3504 359.7592 359.9624 355.3621 0.4832 355.0064 1.0930 17.6727 5.0303 349.5523 357.8242 1.9419 2.3655 359.5633 359.5725 
-0.0513 0.8600 0.0333 3.9736 356.8963 358.6084 1.9247 353.8704 358.5612 0.8379 5.4516 3.8792 1.3951 4.3586 0.5564 1.3314 0.0583 1.2225 352.8374 4.8909 3.2095 317.1334 3.9378 280.6069 340.9265 334.8602 1.5452 9.5435 357.2130 2.6475 0.0000 0.0000 0.0000 0.0000 0.0000 0.0000 0.0000 0.0000 0.0000 0.0000 0.0000 0.0000 0.0000 0.0000 0.0000 0.0000 0.0000 0.0000 0.0000 0.0000 0.0000 0.0000 0.0000 0.0000 0.0000 0.0000 0.0000 0.0000 0.0000 0.0000 0.0000 0.0000 0.0000 0.0000 0.0000 0.0000 0.0000 0.0000 0.0000 0.0000 0.0000 0.0000 0.0000 0.0000 0.0000 2.2575 7.1645 359.4095 46.8659 5.0660 66.4695 19.4144 350.4234 358.5244 348.6425 356.3960 2.5780 0.0000 0.0000 0.0000 0.0000 0.0000 0.0000 0.0000 0.0000 0.0000 0.0000 0.0000 0.0000 0.0000 0.0000 0.0000 0.0000 0.0000 0.0000 0.0000 0.0000 0.0000 0.0000 0.0000 0.0000 0.0000 0.0000 0.0000 0.0000 0.0000 0.0000 0.0000 0.0000 0.0000 0.0000 0.0000 0.0000 0.0000 0.0000 0.0000 0.0000 0.0000 0.0000 0.0000 0.0000 0.0000 3.3504 357.5694 5.5044 3.3876 18.6612 1.2968 0.4366 356.7234 356.6683 355.3504 359.7603 359.9622 355.2536 0.5079 354.9931 1.0377 17.6758 5.0268 349.5287 357.8024 1.9593 2.3692 359.5731 359.5728 
-0.0514 0.8600 0.0333 4.1369 356.8939 358.6275 1.9943 353.8468 358.5687 0.8609 5.4946 3.7997 1.3864 4.3090 0.5864 1.3298 0.0076 1.2081 352.8046 4.8844 3.2431 317.1235 3.9072 280.7005 340.9373 334.9234 1.5125 9.5584 357.2161 2.6304 0.0000 0.0000 0.0000 0.0000 0.0000 0.0000 0.0000 0.0000 0.0000 0.0000 0.0000 0.0000 0.0000 0.0000 0.0000 0.0000 0.0000 0.0000 0.0000 0.0000 0.0000 0.0000 0.0000 0.0000 0.0000 0.0000 0.0000 0.0000 0.0000 0.0000 0.0000 0.0000 0.0000 0.0000 0.0000 0.0000 0.0000 0.0000 0.0000 0.0000 0.0000 0.0000 0.0000 0.0000 0.0000 2.3521 7.0338 359.3912 46.8092 4.8508 65.8563 19.4384 350.5408 358.5944 348.6478 356.4227 2.6667 0.0000 0.0000 0.0000 0.0000 0.0000 0.0000 0.0000 0.0000 0.0000 0.0000 0.0000 0.0000 0.0000 0.0000 0.0000 0.0000 0.0000 0.0000 0.0000 0.0000 0.0000 0.0000 0.0000 0.0000 0.0000 0.0000 0.0000 0.0000 0.0000 0.0000 0.0000 0.0000 0.0000 0.0000 0.0000 0.0000 0.0000 0.0000 0.0000 0.0000 0.0000 0.0000 0.0000 0.0000 0.0000 3.2912 357.5420 5.4857 3.3087 18.6617 1.2977 0.4125 356.7524 356.6665 355.3505 359.7613 359.9621 355.1451 0.5325 354.9797 0.9825 17.6790 5.0234 349.5050 357.7805 1.9767 2.3730 359.5829 359.5731 
-0.0517 0.8601 0.0333 4.2726 356.8880 358.6472 2.1115 353.8287 358.5909 0.8889 5.4663 3.5009 1.3397 4.2861 0.7271 1.2890 0.0964 1.2244 352.7755 4.9038 3.3554 317.2809 3.9889 280.8195 341.0055 335.1916 1.3659 9.5892 357.2270 2.5961 0.0000 0.0000 0.0000 0.0000 0.0000 0.0000 0.0000 0.0000 0.0000 0.0000 0.0000 0.0000 0.0000 0.0000 0.0000 0.0000 0.0000 0.0000 0.0000 0.0000 0.0000 0.0000 0.0000 0.0000 0.0000 0.0000 0.0000 0.0000 0.0000 0.0000 0.0000 0.0000 0.0000 0.0000 0.0000 0.0000 0.0000 0.0000 0.0000 0.0000 0.0000 0.0000 0.0000 0.0000 0.0000 2.5626 6.3570 359.1817 45.1749 3.3739 63.2022 20.3708 350.6956 358.5830 348.7499 356.3721 2.2921 0.0000 0.0000 0.0000 0.0000 0.0000 0.0000 0.0000 0.0000 0.0000 0.0000 0.0000 0.0000 0.0000 0.0000 0.0000 0.0000 0.0000 0.0000 0.0000 0.0000 0.0000 0.0000 0.0000 0.0000 0.0000 0.0000 0.0000 0.0000 0.0000 0.0000 0.0000 0.0000 0.0000 0.0000 0.0000 0.0000 0.0000 0.0000 0.0000 0.0000 0.0000 0.0000 0.0000 0.0000 0.0000 3.2599 357.5245 5.4756 3.1973 18.6621 1.3011 0.3681 356.8101 356.6525 355.3428 359.7719 359.9609 355.0375 0.5558 354.9789 0.9552 17.6905 5.0075 349.4925 357.7824 1.9809 2.3743 359.5903 359.5717 
-0.0520 0.8602 0.0334 4.4087 356.8819 358.6684 2.2287 353.8105 358.6130 0.9158 5.4355 3.2066 1.2916 4.2564 0.8720 1.2483 0.1838 1.2403 352.7555 4.9249 3.4585 317.4384 4.0699 280.9395 341.0721 335.4567 1.2215 9.6110 357.2361 2.5719 0.0000 0.0000 0.0000 0.0000 0.0000 0.0000 0.0000 0.0000 0.0000 0.0000 0.0000 0.0000 0.0000 0.0000 0.0000 0.0000 0.0000 0.0000 0.0000 0.0000 0.0000 0.0000 0.0000 0.0000 0.0000 0.0000 0.0000 0.0000 0.0000 0.0000 0.0000 0.0000 0.0000 0.0000 0.0000 0.0000 0.0000 0.0000 0.0000 0.0000 0.0000 0.0000 0.0000 0.0000 0.0000 2.7746 5.6820 358.9702 43.6128 1.8240 60.5950 21.3023 350.8495 358.5736 348.8524 356.3221 1.9177 0.0000 0.0000 0.0000 0.0000 0.0000 0.0000 0.0000 0.0000 0.0000 0.0000 0.0000 0.0000 0.0000 0.0000 0.0000 0.0000 0.0000 0.0000 0.0000 0.0000 0.0000 0.0000 0.0000 0.0000 0.0000 0.0000 0.0000 0.0000 0.0000 0.0000 0.0000 0.0000 0.0000 0.0000 0.0000 0.0000 0.0000 0.0000 0.0000 0.0000 0.0000 0.0000 0.0000 0.0000 0.0000 3.2289 357.5072 5.4655 3.0997 18.6622 1.3044 0.3237 356.8678 356.6385 355.3351 359.7826 359.9597 354.9369 0.5776 354.9789 0.9186 17.7024 4.9909 349.4800 357.7845 1.9852 2.3756 359.5976 359.5704 
-0.0522 0.8602 0.0334 4.5448 356.8758 358.6896 2.3460 353.7922 358.6351 0.9429 5.4050 2.9124 1.2435 4.2269 1.0169 1.2076 0.2713 1.2561 352.7355 4.9461 3.5616 317.5962 4.1506 281.0598 341.1379 335.7219 1.0776 9.6329 357.2453 2.5478 0.0000 0.0000 0.0000 0.0000 0.0000 0.0000 0.0000 0.0000 0.0000 0.0000 0.0000 0.0000 0.0000 0.0000 0.0000 0.0000 0.0000 0.0000 0.0000 0.0000 0.0000 0.0000 0.0000 0.0000 0.0000 0.0000 0.0000 0.0000 0.0000 0.0000 0.0000 0.0000 0.0000 0.0000 0.0000 0.0000 0.0000 0.0000 0.0000 0.0000 0.0000 0.0000 0.0000 0.0000 0.0000 2.9889 5.0078 358.7564 42.1236 0.2052 58.0322 22.2335 351.0034 358.5669 348.9553 356.2728 1.5432 0.0000 0.0000 0.0000 0.0000 0.0000 0.0000 0.0000 0.0000 0.0000 0.0000 0.0000 0.0000 0.0000 0.0000 0.0000 0.0000 0.0000 0.0000 0.0000 0.0000 0.0000 0.0000 0.0000 0.0000 0.0000 0.0000 0.0000 0.0000 0.0000 0.0000 0.0000 0.0000 0.0000 0.0000 0.0000 0.0000 0.0000 0.0000 0.0000 0.0000 0.0000 0.0000 0.0000 0.0000 0.0000 3.1978 357.4899 5.4555 3.0021 18.6623 1.3077 0.2793 356.9256 356.6244 355.3274 359.7932 359.9585 354.8362 0.5993 354.9789 0.8819 17.7144 4.9744 349.4675 357.7865 1.9894 2.3769 359.6049 359.5690 
-0.0520 0.8604 0.0339 4.5520 356.8340 358.7036 2.6325 353.7509 358.6920 1.0547 5.3079 2.6267 1.0721 4.3415 1.1733 1.0863 0.3793 1.3367 352.6800 4.9538 3.6956 317.7697 4.3860 281.0108 341.2269 335.6967 0.9984 9.6671 357.2550 2.5252 0.0000 0.0000 0.0000 0.0000 0.0000 0.0000 0.0000 0.0000 0.0000 0.0000 0.0000 0.0000 0.0000 0.0000 0.0000 0.0000 0.0000 0.0000 0.0000 0.0000 0.0000 0.0000 0.0000 0.0000 0.0000 0.0000 0.0000 0.0000 0.0000 0.0000 0.0000 0.0000 0.0000 0.0000 0.0000 0.0000 0.0000 0.0000 0.0000 0.0000 0.0000 0.0000 0.0000 0.0000 0.0000 3.3216 4.4173 358.6631 41.0751 358.1221 55.7360 22.9903 352.8350 359.1194 348.8958 356.2250 0.9975 0.0000 0.0000 0.0000 0.0000 0.0000 0.0000 0.0000 0.0000 0.0000 0.0000 0.0000 0.0000 0.0000 0.0000 0.0000 0.0000 0.0000 0.0000 0.0000 0.0000 0.0000 0.0000 0.0000 0.0000 0.0000 0.0000 0.0000 0.0000 0.0000 0.0000 0.0000 0.0000 0.0000 0.0000 0.0000 0.0000 0.0000 0.0000 0.0000 0.0000 0.0000 0.0000 0.0000 0.0000 0.0000 3.1969 357.5654 5.4346 2.9803 18.6606 1.3218 0.2615 356.9733 356.5889 355.3156 359.7920 359.9585 354.8282 0.6751 354.9488 0.8806 17.6949 4.9636 349.4326 357.8304 2.0078 2.3783 359.6098 359.5703 
-0.0518 0.8605 0.0343 4.5530 356.7937 358.7128 2.9183 353.7094 358.7486 1.1669 5.2113 2.3401 0.9005 4.4562 1.3311 0.9657 0.4862 1.4169 352.6250 4.9611 3.8269 317.9427 4.6214 280.9622 341.3160 335.6712 0.9189 9.6959 357.2624 2.5087 0.0000 0.0000 0.0000 0.0000 0.0000 0.0000 0.0000 0.0000 0.0000 0.0000 0.0000 0.0000 0.0000 0.0000 0.0000 0.0000 0.0000 0.0000 0.0000 0.0000 0.0000 0.0000 0.0000 0.0000 0.0000 0.0000 0.0000 0.0000 0.0000 0.0000 0.0000 0.0000 0.0000 0.0000 0.0000 0.0000 0.0000 0.0000 0.0000 0.0000 0.0000 0.0000 0.0000 0.0000 0.0000 3.6550 3.8273 358.5665 40.1091 355.9990 53.4741 23.7623 354.6590 359.6943 348.8366 356.1767 0.4525 0.0000 0.0000 0.0000 0.0000 0.0000 0.0000 0.0000 0.0000 0.0000 0.0000 0.0000 0.0000 0.0000 0.0000 0.0000 0.0000 0.0000 0.0000 0.0000 0.0000 0.0000 0.0000 0.0000 0.0000 0.0000 0.0000 0.0000 0.0000 0.0000 0.0000 0.0000 0.0000 0.0000 0.0000 0.0000 0.0000 0.0000 0.0000 0.0000 0.0000 0.0000 0.0000 0.0000 0.0000 0.0000 3.1951 357.6404 5.4134 2.9586 18.6590 1.3359 0.2516 357.0106 356.5560 355.3040 359.7906 359.9585 354.8223 0.7505 354.9187 0.8825 17.6742 4.9542 349.4604 357.8642 2.0050 2.3796 359.6147 359.5716 
-0.0516 0.8606 0.0347 4.5540 356.7533 358.7220 3.2040 353.6677 358.8049 1.2797 5.1153 2.0535 0.7292 4.5714 1.4885 0.8453 0.5932 1.4969 352.5700 4.9685 3.9582 318.1156 4.8570 280.9142 341.4051 335.6458 0.8393 9.7246 357.2699 2.4921 0.0000 0.0000 0.0000 0.0000 0.0000 0.0000 0.0000 0.0000 0.0000 0.0000 0.0000 0.0000 0.0000 0.0000 0.0000 0.0000 0.0000 0.0000 0.0000 0.0000 0.0000 0.0000 0.0000 0.0000 0.0000 0.0000 0.0000 0.0000 0.0000 0.0000 0.0000 0.0000 0.0000 0.0000 0.0000 0.0000 0.0000 0.0000 0.0000 0.0000 0.0000 0.0000 0.0000 0.0000 0.0000 3.9892 3.2378 358.4665 39.2250 353.8397 51.2409 24.5511 356.4750 0.2921 348.7779 356.1278 359.9075 0.0000 0.0000 0.0000 0.0000 0.0000 0.0000 0.0000 0.0000 0.0000 0.0000 0.0000 0.0000 0.0000 0.0000 0.0000 0.0000 0.0000 0.0000 0.0000 0.0000 0.0000 0.0000 0.0000 0.0000 0.0000 0.0000 0.0000 0.0000 0.0000 0.0000 0.0000 0.0000 0.0000 0.0000 0.0000 0.0000 0.0000 0.0000 0.0000 0.0000 0.0000 0.0000 0.0000 0.0000 0.0000 3.1934 357.7155 5.3923 2.9369 18.6573 1.3500 0.2417 357.0479 356.5230 355.2924 359.7892 359.9586 354.8164 0.8257 354.8885 0.8844 17.6538 4.9449 349.4882 357.8979 2.0023 2.3810 359.6196 359.5728 
-0.0517 0.8607 0.0353 4.4448 356.7342 358.7378 3.4764 353.6549 358.8853 1.3750 4.9867 1.8167 0.5892 4.6657 1.5994 0.6894 0.7710 1.6074 352.5250 4.9934 4.0473 318.3060 5.1055 280.8021 341.4989 335.5993 0.7899 9.7688 357.2778 2.4661 0.0000 0.0000 0.0000 0.0000 0.0000 0.0000 0.0000 0.0000 0.0000 0.0000 0.0000 0.0000 0.0000 0.0000 0.0000 0.0000 0.0000 0.0000 0.0000 0.0000 0.0000 0.0000 0.0000 0.0000 0.0000 0.0000 0.0000 0.0000 0.0000 0.0000 0.0000 0.0000 0.0000 0.0000 0.0000 0.0000 0.0000 0.0000 0.0000 0.0000 0.0000 0.0000 0.0000 0.0000 0.0000 4.1967 2.7263 358.3890 38.6098 352.1867 49.4484 25.2196 357.5366 0.5933 348.6818 356.0401 359.1745 0.0000 0.0000 0.0000 0.0000 0.0000 0.0000 0.0000 0.0000 0.0000 0.0000 0.0000 0.0000 0.0000 0.0000 0.0000 0.0000 0.0000 0.0000 0.0000 0.0000 0.0000 0.0000 0.0000 0.0000 0.0000 0.0000 0.0000 0.0000 0.0000 0.0000 0.0000 0.0000 0.0000 0.0000 0.0000 0.0000 0.0000 0.0000 0.0000 0.0000 0.0000 0.0000 0.0000 0.0000 0.0000 3.2378 357.7925 5.3935 3.0037 18.6561 1.3580 0.2331 357.0093 356.5193 355.2834 359.7866 359.9596 354.8580 0.8680 354.8754 0.9608 17.6845 4.9733 349.5327 357.8832 1.9848 2.3787 359.6217 359.5764 
-0.0518 0.8608 0.0359 4.3355 356.7144 358.7536 3.7492 353.6416 358.9657 1.4712 4.8581 1.5785 0.4494 4.7603 1.7101 0.5343 0.9487 1.7171 352.4801 5.0185 4.1366 318.4962 5.3548 280.6907 341.5937 335.5511 0.7396 9.8040 357.2835 2.4451 0.0000 0.0000 0.0000 0.0000 0.0000 0.0000 0.0000 0.0000 0.0000 0.0000 0.0000 0.0000 0.0000 0.0000 0.0000 0.0000 0.0000 0.0000 0.0000 0.0000 0.0000 0.0000 0.0000 0.0000 0.0000 0.0000 0.0000 0.0000 0.0000 0.0000 0.0000 0.0000 0.0000 0.0000 0.0000 0.0000 0.0000 0.0000 0.0000 0.0000 0.0000 0.0000 0.0000 0.0000 0.0000 4.4048 2.2149 358.3098 38.0447 350.5154 47.6660 25.8934 358.5943 0.9067 348.5870 355.9514 358.4418 0.0000 0.0000 0.0000 0.0000 0.0000 0.0000 0.0000 0.0000 0.0000 0.0000 0.0000 0.0000 0.0000 0.0000 0.0000 0.0000 0.0000 0.0000 0.0000 0.0000 0.0000 0.0000 0.0000 0.0000 0.0000 0.0000 0.0000 0.0000 0.0000 0.0000 0.0000 0.0000 0.0000 0.0000 0.0000 0.0000 0.0000 0.0000 0.0000 0.0000 0.0000 0.0000 0.0000 0.0000 0.0000 3.2821 357.8724 5.3940 3.0575 18.6539 1.3744 0.2135 357.0121 356.4792 355.2744 359.7840 359.9605 354.8992 0.9152 354.8604 1.0408 17.6756 4.9838 349.5877 357.8814 1.9663 2.3763 359.6238 359.5800 
-0.0518 0.8608 0.0365 4.2261 356.6946 358.7695 4.0220 353.6280 359.0460 1.5680 4.7299 1.3402 0.3097 4.8552 1.8207 0.3796 1.1267 1.8263 352.4352 5.0436 4.2258 318.6861 5.6045 280.5801 341.6885 335.5029 0.6892 9.8393 357.2892 2.4241 0.0000 0.0000 0.0000 0.0000 0.0000 0.0000 0.0000 0.0000 0.0000 0.0000 0.0000 0.0000 0.0000 0.0000 0.0000 0.0000 0.0000 0.0000 0.0000 0.0000 0.0000 0.0000 0.0000 0.0000 0.0000 0.0000 0.0000 0.0000 0.0000 0.0000 0.0000 0.0000 0.0000 0.0000 0.0000 0.0000 0.0000 0.0000 0.0000 0.0000 0.0000 0.0000 0.0000 0.0000 0.0000 4.6136 1.7038 358.2286 37.5298 348.8277 45.8909 26.5729 359.6481 1.2325 348.4936 355.8614 357.7092 0.0000 0.0000 0.0000 0.0000 0.0000 0.0000 0.0000 0.0000 0.0000 0.0000 0.0000 0.0000 0.0000 0.0000 0.0000 0.0000 0.0000 0.0000 0.0000 0.0000 0.0000 0.0000 0.0000 0.0000 0.0000 0.0000 0.0000 0.0000 0.0000 0.0000 0.0000 0.0000 0.0000 0.0000 0.0000 0.0000 0.0000 0.0000 0.0000 0.0000 0.0000 0.0000 0.0000 0.0000 0.0000 3.3264 357.9523 5.3946 3.1114 18.6516 1.3907 0.1940 357.0149 356.4390 355.2654 359.7814 359.9615 354.9404 0.9624 354.8453 1.1209 17.6669 4.9943 349.6428 357.8794 1.9478 2.3740 359.6259 359.5836 
-0.0527 0.8608 0.0373 4.0231 356.6899 358.7800 4.2598 353.5925 359.1238 1.6423 4.5942 1.0918 0.1758 4.8532 1.9611 0.2569 1.2189 1.9323 352.3617 5.0907 4.3388 318.8523 5.8779 280.4435 341.8337 335.4166 0.6599 9.8782 357.2884 2.4083 0.0000 0.0000 0.0000 0.0000 0.0000 0.0000 0.0000 0.0000 0.0000 0.0000 0.0000 0.0000 0.0000 0.0000 0.0000 0.0000 0.0000 0.0000 0.0000 0.0000 0.0000 0.0000 0.0000 0.0000 0.0000 0.0000 0.0000 0.0000 0.0000 0.0000 0.0000 0.0000 0.0000 0.0000 0.0000 0.0000 0.0000 0.0000 0.0000 0.0000 0.0000 0.0000 0.0000 0.0000 0.0000 4.7784 1.2315 358.0859 37.3337 347.3409 44.3380 27.3318 0.1099 1.3148 348.3812 355.8189 357.3474 0.0000 0.0000 0.0000 0.0000 0.0000 0.0000 0.0000 0.0000 0.0000 0.0000 0.0000 0.0000 0.0000 0.0000 0.0000 0.0000 0.0000 0.0000 0.0000 0.0000 0.0000 0.0000 0.0000 0.0000 0.0000 0.0000 0.0000 0.0000 0.0000 0.0000 0.0000 0.0000 0.0000 0.0000 0.0000 0.0000 0.0000 0.0000 0.0000 0.0000 0.0000 0.0000 0.0000 0.0000 0.0000 3.4151 358.0372 5.4545 3.2250 18.6478 1.4212 0.2230 357.0109 356.4387 355.2585 359.7701 359.9622 355.0058 0.9678 354.9070 1.2513 17.6820 5.0018 349.5243 357.8440 1.9375 2.3746 359.6255 359.5869 
-0.0536 0.8609 0.0381 3.8148 356.6850 358.7906 4.4985 353.5566 359.2018 1.7177 4.4581 0.8420 0.0419 4.8517 2.1015 0.1338 1.3120 2.0384 352.2889 5.1376 4.4503 319.0184 6.1523 280.3074 341.9807 335.3295 0.6294 9.9184 357.2878 2.3916 0.0000 0.0000 0.0000 0.0000 0.0000 0.0000 0.0000 0.0000 0.0000 0.0000 0.0000 0.0000 0.0000 0.0000 0.0000 0.0000 0.0000 0.0000 0.0000 0.0000 0.0000 0.0000 0.0000 0.0000 0.0000 0.0000 0.0000 0.0000 0.0000 0.0000 0.0000 0.0000 0.0000 0.0000 0.0000 0.0000 0.0000 0.0000 0.0000 0.0000 0.0000 0.0000 0.0000 0.0000 0.0000 4.9444 0.7594 357.9417 37.1780 345.8496 42.7808 28.0914 0.5704 1.4033 348.2690 355.7757 356.9857 0.0000 0.0000 0.0000 0.0000 0.0000 0.0000 0.0000 0.0000 0.0000 0.0000 0.0000 0.0000 0.0000 0.0000 0.0000 0.0000 0.0000 0.0000 0.0000 0.0000 0.0000 0.0000 0.0000 0.0000 0.0000 0.0000 0.0000 0.0000 0.0000 0.0000 0.0000 0.0000 0.0000 0.0000 0.0000 0.0000 0.0000 0.0000 0.0000 0.0000 0.0000 0.0000 0.0000 0.0000 0.0000 3.5048 358.1236 5.5144 3.3445 18.6437 1.4536 0.2228 357.0110 356.3782 355.2517 359.7589 359.9628 355.0789 0.9821 354.9658 1.4021 17.6948 5.0121 349.5107 357.8050 1.8921 2.3752 359.6252 359.5902 
-0.0544 0.8609 0.0389 3.6066 356.6801 358.8011 4.7372 353.5204 359.2796 1.7937 4.3224 0.5920 359.9079 4.8505 2.2420 0.0108 1.4053 2.1444 352.2162 5.1847 4.5619 319.1839 6.4271 280.1721 342.1278 335.2425 0.5988 9.9585 357.2873 2.3748 0.0000 0.0000 0.0000 0.0000 0.0000 0.0000 0.0000 0.0000 0.0000 0.0000 0.0000 0.0000 0.0000 0.0000 0.0000 0.0000 0.0000 0.0000 0.0000 0.0000 0.0000 0.0000 0.0000 0.0000 0.0000 0.0000 0.0000 0.0000 0.0000 0.0000 0.0000 0.0000 0.0000 0.0000 0.0000 0.0000 0.0000 0.0000 0.0000 0.0000 0.0000 0.0000 0.0000 0.0000 0.0000 5.1116 0.2878 357.7963 37.0634 344.3547 41.2169 28.8519 1.0296 1.4978 348.1572 355.7318 356.6241 0.0000 0.0000 0.0000 0.0000 0.0000 0.0000 0.0000 0.0000 0.0000 0.0000 0.0000 0.0000 0.0000 0.0000 0.0000 0.0000 0.0000 0.0000 0.0000 0.0000 0.0000 0.0000 0.0000 0.0000 0.0000 0.0000 0.0000 0.0000 0.0000 0.0000 0.0000 0.0000 0.0000 0.0000 0.0000 0.0000 0.0000 0.0000 0.0000 0.0000 0.0000 0.0000 0.0000 0.0000 0.0000 3.5946 358.2099 5.5745 3.4639 18.6396 1.4859 0.2225 357.0110 356.3178 355.2449 359.7476 359.9635 355.1521 0.9964 355.0246 1.5530 17.7076 5.0224 349.4970 357.7659 1.8466 2.3758 359.6248 359.5935 
-0.0545 0.8610 0.0397 3.5477 356.7105 358.7989 4.9835 353.4897 359.3500 1.8780 4.2517 0.3933 359.7768 4.7770 2.3536 359.8871 1.4022 2.2259 352.1358 5.2384 4.6668 319.3210 6.7000 279.9964 342.3595 335.1635 0.5694 9.9902 357.2882 2.3400 0.0000 0.0000 0.0000 0.0000 0.0000 0.0000 0.0000 0.0000 0.0000 0.0000 0.0000 0.0000 0.0000 0.0000 0.0000 0.0000 0.0000 0.0000 0.0000 0.0000 0.0000 0.0000 0.0000 0.0000 0.0000 0.0000 0.0000 0.0000 0.0000 0.0000 0.0000 0.0000 0.0000 0.0000 0.0000 0.0000 0.0000 0.0000 0.0000 0.0000 0.0000 0.0000 0.0000 0.0000 0.0000 5.2251 359.9933 357.7230 37.1282 343.0853 39.9009 29.7871 0.8259 1.2727 348.1286 355.6955 356.3432 0.0000 0.0000 0.0000 0.0000 0.0000 0.0000 0.0000 0.0000 0.0000 0.0000 0.0000 0.0000 0.0000 0.0000 0.0000 0.0000 0.0000 0.0000 0.0000 0.0000 0.0000 0.0000 0.0000 0.0000 0.0000 0.0000 0.0000 0.0000 0.0000 0.0000 0.0000 0.0000 0.0000 0.0000 0.0000 0.0000 0.0000 0.0000 0.0000 0.0000 0.0000 0.0000 0.0000 0.0000 0.0000 3.6132 358.2424 5.5784 3.5342 18.6360 1.5093 0.2460 357.0165 356.2638 355.2397 359.7525 359.9634 355.1783 1.0132 355.0280 1.6376 17.6957 5.0422 349.5078 357.7937 1.8371 2.3798 359.6360 359.5923 
-0.0546 0.8611 0.0405 3.4889 356.7409 358.7966 5.2312 353.4584 359.4207 1.9626 4.1811 0.1942 359.6457 4.7038 2.4651 359.7621 1.4003 2.3085 352.0545 5.2928 4.7730 319.4577 6.9738 279.8211 342.5924 335.0839 0.5395 10.0241 357.2891 2.3042 0.0000 0.0000 0.0000 0.0000 0.0000 0.0000 0.0000 0.0000 0.0000 0.0000 0.0000 0.0000 0.0000 0.0000 0.0000 0.0000 0.0000 0.0000 0.0000 0.0000 0.0000 0.0000 0.0000 0.0000 0.0000 0.0000 0.0000 0.0000 0.0000 0.0000 0.0000 0.0000 0.0000 0.0000 0.0000 0.0000 0.0000 0.0000 0.0000 0.0000 0.0000 0.0000 0.0000 0.0000 0.0000 5.3387 359.6994 357.6492 37.2240 341.8177 38.5743 30.7230 0.6258 1.0445 348.1000 355.6589 356.0622 0.0000 0.0000 0.0000 0.0000 0.0000 0.0000 0.0000 0.0000 0.0000 0.0000 0.0000 0.0000 0.0000 0.0000 0.0000 0.0000 0.0000 0.0000 0.0000 0.0000 0.0000 0.0000 0.0000 0.0000 0.0000 0.0000 0.0000 0.0000 0.0000 0.0000 0.0000 0.0000 0.0000 0.0000 0.0000 0.0000 0.0000 0.0000 0.0000 0.0000 0.0000 0.0000 0.0000 0.0000 0.0000 3.6315 358.2747 5.5820 3.5994 18.6324 1.5313 0.2695 357.0221 356.2285 355.2280 359.7466 359.9639 355.2027 1.0297 355.0298 1.7251 17.6837 5.0620 349.5143 357.8091 1.8132 2.3839 359.6471 359.5912 
-0.0547 0.8612 0.0412 3.4302 356.7712 358.7944 5.4789 353.4269 359.4912 2.0475 4.1107 -0.0050 359.5145 4.6308 2.5768 359.6371 1.3986 2.3911 351.9734 5.3474 4.8792 319.5936 7.2480 279.6463 342.8255 335.0044 0.5091 10.0581 357.2900 2.2684 0.0000 0.0000 0.0000 0.0000 0.0000 0.0000 0.0000 0.0000 0.0000 0.0000 0.0000 0.0000 0.0000 0.0000 0.0000 0.0000 0.0000 0.0000 0.0000 0.0000 0.0000 0.0000 0.0000 0.0000 0.0000 0.0000 0.0000 0.0000 0.0000 0.0000 0.0000 0.0000 0.0000 0.0000 0.0000 0.0000 0.0000 0.0000 0.0000 0.0000 0.0000 0.0000 0.0000 0.0000 0.0000 5.4528 359.4056 357.5749 37.3517 340.5526 37.2354 31.6596 0.4294 0.8131 348.0717 355.6223 355.7811 0.0000 0.0000 0.0000 0.0000 0.0000 0.0000 0.0000 0.0000 0.0000 0.0000 0.0000 0.0000 0.0000 0.0000 0.0000 0.0000 0.0000 0.0000 0.0000 0.0000 0.0000 0.0000 0.0000 0.0000 0.0000 0.0000 0.0000 0.0000 0.0000 0.0000 0.0000 0.0000 0.0000 0.0000 0.0000 0.0000 0.0000 0.0000 0.0000 0.0000 0.0000 0.0000 0.0000 0.0000 0.0000 3.6498 358.3069 5.5856 3.6645 18.6287 1.5533 0.2930 357.0276 356.1933 355.2162 359.7407 359.9645 355.2271 1.0463 355.0317 1.8125 17.6718 5.0819 349.5208 357.8245 1.7893 2.3880 359.6583 359.5900 
-0.0550 0.8613 0.0421 3.3623 356.8133 358.7911 5.6415 353.3893 359.5385 2.1065 4.0191 359.7744 359.3856 4.5000 2.6981 359.5564 1.3566 2.4375 351.8947 5.4461 4.9789 319.7437 7.4947 279.4402 342.9744 334.9470 0.4886 10.1427 357.2941 2.2205 0.0000 0.0000 0.0000 0.0000 0.0000 0.0000 0.0000 0.0000 0.0000 0.0000 0.0000 0.0000 0.0000 0.0000 0.0000 0.0000 0.0000 0.0000 0.0000 0.0000 0.0000 0.0000 0.0000 0.0000 0.0000 0.0000 0.0000 0.0000 0.0000 0.0000 0.0000 0.0000 0.0000 0.0000 0.0000 0.0000 0.0000 0.0000 0.0000 0.0000 0.0000 0.0000 0.0000 0.0000 0.0000 5.5423 359.0118 357.3602 37.6358 338.8011 35.7353 32.8619 0.0481 0.1883 347.9633 355.5887 355.6090 0.0000 0.0000 0.0000 0.0000 0.0000 0.0000 0.0000 0.0000 0.0000 0.0000 0.0000 0.0000 0.0000 0.0000 0.0000 0.0000 0.0000 0.0000 0.0000 0.0000 0.0000 0.0000 0.0000 0.0000 0.0000 0.0000 0.0000 0.0000 0.0000 0.0000 0.0000 0.0000 0.0000 0.0000 0.0000 0.0000 0.0000 0.0000 0.0000 0.0000 0.0000 0.0000 0.0000 0.0000 0.0000 3.6654 358.3437 5.6145 3.6872 18.6264 1.5686 0.2924 357.0338 356.1735 355.2076 359.7443 359.9606 355.2711 1.0570 355.0707 1.8620 17.6847 5.0785 349.4692 357.8385 1.7768 2.3874 359.6711 359.5930 
-0.0553 0.8615 0.0430 3.2818 356.8566 358.7878 5.8040 353.3516 359.5856 2.1663 3.9273 359.5524 359.2564 4.3695 2.8198 359.4742 1.3147 2.4849 351.8159 5.5451 5.0787 319.8927 7.7412 279.2350 343.1576 334.8894 0.4609 10.1876 357.2998 2.1636 0.0000 0.0000 0.0000 0.0000 0.0000 0.0000 0.0000 0.0000 0.0000 0.0000 0.0000 0.0000 0.0000 0.0000 0.0000 0.0000 0.0000 0.0000 0.0000 0.0000 0.0000 0.0000 0.0000 0.0000 0.0000 0.0000 0.0000 0.0000 0.0000 0.0000 0.0000 0.0000 0.0000 0.0000 0.0000 0.0000 0.0000 0.0000 0.0000 0.0000 0.0000 0.0000 0.0000 0.0000 0.0000 5.6336 358.6180 357.1447 37.9732 337.0571 34.2070 34.0312 359.6805 359.5417 347.9010 355.5587 355.4548 0.0000 0.0000 0.0000 0.0000 0.0000 0.0000 0.0000 0.0000 0.0000 0.0000 0.0000 0.0000 0.0000 0.0000 0.0000 0.0000 0.0000 0.0000 0.0000 0.0000 0.0000 0.0000 0.0000 0.0000 0.0000 0.0000 0.0000 0.0000 0.0000 0.0000 0.0000 0.0000 0.0000 0.0000 0.0000 0.0000 0.0000 0.0000 0.0000 0.0000 0.0000 0.0000 0.0000 0.0000 0.0000 3.6775 358.3744 5.6428 3.7136 18.6239 1.5851 0.2902 357.0396 356.1561 355.1893 359.7431 359.9572 355.2942 1.0537 355.1081 1.9139 17.6974 5.0757 349.4177 357.8524 1.7643 2.3869 359.6840 359.5960 
-0.0556 0.8616 0.0439 3.2012 356.8999 358.7845 5.9666 353.3138 359.6326 2.2265 3.8356 359.3303 359.1270 4.2392 2.9417 359.3919 1.2729 2.5325 351.7373 5.6443 5.1784 320.0409 7.9884 279.0302 343.3410 334.8318 0.4330 10.2324 357.3057 2.1067 0.0000 0.0000 0.0000 0.0000 0.0000 0.0000 0.0000 0.0000 0.0000 0.0000 0.0000 0.0000 0.0000 0.0000 0.0000 0.0000 0.0000 0.0000 0.0000 0.0000 0.0000 0.0000 0.0000 0.0000 0.0000 0.0000 0.0000 0.0000 0.0000 0.0000 0.0000 0.0000 0.0000 0.0000 0.0000 0.0000 0.0000 0.0000 0.0000 0.0000 0.0000 0.0000 0.0000 0.0000 0.0000 5.7263 358.2245 356.9286 38.3662 335.3222 32.6469 35.2049 359.3259 358.8879 347.8388 355.5286 355.3005 0.0000 0.0000 0.0000 0.0000 0.0000 0.0000 0.0000 0.0000 0.0000 0.0000 0.0000 0.0000 0.0000 0.0000 0.0000 0.0000 0.0000 0.0000 0.0000 0.0000 0.0000 0.0000 0.0000 0.0000 0.0000 0.0000 0.0000 0.0000 0.0000 0.0000 0.0000 0.0000 0.0000 0.0000 0.0000 0.0000 0.0000 0.0000 0.0000 0.0000 0.0000 0.0000 0.0000 0.0000 0.0000 3.6897 358.4052 5.6711 3.7399 18.6212 1.6015 0.2880 357.0454 356.1386 355.1710 359.7419 359.9538 355.3173 1.0503 355.1455 1.9659 17.7099 5.0729 349.3662 357.8664 1.7518 2.3863 359.6968 359.5989 
-0.0560 0.8617 0.0451 3.2085 356.9821 358.7782 6.1034 353.3151 359.7480 2.2704 3.6856 358.9027 358.9752 4.1310 3.1811 359.2984 1.2466 2.5431 351.6558 5.7650 5.3252 320.2969 8.2739 278.9535 343.3138 334.8881 0.3555 10.2634 357.3056 2.0689 0.0000 0.0000 0.0000 0.0000 0.0000 0.0000 0.0000 0.0000 0.0000 0.0000 0.0000 0.0000 0.0000 0.0000 0.0000 0.0000 0.0000 0.0000 0.0000 0.0000 0.0000 0.0000 0.0000 0.0000 0.0000 0.0000 0.0000 0.0000 0.0000 0.0000 0.0000 0.0000 0.0000 0.0000 0.0000 0.0000 0.0000 0.0000 0.0000 0.0000 0.0000 0.0000 0.0000 0.0000 0.0000 5.7620 357.6159 356.4334 38.9302 334.0308 29.8218 35.8531 0.0454 359.1471 347.8045 355.4979 355.0104 0.0000 0.0000 0.0000 0.0000 0.0000 0.0000 0.0000 0.0000 0.0000 0.0000 0.0000 0.0000 0.0000 0.0000 0.0000 0.0000 0.0000 0.0000 0.0000 0.0000 0.0000 0.0000 0.0000 0.0000 0.0000 0.0000 0.0000 0.0000 0.0000 0.0000 0.0000 0.0000 0.0000 0.0000 0.0000 0.0000 0.0000 0.0000 0.0000 0.0000 0.0000 0.0000 0.0000 0.0000 0.0000 3.6925 358.4095 5.7040 3.7413 18.6189 1.6122 0.2675 357.0604 356.0507 355.1820 359.7424 359.9560 355.3642 1.0511 355.2093 1.9771 17.7170 5.0595 349.3369 357.8511 1.7565 2.3838 359.7111 359.5995 
-0.0564 0.8617 0.0462 3.2146 357.0622 358.7722 6.2410 353.3158 359.8636 2.3158 3.5354 358.4740 358.8227 4.0233 3.4210 359.2028 1.2192 2.5551 351.5738 5.8870 5.4730 320.5525 8.5596 278.8781 343.2853 334.9448 0.2782 10.2948 357.3057 2.0307 0.0000 0.0000 0.0000 0.0000 0.0000 0.0000 0.0000 0.0000 0.0000 0.0000 0.0000 0.0000 0.0000 0.0000 0.0000 0.0000 0.0000 0.0000 0.0000 0.0000 0.0000 0.0000 0.0000 0.0000 0.0000 0.0000 0.0000 0.0000 0.0000 0.0000 0.0000 0.0000 0.0000 0.0000 0.0000 0.0000 0.0000 0.0000 0.0000 0.0000 0.0000 0.0000 0.0000 0.0000 0.0000 5.8030 357.0078 355.9376 39.5714 332.7662 26.9506 36.5045 0.7619 359.4146 347.7700 355.4670 354.7198 0.0000 0.0000 0.0000 0.0000 0.0000 0.0000 0.0000 0.0000 0.0000 0.0000 0.0000 0.0000 0.0000 0.0000 0.0000 0.0000 0.0000 0.0000 0.0000 0.0000 0.0000 0.0000 0.0000 0.0000 0.0000 0.0000 0.0000 0.0000 0.0000 0.0000 0.0000 0.0000 0.0000 0.0000 0.0000 0.0000 0.0000 0.0000 0.0000 0.0000 0.0000 0.0000 0.0000 0.0000 0.0000 3.6923 358.4066 5.7302 3.7310 18.6178 1.6155 0.2564 357.0498 356.0394 355.1730 359.7417 359.9545 355.3974 1.0538 355.2508 1.9731 17.7205 5.0470 349.3076 357.8357 1.7612 2.3812 359.7295 359.6010 
-0.0568 0.8618 0.0473 3.2207 357.1423 358.7662 6.3786 353.3163 359.9792 2.3622 3.3856 358.0453 358.6699 3.9162 3.6611 359.1071 1.1918 2.5670 351.4921 6.0092 5.6207 320.8079 8.8456 278.8039 343.2568 335.0013 0.2008 10.3261 357.3058 1.9926 0.0000 0.0000 0.0000 0.0000 0.0000 0.0000 0.0000 0.0000 0.0000 0.0000 0.0000 0.0000 0.0000 0.0000 0.0000 0.0000 0.0000 0.0000 0.0000 0.0000 0.0000 0.0000 0.0000 0.0000 0.0000 0.0000 0.0000 0.0000 0.0000 0.0000 0.0000 0.0000 0.0000 0.0000 0.0000 0.0000 0.0000 0.0000 0.0000 0.0000 0.0000 0.0000 0.0000 0.0000 0.0000 5.8492 356.4001 355.4411 40.2912 331.5322 24.0303 37.1594 1.4752 359.6902 347.7357 355.4360 354.4292 0.0000 0.0000 0.0000 0.0000 0.0000 0.0000 0.0000 0.0000 0.0000 0.0000 0.0000 0.0000 0.0000 0.0000 0.0000 0.0000 0.0000 0.0000 0.0000 0.0000 0.0000 0.0000 0.0000 0.0000 0.0000 0.0000 0.0000 0.0000 0.0000 0.0000 0.0000 0.0000 0.0000 0.0000 0.0000 0.0000 0.0000 0.0000 0.0000 0.0000 0.0000 0.0000 0.0000 0.0000 0.0000 3.6922 358.4036 5.7564 3.7207 18.6166 1.6188 0.2454 357.0393 356.0280 355.1640 359.7409 359.9529 355.4306 1.0566 355.2924 1.9691 17.7238 5.0344 349.2783 357.8204 1.7659 2.3786 359.7479 359.6025 
-0.0566 0.8620 0.0487 3.2831 357.2948 358.7662 6.5176 353.3007 0.1673 2.4162 3.1788 357.4776 358.4833 3.7814 4.0288 359.0019 1.1507 2.5300 351.3890 6.1828 5.7804 321.0341 9.1600 278.6884 343.3051 335.0106 0.1291 10.3744 357.3094 1.9536 0.0000 0.0000 0.0000 0.0000 0.0000 0.0000 0.0000 0.0000 0.0000 0.0000 0.0000 0.0000 0.0000 0.0000 0.0000 0.0000 0.0000 0.0000 0.0000 0.0000 0.0000 0.0000 0.0000 0.0000 0.0000 0.0000 0.0000 0.0000 0.0000 0.0000 0.0000 0.0000 0.0000 0.0000 0.0000 0.0000 0.0000 0.0000 0.0000 0.0000 0.0000 0.0000 0.0000 0.0000 0.0000 5.7888 355.7561 354.7412 41.0720 330.5312 20.7814 37.7045 1.5358 359.8013 347.7104 355.3944 354.1506 0.0000 0.0000 0.0000 0.0000 0.0000 0.0000 0.0000 0.0000 0.0000 0.0000 0.0000 0.0000 0.0000 0.0000 0.0000 0.0000 0.0000 0.0000 0.0000 0.0000 0.0000 0.0000 0.0000 0.0000 0.0000 0.0000 0.0000 0.0000 0.0000 0.0000 0.0000 0.0000 0.0000 0.0000 0.0000 0.0000 0.0000 0.0000 0.0000 0.0000 0.0000 0.0000 0.0000 0.0000 0.0000 3.6785 358.3435 5.7770 3.7037 18.6174 1.6041 0.2580 357.0560 356.0300 355.1457 359.7372 359.9525 355.4897 1.0292 355.3181 1.9065 17.7141 5.0153 349.2770 357.8459 1.7726 2.3788 359.7532 359.6028 
-0.0564 0.8622 0.0501 3.3434 357.4420 358.7669 6.6565 353.2845 0.3555 2.4723 2.9723 356.9093 358.2960 3.6480 4.3966 358.8970 1.1097 2.4930 351.2860 6.3573 5.9404 321.2589 9.4739 278.5744 343.3533 335.0197 0.0572 10.4254 357.3132 1.9113 0.0000 0.0000 0.0000 0.0000 0.0000 0.0000 0.0000 0.0000 0.0000 0.0000 0.0000 0.0000 0.0000 0.0000 0.0000 0.0000 0.0000 0.0000 0.0000 0.0000 0.0000 0.0000 0.0000 0.0000 0.0000 0.0000 0.0000 0.0000 0.0000 0.0000 0.0000 0.0000 0.0000 0.0000 0.0000 0.0000 0.0000 0.0000 0.0000 0.0000 0.0000 0.0000 0.0000 0.0000 0.0000 5.7363 355.1114 354.0414 41.9250 329.5707 17.4847 38.2496 1.5952 359.9131 347.6853 355.3528 353.8728 0.0000 0.0000 0.0000 0.0000 0.0000 0.0000 0.0000 0.0000 0.0000 0.0000 0.0000 0.0000 0.0000 0.0000 0.0000 0.0000 0.0000 0.0000 0.0000 0.0000 0.0000 0.0000 0.0000 0.0000 0.0000 0.0000 0.0000 0.0000 0.0000 0.0000 0.0000 0.0000 0.0000 0.0000 0.0000 0.0000 0.0000 0.0000 0.0000 0.0000 0.0000 0.0000 0.0000 0.0000 0.0000 3.6649 358.2870 5.7680 3.6866 18.6180 1.5893 0.2706 357.0728 356.0320 355.1275 359.7335 359.9522 355.5318 1.0005 355.3225 1.8439 17.7043 4.9961 349.2758 357.8714 1.7793 2.3779 359.7663 359.6036 
-0.0562 0.8624 0.0514 3.4037 357.5892 358.7677 6.7954 353.2679 0.5436 2.5304 2.7664 356.3409 358.1080 3.5157 4.7648 358.7921 1.0685 2.4561 351.1834 6.5320 6.1002 321.4833 9.7883 278.4614 343.4015 335.0290 359.9853 10.4764 357.3170 1.8691 0.0000 0.0000 0.0000 0.0000 0.0000 0.0000 0.0000 0.0000 0.0000 0.0000 0.0000 0.0000 0.0000 0.0000 0.0000 0.0000 0.0000 0.0000 0.0000 0.0000 0.0000 0.0000 0.0000 0.0000 0.0000 0.0000 0.0000 0.0000 0.0000 0.0000 0.0000 0.0000 0.0000 0.0000 0.0000 0.0000 0.0000 0.0000 0.0000 0.0000 0.0000 0.0000 0.0000 0.0000 0.0000 5.6916 354.4661 353.3416 42.8496 328.6547 14.1391 38.7948 1.6535 0.0255 347.6606 355.3111 353.5950 0.0000 0.0000 0.0000 0.0000 0.0000 0.0000 0.0000 0.0000 0.0000 0.0000 0.0000 0.0000 0.0000 0.0000 0.0000 0.0000 0.0000 0.0000 0.0000 0.0000 0.0000 0.0000 0.0000 0.0000 0.0000 0.0000 0.0000 0.0000 0.0000 0.0000 0.0000 0.0000 0.0000 0.0000 0.0000 0.0000 0.0000 0.0000 0.0000 0.0000 0.0000 0.0000 0.0000 0.0000 0.0000 3.6514 358.2303 5.7591 3.6696 18.6188 1.5745 0.2832 357.0894 356.0339 355.1092 359.7297 359.9518 355.5739 0.9718 355.3268 1.7813 17.6947 4.9770 349.2747 357.8969 1.7859 2.3770 359.7794 359.6045 
-0.0557 0.8627 0.0527 3.4834 357.7563 358.7711 6.9350 353.2485 0.7427 2.5863 2.5573 355.7310 357.9492 3.4863 5.1547 358.7028 1.0638 2.4031 351.0934 6.6974 6.2608 321.7634 9.9699 278.4355 343.4402 334.9713 359.9888 10.5073 357.3129 1.8446 0.0000 0.0000 0.0000 0.0000 0.0000 0.0000 0.0000 0.0000 0.0000 0.0000 0.0000 0.0000 0.0000 0.0000 0.0000 0.0000 0.0000 0.0000 0.0000 0.0000 0.0000 0.0000 0.0000 0.0000 0.0000 0.0000 0.0000 0.0000 0.0000 0.0000 0.0000 0.0000 0.0000 0.0000 0.0000 0.0000 0.0000 0.0000 0.0000 0.0000 0.0000 0.0000 0.0000 0.0000 0.0000 5.5327 353.8961 352.7255 43.7726 328.1049 11.3465 38.9649 1.1935 359.7145 347.7313 355.2675 353.2667 0.0000 0.0000 0.0000 0.0000 0.0000 0.0000 0.0000 0.0000 0.0000 0.0000 0.0000 0.0000 0.0000 0.0000 0.0000 0.0000 0.0000 0.0000 0.0000 0.0000 0.0000 0.0000 0.0000 0.0000 0.0000 0.0000 0.0000 0.0000 0.0000 0.0000 0.0000 0.0000 0.0000 0.0000 0.0000 0.0000 0.0000 0.0000 0.0000 0.0000 0.0000 0.0000 0.0000 0.0000 0.0000 3.6154 358.1385 5.7205 3.6083 18.6208 1.5399 0.3000 357.1385 356.0423 355.1056 359.7313 359.9518 355.6258 0.9162 355.3122 1.7014 17.6891 4.9462 349.2758 358.0133 1.8172 2.3742 359.7994 359.6089 
-0.0552 0.8630 0.0540 3.5632 357.9221 358.7747 7.0741 353.2288 0.9411 2.6446 2.3486 355.1207 357.7903 3.4579 5.5448 358.6112 1.0581 2.3492 351.0043 6.8624 6.4205 322.0434 10.1515 278.4106 343.4755 334.9131 -0.0027 10.5357 357.3086 1.8221 0.0000 0.0000 0.0000 0.0000 0.0000 0.0000 0.0000 0.0000 0.0000 0.0000 0.0000 0.0000 0.0000 0.0000 0.0000 0.0000 0.0000 0.0000 0.0000 0.0000 0.0000 0.0000 0.0000 0.0000 0.0000 0.0000 0.0000 0.0000 0.0000 0.0000 0.0000 0.0000 0.0000 0.0000 0.0000 0.0000 0.0000 0.0000 0.0000 0.0000 0.0000 0.0000 0.0000 0.0000 0.0000 5.3798 353.3245 352.1106 44.7316 327.5943 8.5274 39.1374 0.7346 359.4023 347.8024 355.2242 352.9393 0.0000 0.0000 0.0000 0.0000 0.0000 0.0000 0.0000 0.0000 0.0000 0.0000 0.0000 0.0000 0.0000 0.0000 0.0000 0.0000 0.0000 0.0000 0.0000 0.0000 0.0000 0.0000 0.0000 0.0000 0.0000 0.0000 0.0000 0.0000 0.0000 0.0000 0.0000 0.0000 0.0000 0.0000 0.0000 0.0000 0.0000 0.0000 0.0000 0.0000 0.0000 0.0000 0.0000 0.0000 0.0000 3.5813 358.0544 5.6832 3.5647 18.6218 1.5205 0.3168 357.1877 356.0507 355.0924 359.7309 359.9515 355.6750 0.8625 355.2972 1.6248 17.6841 4.9165 349.2786 358.0947 1.8394 2.3719 359.8118 359.6128 
-0.0547 0.8632 0.0553 3.6430 358.0879 358.7786 7.2131 353.2085 1.1394 2.7050 2.1405 354.5103 357.6312 3.4306 5.9350 358.5197 1.0524 2.2954 350.9156 7.0275 6.5800 322.3235 10.3332 278.3865 343.5109 334.8549 0.0058 10.5640 357.3043 1.7997 0.0000 0.0000 0.0000 0.0000 0.0000 0.0000 0.0000 0.0000 0.0000 0.0000 0.0000 0.0000 0.0000 0.0000 0.0000 0.0000 0.0000 0.0000 0.0000 0.0000 0.0000 0.0000 0.0000 0.0000 0.0000 0.0000 0.0000 0.0000 0.0000 0.0000 0.0000 0.0000 0.0000 0.0000 0.0000 0.0000 0.0000 0.0000 0.0000 0.0000 0.0000 0.0000 0.0000 0.0000 0.0000 5.2329 352.7513 351.4965 45.7246 327.1244 5.6831 39.3123 0.2765 359.0887 347.8739 355.1815 352.6118 0.0000 0.0000 0.0000 0.0000 0.0000 0.0000 0.0000 0.0000 0.0000 0.0000 0.0000 0.0000 0.0000 0.0000 0.0000 0.0000 0.0000 0.0000 0.0000 0.0000 0.0000 0.0000 0.0000 0.0000 0.0000 0.0000 0.0000 0.0000 0.0000 0.0000 0.0000 0.0000 0.0000 0.0000 0.0000 0.0000 0.0000 0.0000 0.0000 0.0000 0.0000 0.0000 0.0000 0.0000 0.0000 3.5472 357.9701 5.6460 3.5210 18.6229 1.5012 0.3336 357.2368 356.0591 355.0792 359.7305 359.9513 355.7243 0.8087 355.2822 1.5482 17.6791 4.8867 349.2814 358.1761 1.8616 2.3697 359.8242 359.6166 
-0.0539 0.8634 0.0564 3.7734 358.2165 358.7556 7.3796 353.2077 1.2872 2.7729 1.9304 354.0312 357.4650 3.4303 6.3716 358.4259 1.0019 2.2362 350.8540 7.1967 6.7257 322.5128 10.4742 278.2708 343.6116 334.7332 0.0536 10.5923 357.2978 1.7801 0.0000 0.0000 0.0000 0.0000 0.0000 0.0000 0.0000 0.0000 0.0000 0.0000 0.0000 0.0000 0.0000 0.0000 0.0000 0.0000 0.0000 0.0000 0.0000 0.0000 0.0000 0.0000 0.0000 0.0000 0.0000 0.0000 0.0000 0.0000 0.0000 0.0000 0.0000 0.0000 0.0000 0.0000 0.0000 0.0000 0.0000 0.0000 0.0000 0.0000 0.0000 0.0000 0.0000 0.0000 0.0000 4.9901 352.3132 350.9743 46.3295 326.8363 3.5938 39.2606 359.5807 358.6263 348.0046 355.1631 352.4130 0.0000 0.0000 0.0000 0.0000 0.0000 0.0000 0.0000 0.0000 0.0000 0.0000 0.0000 0.0000 0.0000 0.0000 0.0000 0.0000 0.0000 0.0000 0.0000 0.0000 0.0000 0.0000 0.0000 0.0000 0.0000 0.0000 0.0000 0.0000 0.0000 0.0000 0.0000 0.0000 0.0000 0.0000 0.0000 0.0000 0.0000 0.0000 0.0000 0.0000 0.0000 0.0000 0.0000 0.0000 0.0000 3.5020 357.9089 5.6157 3.4550 18.6244 1.4877 0.3545 357.1680 356.0951 355.0567 359.7281 359.9487 355.7274 0.7864 355.2679 1.4687 17.6719 4.8613 349.2875 358.2035 1.8906 2.3719 359.8229 359.6166 
-0.0531 0.8635 0.0575 3.8903 358.3446 358.7329 7.5454 353.2066 1.4340 2.8425 1.7208 353.5520 357.2988 3.4312 6.8079 358.3297 0.9512 2.1756 350.7934 7.3651 6.8703 322.7017 10.6155 278.1556 343.7121 334.6122 0.1011 10.6171 357.2917 1.7632 0.0000 0.0000 0.0000 0.0000 0.0000 0.0000 0.0000 0.0000 0.0000 0.0000 0.0000 0.0000 0.0000 0.0000 0.0000 0.0000 0.0000 0.0000 0.0000 0.0000 0.0000 0.0000 0.0000 0.0000 0.0000 0.0000 0.0000 0.0000 0.0000 0.0000 0.0000 0.0000 0.0000 0.0000 0.0000 0.0000 0.0000 0.0000 0.0000 0.0000 0.0000 0.0000 0.0000 0.0000 0.0000 4.7511 351.8730 350.4537 46.9485 326.5670 1.4943 39.2147 358.8846 358.1642 348.1352 355.1453 352.2156 0.0000 0.0000 0.0000 0.0000 0.0000 0.0000 0.0000 0.0000 0.0000 0.0000 0.0000 0.0000 0.0000 0.0000 0.0000 0.0000 0.0000 0.0000 0.0000 0.0000 0.0000 0.0000 0.0000 0.0000 0.0000 0.0000 0.0000 0.0000 0.0000 0.0000 0.0000 0.0000 0.0000 0.0000 0.0000 0.0000 0.0000 0.0000 0.0000 0.0000 0.0000 0.0000 0.0000 0.0000 0.0000 3.4565 357.8469 5.5851 3.3778 18.6260 1.4692 0.3867 357.1325 356.1367 355.0439 359.7259 359.9463 355.7369 0.7571 355.2517 1.3827 17.6645 4.8333 349.2951 358.2754 1.9318 2.3728 359.8297 359.6191 
-0.0524 0.8636 0.0586 4.0071 358.4727 358.7104 7.7112 353.2051 1.5808 2.9138 1.5118 353.0725 357.1327 3.4334 7.2442 358.2335 0.9005 2.1151 350.7332 7.5335 7.0148 322.8904 10.7572 278.0409 343.8124 334.4911 0.1486 10.6420 357.2856 1.7462 0.0000 0.0000 0.0000 0.0000 0.0000 0.0000 0.0000 0.0000 0.0000 0.0000 0.0000 0.0000 0.0000 0.0000 0.0000 0.0000 0.0000 0.0000 0.0000 0.0000 0.0000 0.0000 0.0000 0.0000 0.0000 0.0000 0.0000 0.0000 0.0000 0.0000 0.0000 0.0000 0.0000 0.0000 0.0000 0.0000 0.0000 0.0000 0.0000 0.0000 0.0000 0.0000 0.0000 0.0000 0.0000 4.5159 351.4306 349.9343 47.5808 326.3168 359.3851 39.1743 358.1880 357.7026 348.2657 355.1280 352.0183 0.0000 0.0000 0.0000 0.0000 0.0000 0.0000 0.0000 0.0000 0.0000 0.0000 0.0000 0.0000 0.0000 0.0000 0.0000 0.0000 0.0000 0.0000 0.0000 0.0000 0.0000 0.0000 0.0000 0.0000 0.0000 0.0000 0.0000 0.0000 0.0000 0.0000 0.0000 0.0000 0.0000 0.0000 0.0000 0.0000 0.0000 0.0000 0.0000 0.0000 0.0000 0.0000 0.0000 0.0000 0.0000 3.4111 357.7849 5.5545 3.3006 18.6277 1.4507 0.4189 357.0968 356.1784 355.0311 359.7237 359.9439 355.7464 0.7278 355.2355 1.2966 17.6568 4.8053 349.3027 358.3474 1.9731 2.3736 359.8364 359.6216 
-0.0524 0.8637 0.0595 4.1562 358.6096 358.6990 7.7872 353.2112 1.6801 2.9539 1.3320 352.6807 357.0089 3.4152 7.5884 358.1565 0.8450 2.0589 350.6628 7.6272 7.1289 323.0255 10.7616 278.0854 343.6691 334.4194 0.1973 10.6300 357.2733 1.7377 0.0000 0.0000 0.0000 0.0000 0.0000 0.0000 0.0000 0.0000 0.0000 0.0000 0.0000 0.0000 0.0000 0.0000 0.0000 0.0000 0.0000 0.0000 0.0000 0.0000 0.0000 0.0000 0.0000 0.0000 0.0000 0.0000 0.0000 0.0000 0.0000 0.0000 0.0000 0.0000 0.0000 0.0000 0.0000 0.0000 0.0000 0.0000 0.0000 0.0000 0.0000 0.0000 0.0000 0.0000 0.0000 4.2687 351.0776 349.5015 48.0408 326.2446 357.7750 39.0890 357.2792 357.1999 348.4141 355.1259 351.9404 0.0000 0.0000 0.0000 0.0000 0.0000 0.0000 0.0000 0.0000 0.0000 0.0000 0.0000 0.0000 0.0000 0.0000 0.0000 0.0000 0.0000 0.0000 0.0000 0.0000 0.0000 0.0000 0.0000 0.0000 0.0000 0.0000 0.0000 0.0000 0.0000 0.0000 0.0000 0.0000 0.0000 0.0000 0.0000 0.0000 0.0000 0.0000 0.0000 0.0000 0.0000 0.0000 0.0000 0.0000 0.0000 3.3310 357.6925 5.5690 3.2028 18.6301 1.4296 0.3896 357.1473 356.1472 355.0268 359.7332 359.9412 355.6829 0.7110 355.2865 1.2136 17.6670 4.7818 349.2560 358.3073 1.9504 2.3673 359.8476 359.6247 
-0.0523 0.8639 0.0605 4.3174 358.7453 358.6881 7.8625 353.2172 1.7788 2.9952 1.1524 352.2886 356.8852 3.3978 7.9318 358.0797 0.7895 2.0029 350.5927 7.7209 7.2430 323.1617 10.7667 278.1294 343.5251 334.3489 0.2462 10.6140 357.2621 1.7316 0.0000 0.0000 0.0000 0.0000 0.0000 0.0000 0.0000 0.0000 0.0000 0.0000 0.0000 0.0000 0.0000 0.0000 0.0000 0.0000 0.0000 0.0000 0.0000 0.0000 0.0000 0.0000 0.0000 0.0000 0.0000 0.0000 0.0000 0.0000 0.0000 0.0000 0.0000 0.0000 0.0000 0.0000 0.0000 0.0000 0.0000 0.0000 0.0000 0.0000 0.0000 0.0000 0.0000 0.0000 0.0000 4.0240 350.7228 349.0699 48.5033 326.1830 356.1631 39.0116 356.3697 356.6980 348.5620 355.1240 351.8632 0.0000 0.0000 0.0000 0.0000 0.0000 0.0000 0.0000 0.0000 0.0000 0.0000 0.0000 0.0000 0.0000 0.0000 0.0000 0.0000 0.0000 0.0000 0.0000 0.0000 0.0000 0.0000 0.0000 0.0000 0.0000 0.0000 0.0000 0.0000 0.0000 0.0000 0.0000 0.0000 0.0000 0.0000 0.0000 0.0000 0.0000 0.0000 0.0000 0.0000 0.0000 0.0000 0.0000 0.0000 0.0000 3.2511 357.6006 5.5837 3.0887 18.6325 1.4044 0.3915 357.1634 356.1566 355.0175 359.7418 359.9377 355.6277 0.6682 355.3232 1.1122 17.6755 4.7523 349.2179 358.3484 1.9742 2.3610 359.8587 359.6278 
-0.0523 0.8640 0.0615 4.4786 358.8810 358.6773 7.9379 353.2231 1.8775 3.0377 0.9731 351.8965 356.7614 3.3811 8.2753 358.0029 0.7339 1.9469 350.5226 7.8148 7.3570 323.2979 10.7717 278.1734 343.3809 334.2787 0.2953 10.5981 357.2509 1.7256 0.0000 0.0000 0.0000 0.0000 0.0000 0.0000 0.0000 0.0000 0.0000 0.0000 0.0000 0.0000 0.0000 0.0000 0.0000 0.0000 0.0000 0.0000 0.0000 0.0000 0.0000 0.0000 0.0000 0.0000 0.0000 0.0000 0.0000 0.0000 0.0000 0.0000 0.0000 0.0000 0.0000 0.0000 0.0000 0.0000 0.0000 0.0000 0.0000 0.0000 0.0000 0.0000 0.0000 0.0000 0.0000 3.7818 350.3661 348.6394 48.9680 326.1324 354.5497 38.9422 355.4595 356.1967 348.7100 355.1223 351.7858 0.0000 0.0000 0.0000 0.0000 0.0000 0.0000 0.0000 0.0000 0.0000 0.0000 0.0000 0.0000 0.0000 0.0000 0.0000 0.0000 0.0000 0.0000 0.0000 0.0000 0.0000 0.0000 0.0000 0.0000 0.0000 0.0000 0.0000 0.0000 0.0000 0.0000 0.0000 0.0000 0.0000 0.0000 0.0000 0.0000 0.0000 0.0000 0.0000 0.0000 0.0000 0.0000 0.0000 0.0000 0.0000 3.1711 357.5087 5.5985 2.9746 18.6350 1.3793 0.3934 357.1794 356.1659 355.0082 359.7504 359.9341 355.5725 0.6255 355.3599 1.0109 17.6839 4.7228 349.1798 358.3895 1.9980 2.3547 359.8699 359.6310 
-0.0522 0.8642 0.0625 4.6469 358.9797 358.6605 8.0366 353.2325 2.0009 3.0928 0.8110 351.4700 356.6124 3.3957 8.6408 357.8951 0.6804 1.8514 350.4686 7.9021 7.4630 323.2685 10.7183 278.0676 343.4308 334.1539 0.3795 10.6114 357.2579 1.7049 0.0000 0.0000 0.0000 0.0000 0.0000 0.0000 0.0000 0.0000 0.0000 0.0000 0.0000 0.0000 0.0000 0.0000 0.0000 0.0000 0.0000 0.0000 0.0000 0.0000 0.0000 0.0000 0.0000 0.0000 0.0000 0.0000 0.0000 0.0000 0.0000 0.0000 0.0000 0.0000 0.0000 0.0000 0.0000 0.0000 0.0000 0.0000 0.0000 0.0000 0.0000 0.0000 0.0000 0.0000 0.0000 3.5411 350.0230 348.2503 49.3402 326.3063 352.7893 38.5773 354.7711 355.9533 348.8832 355.1192 351.7411 0.0000 0.0000 0.0000 0.0000 0.0000 0.0000 0.0000 0.0000 0.0000 0.0000 0.0000 0.0000 0.0000 0.0000 0.0000 0.0000 0.0000 0.0000 0.0000 0.0000 0.0000 0.0000 0.0000 0.0000 0.0000 0.0000 0.0000 0.0000 0.0000 0.0000 0.0000 0.0000 0.0000 0.0000 0.0000 0.0000 0.0000 0.0000 0.0000 0.0000 0.0000 0.0000 0.0000 0.0000 0.0000 3.0967 357.4540 5.6167 2.8608 18.6387 1.3474 0.4091 357.2017 356.1931 355.0005 359.7470 359.9359 355.5336 0.6381 355.3857 0.9119 17.6763 4.7022 349.1918 358.3937 2.0070 2.3603 359.8700 359.6295 
-0.0521 0.8643 0.0634 4.8175 359.0771 358.6438 8.1349 353.2417 2.1237 3.1490 0.6494 351.0436 356.4640 3.4114 9.0046 357.7879 0.6270 1.7564 350.4149 7.9891 7.5685 323.2438 10.6649 277.9632 343.4821 334.0237 0.4630 10.6127 357.2564 1.6797 0.0000 0.0000 0.0000 0.0000 0.0000 0.0000 0.0000 0.0000 0.0000 0.0000 0.0000 0.0000 0.0000 0.0000 0.0000 0.0000 0.0000 0.0000 0.0000 0.0000 0.0000 0.0000 0.0000 0.0000 0.0000 0.0000 0.0000 0.0000 0.0000 0.0000 0.0000 0.0000 0.0000 0.0000 0.0000 0.0000 0.0000 0.0000 0.0000 0.0000 0.0000 0.0000 0.0000 0.0000 0.0000 3.3024 349.6781 347.8621 49.7050 326.4896 351.0341 38.2149 354.0813 355.7140 349.0547 355.1162 351.6972 0.0000 0.0000 0.0000 0.0000 0.0000 0.0000 0.0000 0.0000 0.0000 0.0000 0.0000 0.0000 0.0000 0.0000 0.0000 0.0000 0.0000 0.0000 0.0000 0.0000 0.0000 0.0000 0.0000 0.0000 0.0000 0.0000 0.0000 0.0000 0.0000 0.0000 0.0000 0.0000 0.0000 0.0000 0.0000 0.0000 0.0000 0.0000 0.0000 0.0000 0.0000 0.0000 0.0000 0.0000 0.0000 3.0224 357.3996 5.6349 2.7504 18.6422 1.3162 0.4240 357.2166 356.2159 354.9875 359.7486 359.9357 355.4922 0.6486 355.4131 0.8036 17.6698 4.6790 349.1817 358.4216 2.0298 2.3617 359.8776 359.6300 
-0.0520 0.8645 0.0644 4.9881 359.1745 358.6273 8.2331 353.2507 2.2465 3.2065 0.4883 350.6171 356.3157 3.4281 9.3684 357.6808 0.5735 1.6615 350.3614 8.0762 7.6739 323.2192 10.6116 277.8589 343.5333 333.8935 0.5466 10.6140 357.2549 1.6545 0.0000 0.0000 0.0000 0.0000 0.0000 0.0000 0.0000 0.0000 0.0000 0.0000 0.0000 0.0000 0.0000 0.0000 0.0000 0.0000 0.0000 0.0000 0.0000 0.0000 0.0000 0.0000 0.0000 0.0000 0.0000 0.0000 0.0000 0.0000 0.0000 0.0000 0.0000 0.0000 0.0000 0.0000 0.0000 0.0000 0.0000 0.0000 0.0000 0.0000 0.0000 0.0000 0.0000 0.0000 0.0000 3.0658 349.3316 347.4749 50.0622 326.6821 349.2842 37.8549 353.3901 355.4788 349.2263 355.1134 351.6533 0.0000 0.0000 0.0000 0.0000 0.0000 0.0000 0.0000 0.0000 0.0000 0.0000 0.0000 0.0000 0.0000 0.0000 0.0000 0.0000 0.0000 0.0000 0.0000 0.0000 0.0000 0.0000 0.0000 0.0000 0.0000 0.0000 0.0000 0.0000 0.0000 0.0000 0.0000 0.0000 0.0000 0.0000 0.0000 0.0000 0.0000 0.0000 0.0000 0.0000 0.0000 0.0000 0.0000 0.0000 0.0000 2.9480 357.3452 5.6533 2.6401 18.6456 1.2849 0.4388 357.2316 356.2388 354.9744 359.7503 359.9355 355.4507 0.6592 355.4406 0.6953 17.6629 4.6557 349.1716 358.4496 2.0526 2.3631 359.8851 359.6306 
-0.0516 0.8646 0.0648 5.0124 359.2293 358.5994 8.1693 353.2721 2.3247 3.2038 0.3791 350.3464 356.3211 3.5384 9.6959 357.7453 0.5361 1.5410 350.2960 8.1420 7.7437 323.1976 10.5301 277.7853 343.4838 333.8573 0.6097 10.6095 357.2549 1.6296 0.0000 0.0000 0.0000 0.0000 0.0000 0.0000 0.0000 0.0000 0.0000 0.0000 0.0000 0.0000 0.0000 0.0000 0.0000 0.0000 0.0000 0.0000 0.0000 0.0000 0.0000 0.0000 0.0000 0.0000 0.0000 0.0000 0.0000 0.0000 0.0000 0.0000 0.0000 0.0000 0.0000 0.0000 0.0000 0.0000 0.0000 0.0000 0.0000 0.0000 0.0000 0.0000 0.0000 0.0000 0.0000 2.8896 349.0320 347.1556 50.3172 326.7634 347.8258 37.6651 353.0838 355.2722 349.3880 355.1124 351.5698 0.0000 0.0000 0.0000 0.0000 0.0000 0.0000 0.0000 0.0000 0.0000 0.0000 0.0000 0.0000 0.0000 0.0000 0.0000 0.0000 0.0000 0.0000 0.0000 0.0000 0.0000 0.0000 0.0000 0.0000 0.0000 0.0000 0.0000 0.0000 0.0000 0.0000 0.0000 0.0000 0.0000 0.0000 0.0000 0.0000 0.0000 0.0000 0.0000 0.0000 0.0000 0.0000 0.0000 0.0000 0.0000 2.9443 357.3114 5.6504 2.5923 18.6468 1.2709 0.4626 357.2093 356.2696 354.9854 359.7618 359.9302 355.4782 0.6277 355.4573 0.6767 17.6662 4.6256 349.1616 358.5398 2.0977 2.3549 359.8954 359.6320 
-0.0511 0.8646 0.0651 5.0390 359.2845 358.5715 8.1068 353.2937 2.4044 3.2017 0.2698 350.0757 356.3274 3.6488 10.0228 357.8076 0.4976 1.4184 350.2312 8.2071 7.8125 323.1762 10.4488 277.7123 343.4327 333.8250 0.6703 10.6050 357.2548 1.6045 0.0000 0.0000 0.0000 0.0000 0.0000 0.0000 0.0000 0.0000 0.0000 0.0000 0.0000 0.0000 0.0000 0.0000 0.0000 0.0000 0.0000 0.0000 0.0000 0.0000 0.0000 0.0000 0.0000 0.0000 0.0000 0.0000 0.0000 0.0000 0.0000 0.0000 0.0000 0.0000 0.0000 0.0000 0.0000 0.0000 0.0000 0.0000 0.0000 0.0000 0.0000 0.0000 0.0000 0.0000 0.0000 2.7148 348.7313 346.8369 50.5694 326.8501 346.3694 37.4764 352.7772 355.0666 349.5482 355.1115 351.4867 0.0000 0.0000 0.0000 0.0000 0.0000 0.0000 0.0000 0.0000 0.0000 0.0000 0.0000 0.0000 0.0000 0.0000 0.0000 0.0000 0.0000 0.0000 0.0000 0.0000 0.0000 0.0000 0.0000 0.0000 0.0000 0.0000 0.0000 0.0000 0.0000 0.0000 0.0000 0.0000 0.0000 0.0000 0.0000 0.0000 0.0000 0.0000 0.0000 0.0000 0.0000 0.0000 0.0000 0.0000 0.0000 2.9430 357.2793 5.6470 2.5555 18.6479 1.2600 0.4863 357.1867 356.3004 354.9749 359.7761 359.9245 355.5102 0.5951 355.4710 0.6599 17.6695 4.5960 349.1595 358.6079 2.1248 2.3467 359.9056 359.6334 
-0.0507 0.8647 0.0655 5.0656 359.3398 358.5435 8.0444 353.3154 2.4841 3.2000 0.1606 349.8050 356.3344 3.7591 10.3497 357.8699 0.4593 1.2958 350.1665 8.2722 7.8813 323.1549 10.3675 277.6394 343.3816 333.7927 0.7310 10.6004 357.2548 1.5796 0.0000 0.0000 0.0000 0.0000 0.0000 0.0000 0.0000 0.0000 0.0000 0.0000 0.0000 0.0000 0.0000 0.0000 0.0000 0.0000 0.0000 0.0000 0.0000 0.0000 0.0000 0.0000 0.0000 0.0000 0.0000 0.0000 0.0000 0.0000 0.0000 0.0000 0.0000 0.0000 0.0000 0.0000 0.0000 0.0000 0.0000 0.0000 0.0000 0.0000 0.0000 0.0000 0.0000 0.0000 0.0000 2.5416 348.4297 346.5187 50.8187 326.9421 344.9150 37.2886 352.4699 354.8618 349.7084 355.1110 351.4036 0.0000 0.0000 0.0000 0.0000 0.0000 0.0000 0.0000 0.0000 0.0000 0.0000 0.0000 0.0000 0.0000 0.0000 0.0000 0.0000 0.0000 0.0000 0.0000 0.0000 0.0000 0.0000 0.0000 0.0000 0.0000 0.0000 0.0000 0.0000 0.0000 0.0000 0.0000 0.0000 0.0000 0.0000 0.0000 0.0000 0.0000 0.0000 0.0000 0.0000 0.0000 0.0000 0.0000 0.0000 0.0000 2.9418 357.2473 5.6436 2.5187 18.6488 1.2491 0.5101 357.1643 356.3311 354.9643 359.7904 359.9187 355.5421 0.5626 355.4847 0.6431 17.6727 4.5663 349.1574 358.6762 2.1519 2.3385 359.9158 359.6348 
-0.0507 0.8648 0.0656 4.9570 359.3768 358.4944 7.9947 353.3654 2.5576 3.1980 0.0372 349.5221 356.3701 3.8193 10.7478 357.9459 0.3948 1.2064 350.0734 8.3105 7.9478 323.1016 10.3282 277.6783 343.2903 333.9010 0.7870 10.5973 357.2509 1.5496 0.0000 0.0000 0.0000 0.0000 0.0000 0.0000 0.0000 0.0000 0.0000 0.0000 0.0000 0.0000 0.0000 0.0000 0.0000 0.0000 0.0000 0.0000 0.0000 0.0000 0.0000 0.0000 0.0000 0.0000 0.0000 0.0000 0.0000 0.0000 0.0000 0.0000 0.0000 0.0000 0.0000 0.0000 0.0000 0.0000 0.0000 0.0000 0.0000 0.0000 0.0000 0.0000 0.0000 0.0000 0.0000 2.4160 348.1851 346.2307 50.8979 327.0179 343.8312 36.9414 352.2317 354.7717 349.8752 355.1136 351.3188 0.0000 0.0000 0.0000 0.0000 0.0000 0.0000 0.0000 0.0000 0.0000 0.0000 0.0000 0.0000 0.0000 0.0000 0.0000 0.0000 0.0000 0.0000 0.0000 0.0000 0.0000 0.0000 0.0000 0.0000 0.0000 0.0000 0.0000 0.0000 0.0000 0.0000 0.0000 0.0000 0.0000 0.0000 0.0000 0.0000 0.0000 0.0000 0.0000 0.0000 0.0000 0.0000 0.0000 0.0000 0.0000 2.9684 357.2379 5.6960 2.5798 18.6473 1.2619 0.5157 357.2227 356.2863 354.9732 359.7892 359.9271 355.5498 0.5420 355.5338 0.7152 17.6715 4.5859 349.2019 358.6928 2.1349 2.3494 359.8936 359.6300 
-0.0507 0.8649 0.0658 4.8827 359.4117 358.4464 7.9432 353.4161 2.6335 3.1966 359.9138 349.2391 356.4063 3.8793 11.1456 358.0220 0.3304 1.1166 349.9814 8.3476 8.0131 323.0487 10.2910 277.7190 343.1987 334.0093 0.8433 10.5947 357.2471 1.5227 0.0000 0.0000 0.0000 0.0000 0.0000 0.0000 0.0000 0.0000 0.0000 0.0000 0.0000 0.0000 0.0000 0.0000 0.0000 0.0000 0.0000 0.0000 0.0000 0.0000 0.0000 0.0000 0.0000 0.0000 0.0000 0.0000 0.0000 0.0000 0.0000 0.0000 0.0000 0.0000 0.0000 0.0000 0.0000 0.0000 0.0000 0.0000 0.0000 0.0000 0.0000 0.0000 0.0000 0.0000 0.0000 2.2916 347.9399 345.9431 50.9753 327.0948 342.7486 36.5947 351.9934 354.6832 350.0424 355.1165 351.2337 0.0000 0.0000 0.0000 0.0000 0.0000 0.0000 0.0000 0.0000 0.0000 0.0000 0.0000 0.0000 0.0000 0.0000 0.0000 0.0000 0.0000 0.0000 0.0000 0.0000 0.0000 0.0000 0.0000 0.0000 0.0000 0.0000 0.0000 0.0000 0.0000 0.0000 0.0000 0.0000 0.0000 0.0000 0.0000 0.0000 0.0000 0.0000 0.0000 0.0000 0.0000 0.0000 0.0000 0.0000 0.0000 2.9946 357.2188 5.7474 2.6255 18.6458 1.2700 0.5402 357.2634 356.2661 354.9680 359.8071 359.9278 355.5802 0.4983 355.5925 0.7689 17.6737 4.5729 349.2443 358.7820 2.1467 2.3524 359.8813 359.6266 
-0.0507 0.8651 0.0659 4.8084 359.4467 358.3984 7.8917 353.4669 2.7093 3.1957 359.7904 348.9561 356.4429 3.9390 11.5435 358.0983 0.2661 1.0268 349.8895 8.3849 8.0783 322.9958 10.2538 277.7598 343.1073 334.1176 0.8993 10.5921 357.2433 1.4957 0.0000 0.0000 0.0000 0.0000 0.0000 0.0000 0.0000 0.0000 0.0000 0.0000 0.0000 0.0000 0.0000 0.0000 0.0000 0.0000 0.0000 0.0000 0.0000 0.0000 0.0000 0.0000 0.0000 0.0000 0.0000 0.0000 0.0000 0.0000 0.0000 0.0000 0.0000 0.0000 0.0000 0.0000 0.0000 0.0000 0.0000 0.0000 0.0000 0.0000 0.0000 0.0000 0.0000 0.0000 0.0000 2.1684 347.6942 345.6558 51.0509 327.1730 341.6670 36.2482 351.7547 354.5962 350.2097 355.1195 351.1487 0.0000 0.0000 0.0000 0.0000 0.0000 0.0000 0.0000 0.0000 0.0000 0.0000 0.0000 0.0000 0.0000 0.0000 0.0000 0.0000 0.0000 0.0000 0.0000 0.0000 0.0000 0.0000 0.0000 0.0000 0.0000 0.0000 0.0000 0.0000 0.0000 0.0000 0.0000 0.0000 0.0000 0.0000 0.0000 0.0000 0.0000 0.0000 0.0000 0.0000 0.0000 0.0000 0.0000 0.0000 0.0000 3.0208 357.1996 5.7988 2.6711 18.6446 1.2782 0.5648 357.3039 356.2458 354.9628 359.8250 359.9286 355.6105 0.4545 355.6513 0.8225 17.6759 4.5599 349.2866 358.8712 2.1586 2.3555 359.8689 359.6232 
-0.0513 0.8652 0.0660 4.7078 359.4782 358.3756 7.7279 353.4814 2.7764 3.1547 359.6866 348.7703 356.5283 4.0328 11.9124 358.2174 0.2593 0.9028 349.8066 8.4323 8.1328 322.8566 10.1724 277.6851 343.0825 334.1362 0.9064 10.5954 357.2469 1.4508 0.0000 0.0000 0.0000 0.0000 0.0000 0.0000 0.0000 0.0000 0.0000 0.0000 0.0000 0.0000 0.0000 0.0000 0.0000 0.0000 0.0000 0.0000 0.0000 0.0000 0.0000 0.0000 0.0000 0.0000 0.0000 0.0000 0.0000 0.0000 0.0000 0.0000 0.0000 0.0000 0.0000 0.0000 0.0000 0.0000 0.0000 0.0000 0.0000 0.0000 0.0000 0.0000 0.0000 0.0000 0.0000 2.0403 347.4874 345.3912 51.3029 327.1393 340.6707 35.9489 351.7952 354.5428 350.3443 355.1055 350.9895 0.0000 0.0000 0.0000 0.0000 0.0000 0.0000 0.0000 0.0000 0.0000 0.0000 0.0000 0.0000 0.0000 0.0000 0.0000 0.0000 0.0000 0.0000 0.0000 0.0000 0.0000 0.0000 0.0000 0.0000 0.0000 0.0000 0.0000 0.0000 0.0000 0.0000 0.0000 0.0000 0.0000 0.0000 0.0000 0.0000 0.0000 0.0000 0.0000 0.0000 0.0000 0.0000 0.0000 0.0000 0.0000 3.0397 357.1856 5.8507 2.7219 18.6441 1.2786 0.5306 357.2640 356.2886 354.9725 359.8172 359.9276 355.6519 0.4209 355.7016 0.8586 17.6761 4.5595 349.2787 358.8438 2.1396 2.3608 359.8989 359.6271 
-0.0518 0.8653 0.0660 4.6013 359.5117 358.3500 7.5638 353.4964 2.8440 3.1141 359.5830 348.5851 356.6143 4.1261 12.2816 358.3365 0.2528 0.7787 349.7260 8.4788 8.1856 322.7191 10.0918 277.6096 343.0576 334.1554 0.9135 10.5992 357.2511 1.4101 0.0000 0.0000 0.0000 0.0000 0.0000 0.0000 0.0000 0.0000 0.0000 0.0000 0.0000 0.0000 0.0000 0.0000 0.0000 0.0000 0.0000 0.0000 0.0000 0.0000 0.0000 0.0000 0.0000 0.0000 0.0000 0.0000 0.0000 0.0000 0.0000 0.0000 0.0000 0.0000 0.0000 0.0000 0.0000 0.0000 0.0000 0.0000 0.0000 0.0000 0.0000 0.0000 0.0000 0.0000 0.0000 1.9133 347.2806 345.1277 51.5556 327.1093 339.6737 35.6501 351.8358 354.4892 350.4774 355.0919 350.8310 0.0000 0.0000 0.0000 0.0000 0.0000 0.0000 0.0000 0.0000 0.0000 0.0000 0.0000 0.0000 0.0000 0.0000 0.0000 0.0000 0.0000 0.0000 0.0000 0.0000 0.0000 0.0000 0.0000 0.0000 0.0000 0.0000 0.0000 0.0000 0.0000 0.0000 0.0000 0.0000 0.0000 0.0000 0.0000 0.0000 0.0000 0.0000 0.0000 0.0000 0.0000 0.0000 0.0000 0.0000 0.0000 3.0666 357.1656 5.9186 2.7845 18.6434 1.2810 0.5543 357.3195 356.2839 354.9763 359.8298 359.9274 355.7035 0.3723 355.7718 0.9208 17.6773 4.5528 349.3114 358.9022 2.1322 2.3733 359.8998 359.6230 
-0.0524 0.8655 0.0661 4.4947 359.5453 358.3244 7.3997 353.5116 2.9116 3.0737 359.4792 348.4000 356.7009 4.2188 12.6509 358.4556 0.2466 0.6547 349.6454 8.5254 8.2384 322.5816 10.0110 277.5342 343.0327 334.1747 0.9207 10.6029 357.2552 1.3693 0.0000 0.0000 0.0000 0.0000 0.0000 0.0000 0.0000 0.0000 0.0000 0.0000 0.0000 0.0000 0.0000 0.0000 0.0000 0.0000 0.0000 0.0000 0.0000 0.0000 0.0000 0.0000 0.0000 0.0000 0.0000 0.0000 0.0000 0.0000 0.0000 0.0000 0.0000 0.0000 0.0000 0.0000 0.0000 0.0000 0.0000 0.0000 0.0000 0.0000 0.0000 0.0000 0.0000 0.0000 0.0000 1.7872 347.0732 344.8643 51.8090 327.0830 338.6763 35.3513 351.8762 354.4355 350.6107 355.0786 350.6725 0.0000 0.0000 0.0000 0.0000 0.0000 0.0000 0.0000 0.0000 0.0000 0.0000 0.0000 0.0000 0.0000 0.0000 0.0000 0.0000 0.0000 0.0000 0.0000 0.0000 0.0000 0.0000 0.0000 0.0000 0.0000 0.0000 0.0000 0.0000 0.0000 0.0000 0.0000 0.0000 0.0000 0.0000 0.0000 0.0000 0.0000 0.0000 0.0000 0.0000 0.0000 0.0000 0.0000 0.0000 0.0000 3.0936 357.1457 5.9865 2.8471 18.6425 1.2835 0.5779 357.3752 356.2791 354.9801 359.8425 359.9272 355.7551 0.3235 355.8420 0.9831 17.6788 4.5462 349.3441 358.9604 2.1247 2.3858 359.9008 359.6188 
-0.0528 0.8657 0.0660 4.4198 359.5476 358.2977 7.2199 353.5107 2.9669 3.0292 359.4065 348.2992 356.7988 4.3824 12.9700 358.5614 0.2765 0.5290 349.5836 8.5418 8.2776 322.4754 9.8830 277.5266 342.9014 334.3152 0.9105 10.5893 357.2572 1.3598 0.0000 0.0000 0.0000 0.0000 0.0000 0.0000 0.0000 0.0000 0.0000 0.0000 0.0000 0.0000 0.0000 0.0000 0.0000 0.0000 0.0000 0.0000 0.0000 0.0000 0.0000 0.0000 0.0000 0.0000 0.0000 0.0000 0.0000 0.0000 0.0000 0.0000 0.0000 0.0000 0.0000 0.0000 0.0000 0.0000 0.0000 0.0000 0.0000 0.0000 0.0000 0.0000 0.0000 0.0000 0.0000 1.6849 346.9236 344.6823 51.8059 327.1503 337.9742 35.2201 351.7217 354.3700 350.7513 355.0784 350.6010 0.0000 0.0000 0.0000 0.0000 0.0000 0.0000 0.0000 0.0000 0.0000 0.0000 0.0000 0.0000 0.0000 0.0000 0.0000 0.0000 0.0000 0.0000 0.0000 0.0000 0.0000 0.0000 0.0000 0.0000 0.0000 0.0000 0.0000 0.0000 0.0000 0.0000 0.0000 0.0000 0.0000 0.0000 0.0000 0.0000 0.0000 0.0000 0.0000 0.0000 0.0000 0.0000 0.0000 0.0000 0.0000 3.1102 357.1462 6.0182 2.8985 18.6415 1.2889 0.5847 357.4080 356.2868 354.9811 359.8393 359.9218 355.8041 0.3068 355.8934 1.0201 17.6789 4.5342 349.3331 359.0004 2.1210 2.3856 359.9026 359.6202 
-0.0531 0.8660 0.0660 4.3431 359.5481 358.2725 7.0427 353.5098 3.0212 2.9849 359.3339 348.1989 356.8976 4.5454 13.2891 358.6671 0.3066 0.4034 349.5190 8.5599 8.3186 322.3717 9.7563 277.5206 342.7737 334.4531 0.8990 10.5758 357.2593 1.3481 0.0000 0.0000 0.0000 0.0000 0.0000 0.0000 0.0000 0.0000 0.0000 0.0000 0.0000 0.0000 0.0000 0.0000 0.0000 0.0000 0.0000 0.0000 0.0000 0.0000 0.0000 0.0000 0.0000 0.0000 0.0000 0.0000 0.0000 0.0000 0.0000 0.0000 0.0000 0.0000 0.0000 0.0000 0.0000 0.0000 0.0000 0.0000 0.0000 0.0000 0.0000 0.0000 0.0000 0.0000 0.0000 1.5830 346.7738 344.5006 51.8019 327.2175 337.2726 35.0898 351.5670 354.3050 350.8921 355.0784 350.5292 0.0000 0.0000 0.0000 0.0000 0.0000 0.0000 0.0000 0.0000 0.0000 0.0000 0.0000 0.0000 0.0000 0.0000 0.0000 0.0000 0.0000 0.0000 0.0000 0.0000 0.0000 0.0000 0.0000 0.0000 0.0000 0.0000 0.0000 0.0000 0.0000 0.0000 0.0000 0.0000 0.0000 0.0000 0.0000 0.0000 0.0000 0.0000 0.0000 0.0000 0.0000 0.0000 0.0000 0.0000 0.0000 3.1315 357.1433 6.0616 2.9493 18.6404 1.2943 0.6094 357.4830 356.2909 354.9881 359.8556 359.9160 355.8559 0.2873 355.9486 1.0640 17.6794 4.5215 349.3507 359.0914 2.1108 2.3982 359.9053 359.6174 
-0.0534 0.8662 0.0659 4.2664 359.5486 358.2473 6.8655 353.5090 3.0754 2.9406 359.2612 348.0986 356.9973 4.7079 13.6085 358.7728 0.3370 0.2779 349.4545 8.5780 8.3595 322.2680 9.6297 277.5147 342.6459 334.5911 0.8871 10.5624 357.2615 1.3364 0.0000 0.0000 0.0000 0.0000 0.0000 0.0000 0.0000 0.0000 0.0000 0.0000 0.0000 0.0000 0.0000 0.0000 0.0000 0.0000 0.0000 0.0000 0.0000 0.0000 0.0000 0.0000 0.0000 0.0000 0.0000 0.0000 0.0000 0.0000 0.0000 0.0000 0.0000 0.0000 0.0000 0.0000 0.0000 0.0000 0.0000 0.0000 0.0000 0.0000 0.0000 0.0000 0.0000 0.0000 0.0000 1.4816 346.6237 344.3190 51.7968 327.2847 336.5717 34.9596 351.4122 354.2402 351.0329 355.0785 350.4575 0.0000 0.0000 0.0000 0.0000 0.0000 0.0000 0.0000 0.0000 0.0000 0.0000 0.0000 0.0000 0.0000 0.0000 0.0000 0.0000 0.0000 0.0000 0.0000 0.0000 0.0000 0.0000 0.0000 0.0000 0.0000 0.0000 0.0000 0.0000 0.0000 0.0000 0.0000 0.0000 0.0000 0.0000 0.0000 0.0000 0.0000 0.0000 0.0000 0.0000 0.0000 0.0000 0.0000 0.0000 0.0000 3.1527 357.1403 6.1050 3.0000 18.6394 1.2996 0.6340 357.5580 356.2950 354.9950 359.8720 359.9103 355.9077 0.2678 356.0039 1.1080 17.6798 4.5088 349.3683 359.1825 2.1006 2.4108 359.9081 359.6146 
-0.0536 0.8663 0.0658 4.1406 359.5384 358.2223 6.6723 353.5219 3.0946 2.8891 359.1494 348.0838 357.1420 4.8922 13.8089 358.9339 0.4143 0.1565 349.4006 8.5757 8.3782 322.1700 9.5476 277.5013 342.5977 334.6611 0.8718 10.5577 357.2640 1.3312 0.0000 0.0000 0.0000 0.0000 0.0000 0.0000 0.0000 0.0000 0.0000 0.0000 0.0000 0.0000 0.0000 0.0000 0.0000 0.0000 0.0000 0.0000 0.0000 0.0000 0.0000 0.0000 0.0000 0.0000 0.0000 0.0000 0.0000 0.0000 0.0000 0.0000 0.0000 0.0000 0.0000 0.0000 0.0000 0.0000 0.0000 0.0000 0.0000 0.0000 0.0000 0.0000 0.0000 0.0000 0.0000 1.3881 346.5264 344.1980 51.6069 327.2563 336.0141 35.0409 351.3870 353.8990 351.1429 355.0593 350.1832 0.0000 0.0000 0.0000 0.0000 0.0000 0.0000 0.0000 0.0000 0.0000 0.0000 0.0000 0.0000 0.0000 0.0000 0.0000 0.0000 0.0000 0.0000 0.0000 0.0000 0.0000 0.0000 0.0000 0.0000 0.0000 0.0000 0.0000 0.0000 0.0000 0.0000 0.0000 0.0000 0.0000 0.0000 0.0000 0.0000 0.0000 0.0000 0.0000 0.0000 0.0000 0.0000 0.0000 0.0000 0.0000 3.2075 357.1645 6.1299 3.1086 18.6371 1.3129 0.6681 357.5837 356.2885 354.9908 359.8465 359.9169 355.9942 0.2534 356.0244 1.1707 17.6661 4.5243 349.4178 359.1975 2.0702 2.4105 359.9139 359.6151 
-0.0537 0.8664 0.0656 3.9896 359.5282 358.1977 6.4777 353.5349 3.1142 2.8368 359.0363 348.0673 357.2876 5.0762 14.0101 359.0941 0.4918 0.0362 349.3438 8.5743 8.3988 322.0723 9.4658 277.4881 342.5493 334.7314 0.8564 10.5567 357.2659 1.3292 0.0000 0.0000 0.0000 0.0000 0.0000 0.0000 0.0000 0.0000 0.0000 0.0000 0.0000 0.0000 0.0000 0.0000 0.0000 0.0000 0.0000 0.0000 0.0000 0.0000 0.0000 0.0000 0.0000 0.0000 0.0000 0.0000 0.0000 0.0000 0.0000 0.0000 0.0000 0.0000 0.0000 0.0000 0.0000 0.0000 0.0000 0.0000 0.0000 0.0000 0.0000 0.0000 0.0000 0.0000 0.0000 1.2948 346.4290 344.0771 51.4173 327.2263 335.4570 35.1224 351.3625 353.5578 351.2540 355.0405 349.9082 0.0000 0.0000 0.0000 0.0000 0.0000 0.0000 0.0000 0.0000 0.0000 0.0000 0.0000 0.0000 0.0000 0.0000 0.0000 0.0000 0.0000 0.0000 0.0000 0.0000 0.0000 0.0000 0.0000 0.0000 0.0000 0.0000 0.0000 0.0000 0.0000 0.0000 0.0000 0.0000 0.0000 0.0000 0.0000 0.0000 0.0000 0.0000 0.0000 0.0000 0.0000 0.0000 0.0000 0.0000 0.0000 3.2646 357.1883 6.1596 3.2226 18.6349 1.3268 0.7032 357.6125 356.2822 354.9952 359.8413 359.9164 356.0854 0.2372 356.0500 1.2533 17.6526 4.5341 349.4750 359.2526 2.0354 2.4263 359.9233 359.6119 
-0.0539 0.8666 0.0655 3.8387 359.5179 358.1731 6.2831 353.5479 3.1338 2.7845 358.9232 348.0509 357.4339 5.2596 14.2119 359.2542 0.5696 359.9162 349.2870 8.5730 8.4194 321.9746 9.3839 277.4750 342.5008 334.8016 0.8410 10.5558 357.2678 1.3272 0.0000 0.0000 0.0000 0.0000 0.0000 0.0000 0.0000 0.0000 0.0000 0.0000 0.0000 0.0000 0.0000 0.0000 0.0000 0.0000 0.0000 0.0000 0.0000 0.0000 0.0000 0.0000 0.0000 0.0000 0.0000 0.0000 0.0000 0.0000 0.0000 0.0000 0.0000 0.0000 0.0000 0.0000 0.0000 0.0000 0.0000 0.0000 0.0000 0.0000 0.0000 0.0000 0.0000 0.0000 0.0000 1.2017 346.3315 343.9563 51.2279 327.1949 334.8998 35.2041 351.3385 353.2165 351.3653 355.0222 349.6333 0.0000 0.0000 0.0000 0.0000 0.0000 0.0000 0.0000 0.0000 0.0000 0.0000 0.0000 0.0000 0.0000 0.0000 0.0000 0.0000 0.0000 0.0000 0.0000 0.0000 0.0000 0.0000 0.0000 0.0000 0.0000 0.0000 0.0000 0.0000 0.0000 0.0000 0.0000 0.0000 0.0000 0.0000 0.0000 0.0000 0.0000 0.0000 0.0000 0.0000 0.0000 0.0000 0.0000 0.0000 0.0000 3.3217 357.2121 6.1892 3.3365 18.6324 1.3406 0.7384 357.6414 356.2760 354.9996 359.8362 359.9159 356.1767 0.2209 356.0755 1.3359 17.6391 4.5439 349.5323 359.3078 2.0007 2.4422 359.9327 359.6088 
-0.0536 0.8666 0.0653 3.7529 359.5023 358.1517 6.1306 353.5554 3.1184 2.7487 358.8356 348.0291 357.4945 5.3785 14.3675 359.3053 0.6255 359.8379 349.2734 8.5864 8.4596 321.9896 9.3859 277.4657 342.4532 334.8675 0.8212 10.5397 357.2648 1.3360 0.0000 0.0000 0.0000 0.0000 0.0000 0.0000 0.0000 0.0000 0.0000 0.0000 0.0000 0.0000 0.0000 0.0000 0.0000 0.0000 0.0000 0.0000 0.0000 0.0000 0.0000 0.0000 0.0000 0.0000 0.0000 0.0000 0.0000 0.0000 0.0000 0.0000 0.0000 0.0000 0.0000 0.0000 0.0000 0.0000 0.0000 0.0000 0.0000 0.0000 0.0000 0.0000 0.0000 0.0000 0.0000 1.1015 346.2339 343.8384 51.0184 327.2730 334.5347 35.5168 351.1772 352.9584 351.4639 355.0233 349.5484 0.0000 0.0000 0.0000 0.0000 0.0000 0.0000 0.0000 0.0000 0.0000 0.0000 0.0000 0.0000 0.0000 0.0000 0.0000 0.0000 0.0000 0.0000 0.0000 0.0000 0.0000 0.0000 0.0000 0.0000 0.0000 0.0000 0.0000 0.0000 0.0000 0.0000 0.0000 0.0000 0.0000 0.0000 0.0000 0.0000 0.0000 0.0000 0.0000 0.0000 0.0000 0.0000 0.0000 0.0000 0.0000 3.3155 357.2352 6.1871 3.4009 18.6325 1.3353 0.7617 357.6074 356.3004 354.9969 359.8466 359.9150 356.2163 0.2096 356.0702 1.3554 17.6319 4.5441 349.5340 359.3088 2.0217 2.4332 359.9126 359.6084 
-0.0533 0.8667 0.0650 3.6639 359.4865 358.1300 5.9789 353.5629 3.1030 2.7127 358.7475 348.0074 357.5555 5.4973 14.5234 359.3571 0.6818 359.7590 349.2582 8.5999 8.5004 322.0042 9.3876 277.4563 342.4073 334.9311 0.8019 10.5237 357.2618 1.3447 0.0000 0.0000 0.0000 0.0000 0.0000 0.0000 0.0000 0.0000 0.0000 0.0000 0.0000 0.0000 0.0000 0.0000 0.0000 0.0000 0.0000 0.0000 0.0000 0.0000 0.0000 0.0000 0.0000 0.0000 0.0000 0.0000 0.0000 0.0000 0.0000 0.0000 0.0000 0.0000 0.0000 0.0000 0.0000 0.0000 0.0000 0.0000 0.0000 0.0000 0.0000 0.0000 0.0000 0.0000 0.0000 1.0017 346.1366 343.7211 50.8084 327.3500 334.1695 35.8302 351.0173 352.6998 351.5628 355.0245 349.4628 0.0000 0.0000 0.0000 0.0000 0.0000 0.0000 0.0000 0.0000 0.0000 0.0000 0.0000 0.0000 0.0000 0.0000 0.0000 0.0000 0.0000 0.0000 0.0000 0.0000 0.0000 0.0000 0.0000 0.0000 0.0000 0.0000 0.0000 0.0000 0.0000 0.0000 0.0000 0.0000 0.0000 0.0000 0.0000 0.0000 0.0000 0.0000 0.0000 0.0000 0.0000 0.0000 0.0000 0.0000 0.0000 3.3167 357.2615 6.1890 3.4716 18.6322 1.3308 0.8141 357.5974 356.3197 354.9944 359.8571 359.9141 356.2601 0.1973 356.0659 1.3965 17.6213 4.5468 349.5756 359.3484 2.0184 2.4403 359.9021 359.6048 
-0.0530 0.8667 0.0647 3.5749 359.4708 358.1084 5.8273 353.5703 3.0875 2.6767 358.6593 347.9857 357.6169 5.6160 14.6795 359.4089 0.7383 359.6802 349.2430 8.6133 8.5411 322.0188 9.3893 277.4470 342.3613 334.9948 0.7826 10.5077 357.2588 1.3536 0.0000 0.0000 0.0000 0.0000 0.0000 0.0000 0.0000 0.0000 0.0000 0.0000 0.0000 0.0000 0.0000 0.0000 0.0000 0.0000 0.0000 0.0000 0.0000 0.0000 0.0000 0.0000 0.0000 0.0000 0.0000 0.0000 0.0000 0.0000 0.0000 0.0000 0.0000 0.0000 0.0000 0.0000 0.0000 0.0000 0.0000 0.0000 0.0000 0.0000 0.0000 0.0000 0.0000 0.0000 0.0000 0.9022 346.0390 343.6039 50.5980 327.4259 333.8042 36.1445 350.8588 352.4401 351.6618 355.0259 349.3773 0.0000 0.0000 0.0000 0.0000 0.0000 0.0000 0.0000 0.0000 0.0000 0.0000 0.0000 0.0000 0.0000 0.0000 0.0000 0.0000 0.0000 0.0000 0.0000 0.0000 0.0000 0.0000 0.0000 0.0000 0.0000 0.0000 0.0000 0.0000 0.0000 0.0000 0.0000 0.0000 0.0000 0.0000 0.0000 0.0000 0.0000 0.0000 0.0000 0.0000 0.0000 0.0000 0.0000 0.0000 0.0000 3.3180 357.2878 6.1908 3.5423 18.6320 1.3263 0.8665 357.5872 356.3389 354.9917 359.8676 359.9132 356.3039 0.1852 356.0617 1.4375 17.6106 4.5495 349.6172 359.3879 2.0152 2.4474 359.8915 359.6012 
-0.0533 0.8667 0.0646 3.5104 359.4586 358.0886 5.7516 353.5825 3.0771 2.6561 358.5848 348.0237 357.6666 5.7513 14.7116 359.4315 0.8334 359.6343 349.2142 8.5874 8.5432 321.9427 9.3910 277.4374 342.3397 335.0526 0.7629 10.5105 357.2591 1.3587 0.0000 0.0000 0.0000 0.0000 0.0000 0.0000 0.0000 0.0000 0.0000 0.0000 0.0000 0.0000 0.0000 0.0000 0.0000 0.0000 0.0000 0.0000 0.0000 0.0000 0.0000 0.0000 0.0000 0.0000 0.0000 0.0000 0.0000 0.0000 0.0000 0.0000 0.0000 0.0000 0.0000 0.0000 0.0000 0.0000 0.0000 0.0000 0.0000 0.0000 0.0000 0.0000 0.0000 0.0000 0.0000 0.9198 345.9769 343.5523 50.5514 327.3478 333.7049 36.8832 350.4155 351.7681 351.7222 355.0362 349.2920 0.0000 0.0000 0.0000 0.0000 0.0000 0.0000 0.0000 0.0000 0.0000 0.0000 0.0000 0.0000 0.0000 0.0000 0.0000 0.0000 0.0000 0.0000 0.0000 0.0000 0.0000 0.0000 0.0000 0.0000 0.0000 0.0000 0.0000 0.0000 0.0000 0.0000 0.0000 0.0000 0.0000 0.0000 0.0000 0.0000 0.0000 0.0000 0.0000 0.0000 0.0000 0.0000 0.0000 0.0000 0.0000 3.3071 357.2803 6.2343 3.5846 18.6322 1.3224 0.8742 357.5965 356.3328 354.9964 359.8701 359.9116 356.3221 0.1848 356.0994 1.4441 17.6080 4.5466 349.6279 359.3890 2.0099 2.4493 359.8987 359.6010 
-0.0536 0.8667 0.0645 3.4459 359.4469 358.0694 5.6775 353.5945 3.0668 2.6367 358.5133 348.0624 357.7169 5.8877 14.7452 359.4539 0.9284 359.5887 349.1847 8.5621 8.5473 321.8672 9.3927 277.4276 342.3158 335.1124 0.7425 10.5030 357.2574 1.3695 0.0000 0.0000 0.0000 0.0000 0.0000 0.0000 0.0000 0.0000 0.0000 0.0000 0.0000 0.0000 0.0000 0.0000 0.0000 0.0000 0.0000 0.0000 0.0000 0.0000 0.0000 0.0000 0.0000 0.0000 0.0000 0.0000 0.0000 0.0000 0.0000 0.0000 0.0000 0.0000 0.0000 0.0000 0.0000 0.0000 0.0000 0.0000 0.0000 0.0000 0.0000 0.0000 0.0000 0.0000 0.0000 0.9374 345.9146 343.5005 50.5048 327.2697 333.6056 37.6277 349.9809 351.0895 351.7809 355.0466 349.2083 0.0000 0.0000 0.0000 0.0000 0.0000 0.0000 0.0000 0.0000 0.0000 0.0000 0.0000 0.0000 0.0000 0.0000 0.0000 0.0000 0.0000 0.0000 0.0000 0.0000 0.0000 0.0000 0.0000 0.0000 0.0000 0.0000 0.0000 0.0000 0.0000 0.0000 0.0000 0.0000 0.0000 0.0000 0.0000 0.0000 0.0000 0.0000 0.0000 0.0000 0.0000 0.0000 0.0000 0.0000 0.0000 3.2975 357.2984 6.2796 3.6418 18.6324 1.3175 0.9224 357.5978 356.3415 355.0011 359.8726 359.9100 356.3450 0.1833 356.1367 1.4688 17.6005 4.5448 349.6548 359.4058 2.0034 2.4574 359.8968 359.5976 
-0.0538 0.8668 0.0644 3.3814 359.4352 358.0502 5.6034 353.6066 3.0566 2.6172 358.4418 348.1012 357.7674 6.0240 14.7789 359.4763 1.0235 359.5431 349.1551 8.5368 8.5514 321.7916 9.3944 277.4178 342.2919 335.1721 0.7221 10.4955 357.2557 1.3803 0.0000 0.0000 0.0000 0.0000 0.0000 0.0000 0.0000 0.0000 0.0000 0.0000 0.0000 0.0000 0.0000 0.0000 0.0000 0.0000 0.0000 0.0000 0.0000 0.0000 0.0000 0.0000 0.0000 0.0000 0.0000 0.0000 0.0000 0.0000 0.0000 0.0000 0.0000 0.0000 0.0000 0.0000 0.0000 0.0000 0.0000 0.0000 0.0000 0.0000 0.0000 0.0000 0.0000 0.0000 0.0000 0.9549 345.8523 343.4486 50.4584 327.1915 333.5062 38.3783 349.5551 350.4043 351.8396 355.0571 349.1246 0.0000 0.0000 0.0000 0.0000 0.0000 0.0000 0.0000 0.0000 0.0000 0.0000 0.0000 0.0000 0.0000 0.0000 0.0000 0.0000 0.0000 0.0000 0.0000 0.0000 0.0000 0.0000 0.0000 0.0000 0.0000 0.0000 0.0000 0.0000 0.0000 0.0000 0.0000 0.0000 0.0000 0.0000 0.0000 0.0000 0.0000 0.0000 0.0000 0.0000 0.0000 0.0000 0.0000 0.0000 0.0000 3.2878 357.3166 6.3249 3.6990 18.6325 1.3127 0.9706 357.5992 356.3502 355.0058 359.8751 359.9085 356.3680 0.1816 356.1740 1.4936 17.5931 4.5430 349.6818 359.4224 1.9969 2.4655 359.8949 359.5942 
-0.0536 0.8668 0.0639 3.2390 359.4055 358.0262 5.4869 353.5779 2.9796 2.5660 358.4658 348.3621 357.8237 6.0220 14.7138 359.5026 1.0965 359.5453 349.1393 8.5310 8.5583 321.7054 9.4569 277.2765 342.3824 335.1237 0.6100 10.5030 357.2608 1.3562 0.0000 0.0000 0.0000 0.0000 0.0000 0.0000 0.0000 0.0000 0.0000 0.0000 0.0000 0.0000 0.0000 0.0000 0.0000 0.0000 0.0000 0.0000 0.0000 0.0000 0.0000 0.0000 0.0000 0.0000 0.0000 0.0000 0.0000 0.0000 0.0000 0.0000 0.0000 0.0000 0.0000 0.0000 0.0000 0.0000 0.0000 0.0000 0.0000 0.0000 0.0000 0.0000 0.0000 0.0000 0.0000 0.9267 345.9448 343.5509 50.0998 327.1049 334.0391 40.1579 348.8026 349.2093 351.8817 355.0851 349.2728 0.0000 0.0000 0.0000 0.0000 0.0000 0.0000 0.0000 0.0000 0.0000 0.0000 0.0000 0.0000 0.0000 0.0000 0.0000 0.0000 0.0000 0.0000 0.0000 0.0000 0.0000 0.0000 0.0000 0.0000 0.0000 0.0000 0.0000 0.0000 0.0000 0.0000 0.0000 0.0000 0.0000 0.0000 0.0000 0.0000 0.0000 0.0000 0.0000 0.0000 0.0000 0.0000 0.0000 0.0000 0.0000 3.3273 357.3378 6.3074 3.7571 18.6310 1.3232 0.9638 357.5820 356.3590 355.0079 359.8762 359.9079 356.4211 0.1620 356.1674 1.5683 17.5739 4.5545 349.6911 359.4332 1.9919 2.4713 359.8849 359.5880 
-0.0534 0.8668 0.0634 3.1009 359.3772 358.0048 5.3668 353.5497 2.9021 2.5150 358.4905 348.6228 357.8796 6.0192 14.6484 359.5284 1.1677 359.5483 349.1238 8.5255 8.5652 321.6202 9.5192 277.1352 342.4734 335.0742 0.4982 10.5058 357.2648 1.3385 0.0000 0.0000 0.0000 0.0000 0.0000 0.0000 0.0000 0.0000 0.0000 0.0000 0.0000 0.0000 0.0000 0.0000 0.0000 0.0000 0.0000 0.0000 0.0000 0.0000 0.0000 0.0000 0.0000 0.0000 0.0000 0.0000 0.0000 0.0000 0.0000 0.0000 0.0000 0.0000 0.0000 0.0000 0.0000 0.0000 0.0000 0.0000 0.0000 0.0000 0.0000 0.0000 0.0000 0.0000 0.0000 0.8987 346.0374 343.6532 49.7396 327.0207 334.5727 41.9575 348.0874 347.9878 351.9249 355.1131 349.4196 0.0000 0.0000 0.0000 0.0000 0.0000 0.0000 0.0000 0.0000 0.0000 0.0000 0.0000 0.0000 0.0000 0.0000 0.0000 0.0000 0.0000 0.0000 0.0000 0.0000 0.0000 0.0000 0.0000 0.0000 0.0000 0.0000 0.0000 0.0000 0.0000 0.0000 0.0000 0.0000 0.0000 0.0000 0.0000 0.0000 0.0000 0.0000 0.0000 0.0000 0.0000 0.0000 0.0000 0.0000 0.0000 3.3630 357.3663 6.3081 3.8280 18.6294 1.3326 1.0100 357.5663 356.3774 355.0099 359.8773 359.9073 356.4748 0.1423 356.1616 1.6348 17.5573 4.5666 349.7265 359.4600 1.9807 2.4772 359.8748 359.5817 
-0.0531 0.8668 0.0630 2.9628 359.3489 357.9833 5.2468 353.5212 2.8247 2.4642 358.5156 348.8834 357.9356 6.0165 14.5831 359.5543 1.2389 359.5515 349.1083 8.5200 8.5721 321.5348 9.5813 276.9938 342.5645 335.0249 0.3863 10.5087 357.2689 1.3208 0.0000 0.0000 0.0000 0.0000 0.0000 0.0000 0.0000 0.0000 0.0000 0.0000 0.0000 0.0000 0.0000 0.0000 0.0000 0.0000 0.0000 0.0000 0.0000 0.0000 0.0000 0.0000 0.0000 0.0000 0.0000 0.0000 0.0000 0.0000 0.0000 0.0000 0.0000 0.0000 0.0000 0.0000 0.0000 0.0000 0.0000 0.0000 0.0000 0.0000 0.0000 0.0000 0.0000 0.0000 0.0000 0.8709 346.1300 343.7555 49.3783 326.9394 335.1074 43.7769 347.4103 346.7404 351.9681 355.1411 349.5665 0.0000 0.0000 0.0000 0.0000 0.0000 0.0000 0.0000 0.0000 0.0000 0.0000 0.0000 0.0000 0.0000 0.0000 0.0000 0.0000 0.0000 0.0000 0.0000 0.0000 0.0000 0.0000 0.0000 0.0000 0.0000 0.0000 0.0000 0.0000 0.0000 0.0000 0.0000 0.0000 0.0000 0.0000 0.0000 0.0000 0.0000 0.0000 0.0000 0.0000 0.0000 0.0000 0.0000 0.0000 0.0000 3.3986 357.3949 6.3089 3.8990 18.6280 1.3420 1.0561 357.5505 356.3957 355.0120 359.8783 359.9067 356.5285 0.1226 356.1559 1.7012 17.5408 4.5786 349.7618 359.4868 1.9695 2.4831 359.8649 359.5754 
-0.0528 0.8667 0.0621 2.9113 359.2940 357.9706 5.2382 353.5280 2.7168 2.4297 358.6463 349.2976 357.9308 5.9403 14.3906 359.4955 1.2391 359.5994 349.1397 8.4746 8.5715 321.6607 9.7605 277.0551 342.6683 334.9841 0.3307 10.5183 357.2679 1.3025 0.0000 0.0000 0.0000 0.0000 0.0000 0.0000 0.0000 0.0000 0.0000 0.0000 0.0000 0.0000 0.0000 0.0000 0.0000 0.0000 0.0000 0.0000 0.0000 0.0000 0.0000 0.0000 0.0000 0.0000 0.0000 0.0000 0.0000 0.0000 0.0000 0.0000 0.0000 0.0000 0.0000 0.0000 0.0000 0.0000 0.0000 0.0000 0.0000 0.0000 0.0000 0.0000 0.0000 0.0000 0.0000 0.8839 346.3299 343.9841 48.8398 326.5956 336.1424 47.7452 347.7588 344.3260 351.8965 355.1265 349.5445 0.0000 0.0000 0.0000 0.0000 0.0000 0.0000 0.0000 0.0000 0.0000 0.0000 0.0000 0.0000 0.0000 0.0000 0.0000 0.0000 0.0000 0.0000 0.0000 0.0000 0.0000 0.0000 0.0000 0.0000 0.0000 0.0000 0.0000 0.0000 0.0000 0.0000 0.0000 0.0000 0.0000 0.0000 0.0000 0.0000 0.0000 0.0000 0.0000 0.0000 0.0000 0.0000 0.0000 0.0000 0.0000 3.3823 357.3767 6.2776 3.9402 18.6271 1.3517 1.0519 357.5288 356.4069 355.0143 359.8771 359.9064 356.5105 0.1024 356.1294 1.7675 17.5361 4.5914 349.7925 359.5032 1.9651 2.4821 359.8664 359.5764 
-0.0525 0.8666 0.0613 2.8616 359.2446 357.9622 5.2286 353.5344 2.6082 2.3960 358.7773 349.7125 357.9248 5.8642 14.2000 359.4364 1.2380 359.6472 349.1680 8.4281 8.5722 321.7864 9.9398 277.1160 342.7696 334.9445 0.2784 10.5274 357.2663 1.2868 0.0000 0.0000 0.0000 0.0000 0.0000 0.0000 0.0000 0.0000 0.0000 0.0000 0.0000 0.0000 0.0000 0.0000 0.0000 0.0000 0.0000 0.0000 0.0000 0.0000 0.0000 0.0000 0.0000 0.0000 0.0000 0.0000 0.0000 0.0000 0.0000 0.0000 0.0000 0.0000 0.0000 0.0000 0.0000 0.0000 0.0000 0.0000 0.0000 0.0000 0.0000 0.0000 0.0000 0.0000 0.0000 0.8978 346.5293 344.2121 48.2921 326.2602 337.1846 51.6886 348.2690 341.9462 351.8245 355.1116 349.5209 0.0000 0.0000 0.0000 0.0000 0.0000 0.0000 0.0000 0.0000 0.0000 0.0000 0.0000 0.0000 0.0000 0.0000 0.0000 0.0000 0.0000 0.0000 0.0000 0.0000 0.0000 0.0000 0.0000 0.0000 0.0000 0.0000 0.0000 0.0000 0.0000 0.0000 0.0000 0.0000 0.0000 0.0000 0.0000 0.0000 0.0000 0.0000 0.0000 0.0000 0.0000 0.0000 0.0000 0.0000 0.0000 3.3932 357.3803 6.2469 3.9818 18.6263 1.3615 1.0902 357.4926 356.4349 355.0164 359.8759 359.9061 356.4866 0.0843 356.1035 1.8241 17.5338 4.6024 349.8053 359.5061 1.9663 2.4880 359.8564 359.5702 
-0.0522 0.8665 0.0605 2.8119 359.1953 357.9538 5.2189 353.5409 2.4995 2.3633 358.9085 350.1272 357.9190 5.7880 14.0095 359.3772 1.2370 359.6950 349.1963 8.3816 8.5729 321.9123 10.1190 277.1774 342.8710 334.9051 0.2259 10.5365 357.2647 1.2712 0.0000 0.0000 0.0000 0.0000 0.0000 0.0000 0.0000 0.0000 0.0000 0.0000 0.0000 0.0000 0.0000 0.0000 0.0000 0.0000 0.0000 0.0000 0.0000 0.0000 0.0000 0.0000 0.0000 0.0000 0.0000 0.0000 0.0000 0.0000 0.0000 0.0000 0.0000 0.0000 0.0000 0.0000 0.0000 0.0000 0.0000 0.0000 0.0000 0.0000 0.0000 0.0000 0.0000 0.0000 0.0000 0.9125 346.7286 344.4399 47.7351 325.9331 338.2347 55.5991 348.9374 339.6130 351.7524 355.0966 349.4974 0.0000 0.0000 0.0000 0.0000 0.0000 0.0000 0.0000 0.0000 0.0000 0.0000 0.0000 0.0000 0.0000 0.0000 0.0000 0.0000 0.0000 0.0000 0.0000 0.0000 0.0000 0.0000 0.0000 0.0000 0.0000 0.0000 0.0000 0.0000 0.0000 0.0000 0.0000 0.0000 0.0000 0.0000 0.0000 0.0000 0.0000 0.0000 0.0000 0.0000 0.0000 0.0000 0.0000 0.0000 0.0000 3.4041 357.3839 6.2162 4.0233 18.6254 1.3712 1.1284 357.4563 356.4629 355.0187 359.8747 359.9059 356.4627 0.0661 356.0777 1.8807 17.5315 4.6134 349.8181 359.5089 1.9675 2.4938 359.8463 359.5639 
-0.0521 0.8664 0.0591 2.7766 359.1391 357.9621 5.1100 353.5054 2.3744 2.2910 359.0581 350.5935 357.9075 5.5486 13.6989 359.3056 1.2510 359.7383 349.1561 8.1982 8.5498 322.2560 10.1660 277.7756 342.9727 334.8417 0.2451 10.4980 357.2582 1.2931 0.0000 0.0000 0.0000 0.0000 0.0000 0.0000 0.0000 0.0000 0.0000 0.0000 0.0000 0.0000 0.0000 0.0000 0.0000 0.0000 0.0000 0.0000 0.0000 0.0000 0.0000 0.0000 0.0000 0.0000 0.0000 0.0000 0.0000 0.0000 0.0000 0.0000 0.0000 0.0000 0.0000 0.0000 0.0000 0.0000 0.0000 0.0000 0.0000 0.0000 0.0000 0.0000 0.0000 0.0000 0.0000 1.0263 347.1721 344.8316 46.9273 325.4342 340.4488 58.6812 349.6251 338.1236 351.6522 355.0488 349.5371 0.0000 0.0000 0.0000 0.0000 0.0000 0.0000 0.0000 0.0000 0.0000 0.0000 0.0000 0.0000 0.0000 0.0000 0.0000 0.0000 0.0000 0.0000 0.0000 0.0000 0.0000 0.0000 0.0000 0.0000 0.0000 0.0000 0.0000 0.0000 0.0000 0.0000 0.0000 0.0000 0.0000 0.0000 0.0000 0.0000 0.0000 0.0000 0.0000 0.0000 0.0000 0.0000 0.0000 0.0000 0.0000 3.4137 357.3415 6.2166 3.9880 18.6263 1.3924 1.1110 357.5041 356.4580 355.0221 359.8636 359.8996 356.4561 0.0036 356.0569 1.9441 17.5356 4.6175 349.8526 359.5019 1.9703 2.4932 359.8444 359.5681 
-0.0520 0.8663 0.0577 2.7296 359.0855 357.9709 5.0009 353.4699 2.2465 2.2199 359.2084 351.0599 357.8972 5.3092 13.3884 359.2349 1.2651 359.7809 349.1152 8.0160 8.5268 322.6015 10.2112 278.3748 343.0718 334.7764 0.2651 10.4734 357.2493 1.2911 0.0000 0.0000 0.0000 0.0000 0.0000 0.0000 0.0000 0.0000 0.0000 0.0000 0.0000 0.0000 0.0000 0.0000 0.0000 0.0000 0.0000 0.0000 0.0000 0.0000 0.0000 0.0000 0.0000 0.0000 0.0000 0.0000 0.0000 0.0000 0.0000 0.0000 0.0000 0.0000 0.0000 0.0000 0.0000 0.0000 0.0000 0.0000 0.0000 0.0000 0.0000 0.0000 0.0000 0.0000 0.0000 1.1430 347.6150 345.2236 46.0920 324.9618 342.6839 61.7378 350.3902 336.6785 351.5510 355.0009 349.5767 0.0000 0.0000 0.0000 0.0000 0.0000 0.0000 0.0000 0.0000 0.0000 0.0000 0.0000 0.0000 0.0000 0.0000 0.0000 0.0000 0.0000 0.0000 0.0000 0.0000 0.0000 0.0000 0.0000 0.0000 0.0000 0.0000 0.0000 0.0000 0.0000 0.0000 0.0000 0.0000 0.0000 0.0000 0.0000 0.0000 0.0000 0.0000 0.0000 0.0000 0.0000 0.0000 0.0000 0.0000 0.0000 3.4332 357.3025 6.1892 3.9877 18.6263 1.4218 1.1485 357.4999 356.4933 355.0256 359.8525 359.8934 356.4475 359.9395 356.0341 1.9973 17.5402 4.6196 349.8657 359.4901 1.9710 2.4983 359.8324 359.5660 
-0.0519 0.8661 0.0563 2.6825 359.0318 357.9798 4.8918 353.4341 2.1186 2.1500 359.3593 351.5262 357.8883 5.0696 13.0781 359.1643 1.2793 359.8234 349.0743 7.8338 8.5040 322.9475 10.2528 278.9743 343.1709 334.7110 0.2851 10.4488 357.2403 1.2892 0.0000 0.0000 0.0000 0.0000 0.0000 0.0000 0.0000 0.0000 0.0000 0.0000 0.0000 0.0000 0.0000 0.0000 0.0000 0.0000 0.0000 0.0000 0.0000 0.0000 0.0000 0.0000 0.0000 0.0000 0.0000 0.0000 0.0000 0.0000 0.0000 0.0000 0.0000 0.0000 0.0000 0.0000 0.0000 0.0000 0.0000 0.0000 0.0000 0.0000 0.0000 0.0000 0.0000 0.0000 0.0000 1.2627 348.0570 345.6158 45.2300 324.5165 344.9399 64.7675 351.2299 335.2816 351.4498 354.9532 349.6163 0.0000 0.0000 0.0000 0.0000 0.0000 0.0000 0.0000 0.0000 0.0000 0.0000 0.0000 0.0000 0.0000 0.0000 0.0000 0.0000 0.0000 0.0000 0.0000 0.0000 0.0000 0.0000 0.0000 0.0000 0.0000 0.0000 0.0000 0.0000 0.0000 0.0000 0.0000 0.0000 0.0000 0.0000 0.0000 0.0000 0.0000 0.0000 0.0000 0.0000 0.0000 0.0000 0.0000 0.0000 0.0000 3.4527 357.2634 6.1617 3.9873 18.6266 1.4511 1.1860 357.4956 356.5286 355.0291 359.8414 359.8871 356.4390 359.8754 356.0114 2.0504 17.5446 4.6217 349.8787 359.4784 1.9718 2.5035 359.8205 359.5639 
-0.0517 0.8660 0.0549 2.6523 358.9353 358.0186 4.7388 353.3665 1.9952 2.0453 359.5105 352.1931 358.0282 4.9259 12.4776 359.2728 1.2830 359.8211 349.0085 7.1327 8.4879 324.4234 9.2844 282.2125 342.6246 336.0840 0.0847 10.4558 357.2154 1.4580 0.0000 0.0000 0.0000 0.0000 0.0000 0.0000 0.0000 0.0000 0.0000 0.0000 0.0000 0.0000 0.0000 0.0000 0.0000 0.0000 0.0000 0.0000 0.0000 0.0000 0.0000 0.0000 0.0000 0.0000 0.0000 0.0000 0.0000 0.0000 0.0000 0.0000 0.0000 0.0000 0.0000 0.0000 0.0000 0.0000 0.0000 0.0000 0.0000 0.0000 0.0000 0.0000 0.0000 0.0000 0.0000 1.5205 348.7324 346.3218 43.3275 324.1797 349.0090 68.8997 352.8647 333.5863 351.3521 354.8539 349.5114 0.0000 0.0000 0.0000 0.0000 0.0000 0.0000 0.0000 0.0000 0.0000 0.0000 0.0000 0.0000 0.0000 0.0000 0.0000 0.0000 0.0000 0.0000 0.0000 0.0000 0.0000 0.0000 0.0000 0.0000 0.0000 0.0000 0.0000 0.0000 0.0000 0.0000 0.0000 0.0000 0.0000 0.0000 0.0000 0.0000 0.0000 0.0000 0.0000 0.0000 0.0000 0.0000 0.0000 0.0000 0.0000 3.5058 357.2662 6.1118 3.9869 18.6305 1.3494 1.1286 357.5082 356.5080 355.0154 359.8776 359.9149 356.4053 359.8687 355.9530 2.1277 17.5554 4.6232 349.9086 359.4478 1.9704 2.5084 359.8285 359.5683 
-0.0515 0.8658 0.0535 2.6268 358.8373 358.0577 4.5839 353.2979 1.8695 1.9424 359.6630 352.8599 358.1696 4.7836 11.8770 359.3852 1.2859 359.8164 348.9430 6.4316 8.4727 325.8377 8.2359 285.4160 342.0775 337.4516 359.8719 10.4468 357.1848 1.6256 0.0000 0.0000 0.0000 0.0000 0.0000 0.0000 0.0000 0.0000 0.0000 0.0000 0.0000 0.0000 0.0000 0.0000 0.0000 0.0000 0.0000 0.0000 0.0000 0.0000 0.0000 0.0000 0.0000 0.0000 0.0000 0.0000 0.0000 0.0000 0.0000 0.0000 0.0000 0.0000 0.0000 0.0000 0.0000 0.0000 0.0000 0.0000 0.0000 0.0000 0.0000 0.0000 0.0000 0.0000 0.0000 1.7862 349.4048 347.0294 41.3936 323.9538 353.1039 72.9696 354.6153 332.0233 351.2526 354.7536 349.4074 0.0000 0.0000 0.0000 0.0000 0.0000 0.0000 0.0000 0.0000 0.0000 0.0000 0.0000 0.0000 0.0000 0.0000 0.0000 0.0000 0.0000 0.0000 0.0000 0.0000 0.0000 0.0000 0.0000 0.0000 0.0000 0.0000 0.0000 0.0000 0.0000 0.0000 0.0000 0.0000 0.0000 0.0000 0.0000 0.0000 0.0000 0.0000 0.0000 0.0000 0.0000 0.0000 0.0000 0.0000 0.0000 3.5603 357.2663 6.0600 3.9855 18.6349 1.3266 1.1295 357.5142 356.5423 355.0110 359.8838 359.9257 356.3702 359.8516 355.8909 2.1847 17.5642 4.6238 349.9384 359.4172 1.9689 2.5196 359.8218 359.5702 
-0.0513 0.8657 0.0521 2.6011 358.7393 358.0970 4.4290 353.2289 1.7439 1.8412 359.8166 353.5264 358.3124 4.6429 11.2761 359.4977 1.2889 359.8117 348.8778 5.7304 8.4583 327.1872 7.1112 288.5842 341.5302 338.8173 359.6470 10.4377 357.1542 1.7932 0.0000 0.0000 0.0000 0.0000 0.0000 0.0000 0.0000 0.0000 0.0000 0.0000 0.0000 0.0000 0.0000 0.0000 0.0000 0.0000 0.0000 0.0000 0.0000 0.0000 0.0000 0.0000 0.0000 0.0000 0.0000 0.0000 0.0000 0.0000 0.0000 0.0000 0.0000 0.0000 0.0000 0.0000 0.0000 0.0000 0.0000 0.0000 0.0000 0.0000 0.0000 0.0000 0.0000 0.0000 0.0000 2.0598 350.0739 347.7387 39.4405 323.8405 357.2148 76.9814 356.4711 330.5966 351.1534 354.6530 349.3035 0.0000 0.0000 0.0000 0.0000 0.0000 0.0000 0.0000 0.0000 0.0000 0.0000 0.0000 0.0000 0.0000 0.0000 0.0000 0.0000 0.0000 0.0000 0.0000 0.0000 0.0000 0.0000 0.0000 0.0000 0.0000 0.0000 0.0000 0.0000 0.0000 0.0000 0.0000 0.0000 0.0000 0.0000 0.0000 0.0000 0.0000 0.0000 0.0000 0.0000 0.0000 0.0000 0.0000 0.0000 0.0000 3.6148 357.2664 6.0081 3.9841 18.6394 1.3038 1.1304 357.5201 356.5767 355.0066 359.8900 359.9365 356.3351 359.8344 355.8288 2.2417 17.5732 4.6245 349.9683 359.3866 1.9674 2.5308 359.8152 359.5720 
-0.0501 0.8656 0.0510 2.6136 358.5837 358.1570 4.1523 353.1530 1.5870 1.7027 359.8994 354.4308 358.5329 4.6625 10.3033 359.6200 1.4792 359.8732 348.6388 4.6651 8.3918 328.6140 4.5510 292.1191 341.6517 340.2916 359.2913 10.5211 357.0815 2.3379 0.0000 0.0000 0.0000 0.0000 0.0000 0.0000 0.0000 0.0000 0.0000 0.0000 0.0000 0.0000 0.0000 0.0000 0.0000 0.0000 0.0000 0.0000 0.0000 0.0000 0.0000 0.0000 0.0000 0.0000 0.0000 0.0000 0.0000 0.0000 0.0000 0.0000 0.0000 0.0000 0.0000 0.0000 0.0000 0.0000 0.0000 0.0000 0.0000 0.0000 0.0000 0.0000 0.0000 0.0000 0.0000 2.2911 351.0386 348.7466 36.1786 324.6079 3.2216 82.5647 0.1649 329.6896 351.1096 354.5078 348.9324 0.0000 0.0000 0.0000 0.0000 0.0000 0.0000 0.0000 0.0000 0.0000 0.0000 0.0000 0.0000 0.0000 0.0000 0.0000 0.0000 0.0000 0.0000 0.0000 0.0000 0.0000 0.0000 0.0000 0.0000 0.0000 0.0000 0.0000 0.0000 0.0000 0.0000 0.0000 0.0000 0.0000 0.0000 0.0000 0.0000 0.0000 0.0000 0.0000 0.0000 0.0000 0.0000 0.0000 0.0000 0.0000 3.6514 357.3521 5.8753 3.9078 18.6400 1.2868 1.1703 357.5249 356.6606 355.0089 359.8858 359.9196 356.2662 359.8972 355.6763 2.3364 17.5994 4.6031 350.0239 359.3921 2.0404 2.5168 359.8202 359.5699 
-0.0489 0.8656 0.0500 2.6286 358.4276 358.2173 3.8747 353.0759 1.4295 1.5656 359.9845 355.3354 358.7528 4.6860 9.3310 359.7433 1.6694 359.9350 348.4013 3.5990 8.3298 329.8766 1.9089 295.5803 341.7624 341.7665 358.9421 10.6037 357.0078 2.8835 0.0000 0.0000 0.0000 0.0000 0.0000 0.0000 0.0000 0.0000 0.0000 0.0000 0.0000 0.0000 0.0000 0.0000 0.0000 0.0000 0.0000 0.0000 0.0000 0.0000 0.0000 0.0000 0.0000 0.0000 0.0000 0.0000 0.0000 0.0000 0.0000 0.0000 0.0000 0.0000 0.0000 0.0000 0.0000 0.0000 0.0000 0.0000 0.0000 0.0000 0.0000 0.0000 0.0000 0.0000 0.0000 2.5389 351.9990 349.7559 33.0671 325.6453 9.1003 88.1034 3.9285 329.1536 351.0670 354.3618 348.5608 0.0000 0.0000 0.0000 0.0000 0.0000 0.0000 0.0000 0.0000 0.0000 0.0000 0.0000 0.0000 0.0000 0.0000 0.0000 0.0000 0.0000 0.0000 0.0000 0.0000 0.0000 0.0000 0.0000 0.0000 0.0000 0.0000 0.0000 0.0000 0.0000 0.0000 0.0000 0.0000 0.0000 0.0000 0.0000 0.0000 0.0000 0.0000 0.0000 0.0000 0.0000 0.0000 0.0000 0.0000 0.0000 3.6840 357.4377 5.7461 3.8294 18.6473 1.2355 1.2102 357.5297 356.7451 355.0035 359.8925 359.9217 356.1963 359.9594 355.5222 2.3994 17.6207 4.5812 350.0794 359.3975 2.1133 2.5168 359.8169 359.5702 
-0.0477 0.8655 0.0489 2.6434 358.2715 358.2776 3.5973 352.9980 1.2724 1.4298 0.0717 356.2397 358.9724 4.7131 8.3587 359.8669 1.8594 -0.0027 348.1653 2.5327 8.2723 330.9768 359.1961 298.9809 341.8628 343.2420 358.5989 10.6853 356.9334 3.4290 0.0000 0.0000 0.0000 0.0000 0.0000 0.0000 0.0000 0.0000 0.0000 0.0000 0.0000 0.0000 0.0000 0.0000 0.0000 0.0000 0.0000 0.0000 0.0000 0.0000 0.0000 0.0000 0.0000 0.0000 0.0000 0.0000 0.0000 0.0000 0.0000 0.0000 0.0000 0.0000 0.0000 0.0000 0.0000 0.0000 0.0000 0.0000 0.0000 0.0000 0.0000 0.0000 0.0000 0.0000 0.0000 2.8032 352.9550 350.7671 30.1402 326.9354 14.8243 93.6456 7.7257 328.9918 351.0257 354.2157 348.1891 0.0000 0.0000 0.0000 0.0000 0.0000 0.0000 0.0000 0.0000 0.0000 0.0000 0.0000 0.0000 0.0000 0.0000 0.0000 0.0000 0.0000 0.0000 0.0000 0.0000 0.0000 0.0000 0.0000 0.0000 0.0000 0.0000 0.0000 0.0000 0.0000 0.0000 0.0000 0.0000 0.0000 0.0000 0.0000 0.0000 0.0000 0.0000 0.0000 0.0000 0.0000 0.0000 0.0000 0.0000 0.0000 3.7163 357.5234 5.6170 3.7511 18.6546 1.1841 1.2502 357.5344 356.8296 354.9982 359.8992 359.9238 356.1262 0.0215 355.3681 2.4625 17.6420 4.5594 350.1350 359.4028 2.1863 2.5168 359.8135 359.5704 
-0.0474 0.8656 0.0480 2.7117 358.1504 358.3520 3.2211 352.9637 0.9852 1.2781 0.1151 357.3915 359.2136 4.7543 7.3749 0.0284 2.0183 0.0459 347.9510 1.5521 8.3464 331.8038 356.7512 302.0640 341.2469 343.6746 358.4364 10.5562 356.8564 4.1663 0.0000 0.0000 0.0000 0.0000 0.0000 0.0000 0.0000 0.0000 0.0000 0.0000 0.0000 0.0000 0.0000 0.0000 0.0000 0.0000 0.0000 0.0000 0.0000 0.0000 0.0000 0.0000 0.0000 0.0000 0.0000 0.0000 0.0000 0.0000 0.0000 0.0000 0.0000 0.0000 0.0000 0.0000 0.0000 0.0000 0.0000 0.0000 0.0000 0.0000 0.0000 0.0000 0.0000 0.0000 0.0000 2.9233 354.1996 351.7512 28.1728 329.3722 19.5085 95.5724 8.6203 329.9223 351.2482 354.1389 347.8850 0.0000 0.0000 0.0000 0.0000 0.0000 0.0000 0.0000 0.0000 0.0000 0.0000 0.0000 0.0000 0.0000 0.0000 0.0000 0.0000 0.0000 0.0000 0.0000 0.0000 0.0000 0.0000 0.0000 0.0000 0.0000 0.0000 0.0000 0.0000 0.0000 0.0000 0.0000 0.0000 0.0000 0.0000 0.0000 0.0000 0.0000 0.0000 0.0000 0.0000 0.0000 0.0000 0.0000 0.0000 0.0000 3.7246 357.5768 5.5391 3.6337 18.6596 1.1426 1.2469 357.6177 356.8579 354.9899 359.9081 359.9289 356.0368 0.0697 355.2717 2.4839 17.6729 4.5382 350.1250 359.4095 2.2264 2.5142 359.8058 359.5723 
-0.0471 0.8656 0.0472 2.7765 358.0279 358.4268 2.8447 352.9275 0.6980 1.1274 0.1615 358.5429 359.4539 4.7996 6.3914 0.1897 2.1765 0.0948 347.7356 0.5716 8.4242 332.5004 354.2656 305.1218 340.6311 344.1055 358.2693 10.4258 356.7810 4.9037 0.0000 0.0000 0.0000 0.0000 0.0000 0.0000 0.0000 0.0000 0.0000 0.0000 0.0000 0.0000 0.0000 0.0000 0.0000 0.0000 0.0000 0.0000 0.0000 0.0000 0.0000 0.0000 0.0000 0.0000 0.0000 0.0000 0.0000 0.0000 0.0000 0.0000 0.0000 0.0000 0.0000 0.0000 0.0000 0.0000 0.0000 0.0000 0.0000 0.0000 0.0000 0.0000 0.0000 0.0000 0.0000 3.0646 355.4421 352.7361 26.4849 331.9345 23.9818 97.5181 9.4828 330.8868 351.4714 354.0632 347.5806 0.0000 0.0000 0.0000 0.0000 0.0000 0.0000 0.0000 0.0000 0.0000 0.0000 0.0000 0.0000 0.0000 0.0000 0.0000 0.0000 0.0000 0.0000 0.0000 0.0000 0.0000 0.0000 0.0000 0.0000 0.0000 0.0000 0.0000 0.0000 0.0000 0.0000 0.0000 0.0000 0.0000 0.0000 0.0000 0.0000 0.0000 0.0000 0.0000 0.0000 0.0000 0.0000 0.0000 0.0000 0.0000 3.7334 357.6320 5.4585 3.5058 18.6656 1.0942 1.2584 357.7027 356.9174 354.9815 359.9169 359.9340 355.9458 0.1190 355.1716 2.5157 17.7076 4.5134 350.1441 359.4188 2.3047 2.5116 359.7980 359.5742 
-0.0468 0.8657 0.0464 2.8412 357.9053 358.5015 2.4685 352.8893 0.4110 0.9776 0.2109 359.6941 359.6935 4.8490 5.4081 0.3512 2.3346 0.1442 347.5189 359.5915 8.5056 333.0657 351.7465 308.1653 339.9880 344.5336 358.0902 10.3269 356.7040 5.6598 0.0000 0.0000 0.0000 0.0000 0.0000 0.0000 0.0000 0.0000 0.0000 0.0000 0.0000 0.0000 0.0000 0.0000 0.0000 0.0000 0.0000 0.0000 0.0000 0.0000 0.0000 0.0000 0.0000 0.0000 0.0000 0.0000 0.0000 0.0000 0.0000 0.0000 0.0000 0.0000 0.0000 0.0000 0.0000 0.0000 0.0000 0.0000 0.0000 0.0000 0.0000 0.0000 0.0000 0.0000 0.0000 3.2270 356.6820 353.7226 25.0614 334.6017 28.2680 99.5031 10.3225 331.9211 351.6706 353.9827 347.2344 0.0000 0.0000 0.0000 0.0000 0.0000 0.0000 0.0000 0.0000 0.0000 0.0000 0.0000 0.0000 0.0000 0.0000 0.0000 0.0000 0.0000 0.0000 0.0000 0.0000 0.0000 0.0000 0.0000 0.0000 0.0000 0.0000 0.0000 0.0000 0.0000 0.0000 0.0000 0.0000 0.0000 0.0000 0.0000 0.0000 0.0000 0.0000 0.0000 0.0000 0.0000 0.0000 0.0000 0.0000 0.0000 3.7422 357.6873 5.3779 3.3779 18.6713 1.0457 1.2700 357.7877 356.9769 354.9732 359.9258 359.9391 355.8547 0.1681 355.0715 2.5476 17.7424 4.4887 350.1632 359.4280 2.3830 2.5090 359.7903 359.5762 
-0.0464 0.8657 0.0457 2.9606 357.7956 358.5243 2.0645 352.8395 0.0814 0.8243 0.2479 0.6982 359.9145 4.9754 4.5500 0.4841 2.4516 0.2008 347.4637 358.8739 8.6961 333.0349 348.9337 311.0459 338.7945 343.3197 358.5132 10.0818 356.6437 6.4199 0.0000 0.0000 0.0000 0.0000 0.0000 0.0000 0.0000 0.0000 0.0000 0.0000 0.0000 0.0000 0.0000 0.0000 0.0000 0.0000 0.0000 0.0000 0.0000 0.0000 0.0000 0.0000 0.0000 0.0000 0.0000 0.0000 0.0000 0.0000 0.0000 0.0000 0.0000 0.0000 0.0000 0.0000 0.0000 0.0000 0.0000 0.0000 0.0000 0.0000 0.0000 0.0000 0.0000 0.0000 0.0000 3.3551 357.8830 354.4472 24.8808 336.8275 31.8033 96.9758 9.3288 332.0395 351.6791 353.9300 347.2485 0.0000 0.0000 0.0000 0.0000 0.0000 0.0000 0.0000 0.0000 0.0000 0.0000 0.0000 0.0000 0.0000 0.0000 0.0000 0.0000 0.0000 0.0000 0.0000 0.0000 0.0000 0.0000 0.0000 0.0000 0.0000 0.0000 0.0000 0.0000 0.0000 0.0000 0.0000 0.0000 0.0000 0.0000 0.0000 0.0000 0.0000 0.0000 0.0000 0.0000 0.0000 0.0000 0.0000 0.0000 0.0000 3.6761 357.7320 5.3368 3.2231 18.6758 1.0052 1.2925 357.8001 357.0214 354.9699 359.9353 359.9369 355.7766 0.2370 355.0195 2.5079 17.7470 4.4854 350.1016 359.4389 2.3375 2.4972 359.7759 359.5776 
-0.0460 0.8657 0.0449 3.0909 357.6850 358.5475 1.6603 352.7873 359.7517 0.6718 0.2876 1.7019 0.1336 5.1051 3.6925 0.6173 2.5689 0.2578 347.4062 358.1568 8.8873 332.8582 346.1261 313.9595 337.6101 342.1149 358.9755 9.8053 356.5907 7.1568 0.0000 0.0000 0.0000 0.0000 0.0000 0.0000 0.0000 0.0000 0.0000 0.0000 0.0000 0.0000 0.0000 0.0000 0.0000 0.0000 0.0000 0.0000 0.0000 0.0000 0.0000 0.0000 0.0000 0.0000 0.0000 0.0000 0.0000 0.0000 0.0000 0.0000 0.0000 0.0000 0.0000 0.0000 0.0000 0.0000 0.0000 0.0000 0.0000 0.0000 0.0000 0.0000 0.0000 0.0000 0.0000 3.4983 359.0823 355.1742 24.8502 339.0591 35.2757 94.4325 8.3305 332.1644 351.7120 353.8832 347.3045 0.0000 0.0000 0.0000 0.0000 0.0000 0.0000 0.0000 0.0000 0.0000 0.0000 0.0000 0.0000 0.0000 0.0000 0.0000 0.0000 0.0000 0.0000 0.0000 0.0000 0.0000 0.0000 0.0000 0.0000 0.0000 0.0000 0.0000 0.0000 0.0000 0.0000 0.0000 0.0000 0.0000 0.0000 0.0000 0.0000 0.0000 0.0000 0.0000 0.0000 0.0000 0.0000 0.0000 0.0000 0.0000 3.6102 357.7789 5.2928 3.0617 18.6802 0.9622 1.3188 357.8408 357.0857 354.9643 359.9472 359.9361 355.6939 0.3084 354.9625 2.4883 17.7734 4.4665 350.0676 359.4633 2.4050 2.4854 359.7616 359.5790 
-0.0456 0.8658 0.0442 3.2212 357.5743 358.5706 1.2564 352.7328 359.4225 0.5199 0.3299 2.7055 0.3507 5.2380 2.8353 0.7507 2.6860 0.3151 347.3463 357.4400 9.0793 332.5305 343.3309 316.9213 336.3806 340.9189 359.4590 9.5594 356.5373 7.9148 0.0000 0.0000 0.0000 0.0000 0.0000 0.0000 0.0000 0.0000 0.0000 0.0000 0.0000 0.0000 0.0000 0.0000 0.0000 0.0000 0.0000 0.0000 0.0000 0.0000 0.0000 0.0000 0.0000 0.0000 0.0000 0.0000 0.0000 0.0000 0.0000 0.0000 0.0000 0.0000 0.0000 0.0000 0.0000 0.0000 0.0000 0.0000 0.0000 0.0000 0.0000 0.0000 0.0000 0.0000 0.0000 3.6566 0.2797 355.9040 24.9628 341.2884 38.6985 91.9124 7.3505 332.3668 351.7202 353.8305 347.3189 0.0000 0.0000 0.0000 0.0000 0.0000 0.0000 0.0000 0.0000 0.0000 0.0000 0.0000 0.0000 0.0000 0.0000 0.0000 0.0000 0.0000 0.0000 0.0000 0.0000 0.0000 0.0000 0.0000 0.0000 0.0000 0.0000 0.0000 0.0000 0.0000 0.0000 0.0000 0.0000 0.0000 0.0000 0.0000 0.0000 0.0000 0.0000 0.0000 0.0000 0.0000 0.0000 0.0000 0.0000 0.0000 3.5443 357.8256 5.2486 2.9003 18.6845 0.9191 1.3452 357.8815 357.1500 354.9588 359.9592 359.9353 355.6111 0.3796 354.9053 2.4687 17.8000 4.4475 350.0336 359.4876 2.4725 2.4735 359.7472 359.5805 
-0.0448 0.8658 0.0444 3.1729 357.5291 358.5806 0.8453 352.7114 359.0654 0.3678 0.3218 4.0470 0.6377 5.2312 2.1336 0.9333 2.7566 0.3300 347.3251 356.7599 9.5721 331.2663 341.0659 320.5386 336.4360 340.1655 359.7284 9.4502 356.5365 8.2334 0.0000 0.0000 0.0000 0.0000 0.0000 0.0000 0.0000 0.0000 0.0000 0.0000 0.0000 0.0000 0.0000 0.0000 0.0000 0.0000 0.0000 0.0000 0.0000 0.0000 0.0000 0.0000 0.0000 0.0000 0.0000 0.0000 0.0000 0.0000 0.0000 0.0000 0.0000 0.0000 0.0000 0.0000 0.0000 0.0000 0.0000 0.0000 0.0000 0.0000 0.0000 0.0000 0.0000 0.0000 0.0000 3.9285 1.2107 356.3540 25.7448 342.8884 40.5350 88.7032 5.8059 333.1556 351.5099 353.8564 348.0449 0.0000 0.0000 0.0000 0.0000 0.0000 0.0000 0.0000 0.0000 0.0000 0.0000 0.0000 0.0000 0.0000 0.0000 0.0000 0.0000 0.0000 0.0000 0.0000 0.0000 0.0000 0.0000 0.0000 0.0000 0.0000 0.0000 0.0000 0.0000 0.0000 0.0000 0.0000 0.0000 0.0000 0.0000 0.0000 0.0000 0.0000 0.0000 0.0000 0.0000 0.0000 0.0000 0.0000 0.0000 0.0000 3.5158 357.9036 5.1932 2.9040 18.6871 0.8907 1.3786 357.8372 357.1916 354.9666 359.9695 359.9279 355.6210 0.4170 354.8402 2.5025 17.7779 4.4614 350.0734 359.4745 2.4270 2.4703 359.7449 359.5804 
-0.0440 0.8658 0.0446 3.1226 357.4843 358.5905 0.4341 352.6873 358.7083 0.2155 0.3173 5.3888 0.9247 5.2279 1.4321 1.1172 2.8284 0.3458 347.2982 356.0804 10.0654 329.8335 338.8826 324.2602 336.4879 339.4119 -0.0016 9.3410 356.5362 8.5521 0.0000 0.0000 0.0000 0.0000 0.0000 0.0000 0.0000 0.0000 0.0000 0.0000 0.0000 0.0000 0.0000 0.0000 0.0000 0.0000 0.0000 0.0000 0.0000 0.0000 0.0000 0.0000 0.0000 0.0000 0.0000 0.0000 0.0000 0.0000 0.0000 0.0000 0.0000 0.0000 0.0000 0.0000 0.0000 0.0000 0.0000 0.0000 0.0000 0.0000 0.0000 0.0000 0.0000 0.0000 0.0000 4.2078 2.1394 356.8085 26.5732 344.4636 42.3791 85.4808 4.3069 334.0280 351.3000 353.8843 348.7710 0.0000 0.0000 0.0000 0.0000 0.0000 0.0000 0.0000 0.0000 0.0000 0.0000 0.0000 0.0000 0.0000 0.0000 0.0000 0.0000 0.0000 0.0000 0.0000 0.0000 0.0000 0.0000 0.0000 0.0000 0.0000 0.0000 0.0000 0.0000 0.0000 0.0000 0.0000 0.0000 0.0000 0.0000 0.0000 0.0000 0.0000 0.0000 0.0000 0.0000 0.0000 0.0000 0.0000 0.0000 0.0000 3.4824 357.9848 5.1345 2.9030 18.6898 0.8610 1.4215 357.8076 357.2564 354.9716 359.9857 359.9201 355.6249 0.4595 354.7711 2.5174 17.7811 4.4572 350.0807 359.4847 2.4460 2.4678 359.7436 359.5803 
-0.0431 0.8658 0.0448 3.0724 357.4396 358.6005 0.0230 352.6608 358.3514 0.0631 0.3163 6.7306 1.2117 5.2280 0.7305 1.3012 2.9001 0.3618 347.2653 355.4010 10.5595 328.2277 336.7928 328.0968 336.5363 338.6580 0.2690 9.2319 356.5366 8.8707 0.0000 0.0000 0.0000 0.0000 0.0000 0.0000 0.0000 0.0000 0.0000 0.0000 0.0000 0.0000 0.0000 0.0000 0.0000 0.0000 0.0000 0.0000 0.0000 0.0000 0.0000 0.0000 0.0000 0.0000 0.0000 0.0000 0.0000 0.0000 0.0000 0.0000 0.0000 0.0000 0.0000 0.0000 0.0000 0.0000 0.0000 0.0000 0.0000 0.0000 0.0000 0.0000 0.0000 0.0000 0.0000 4.4947 3.0658 357.2679 27.4475 346.0124 44.2333 82.2414 2.8586 334.9818 351.0904 353.9149 349.4970 0.0000 0.0000 0.0000 0.0000 0.0000 0.0000 0.0000 0.0000 0.0000 0.0000 0.0000 0.0000 0.0000 0.0000 0.0000 0.0000 0.0000 0.0000 0.0000 0.0000 0.0000 0.0000 0.0000 0.0000 0.0000 0.0000 0.0000 0.0000 0.0000 0.0000 0.0000 0.0000 0.0000 0.0000 0.0000 0.0000 0.0000 0.0000 0.0000 0.0000 0.0000 0.0000 0.0000 0.0000 0.0000 3.4488 358.0660 5.0758 2.9019 18.6927 0.8313 1.4644 357.7780 357.3212 354.9767 0.0019 359.9123 355.6287 0.5020 354.7019 2.5323 17.7842 4.4529 350.0880 359.4950 2.4651 2.4653 359.7422 359.5802 
-0.0425 0.8660 0.0445 3.0152 357.4741 358.5892 359.7605 352.5865 358.0005 359.9637 0.3444 7.9310 1.4111 5.2456 359.9544 1.4235 2.8591 0.4013 347.5215 354.8314 11.1403 326.4769 335.1902 332.3098 335.9117 337.5694 0.7430 8.9549 356.5526 9.0516 0.0000 0.0000 0.0000 0.0000 0.0000 0.0000 0.0000 0.0000 0.0000 0.0000 0.0000 0.0000 0.0000 0.0000 0.0000 0.0000 0.0000 0.0000 0.0000 0.0000 0.0000 0.0000 0.0000 0.0000 0.0000 0.0000 0.0000 0.0000 0.0000 0.0000 0.0000 0.0000 0.0000 0.0000 0.0000 0.0000 0.0000 0.0000 0.0000 0.0000 0.0000 0.0000 0.0000 0.0000 0.0000 4.6558 3.9827 357.5791 27.9764 348.1679 46.6833 77.6390 1.2491 335.2938 351.1140 353.9634 350.0469 0.0000 0.0000 0.0000 0.0000 0.0000 0.0000 0.0000 0.0000 0.0000 0.0000 0.0000 0.0000 0.0000 0.0000 0.0000 0.0000 0.0000 0.0000 0.0000 0.0000 0.0000 0.0000 0.0000 0.0000 0.0000 0.0000 0.0000 0.0000 0.0000 0.0000 0.0000 0.0000 0.0000 0.0000 0.0000 0.0000 0.0000 0.0000 0.0000 0.0000 0.0000 0.0000 0.0000 0.0000 0.0000 3.3772 358.0287 5.0373 2.9600 18.6890 0.8714 1.4871 357.8199 357.3015 354.9763 359.9781 359.9250 355.6308 0.4470 354.6606 2.5640 17.7727 4.4727 350.1267 359.5846 2.5164 2.4718 359.7348 359.5768 
-0.0419 0.8662 0.0442 2.9588 357.5048 358.5788 359.4980 352.5106 357.6497 359.8648 0.3746 9.1317 1.6102 5.2658 359.1786 1.5459 2.8181 0.4408 347.7722 354.2593 11.7190 324.5771 333.7112 336.6297 335.2723 336.4857 1.2338 8.6780 356.5694 9.2322 0.0000 0.0000 0.0000 0.0000 0.0000 0.0000 0.0000 0.0000 0.0000 0.0000 0.0000 0.0000 0.0000 0.0000 0.0000 0.0000 0.0000 0.0000 0.0000 0.0000 0.0000 0.0000 0.0000 0.0000 0.0000 0.0000 0.0000 0.0000 0.0000 0.0000 0.0000 0.0000 0.0000 0.0000 0.0000 0.0000 0.0000 0.0000 0.0000 0.0000 0.0000 0.0000 0.0000 0.0000 0.0000 4.8220 4.8986 357.8930 28.5945 350.2994 49.1361 73.0292 359.6692 335.7342 351.1384 354.0117 350.5964 0.0000 0.0000 0.0000 0.0000 0.0000 0.0000 0.0000 0.0000 0.0000 0.0000 0.0000 0.0000 0.0000 0.0000 0.0000 0.0000 0.0000 0.0000 0.0000 0.0000 0.0000 0.0000 0.0000 0.0000 0.0000 0.0000 0.0000 0.0000 0.0000 0.0000 0.0000 0.0000 0.0000 0.0000 0.0000 0.0000 0.0000 0.0000 0.0000 0.0000 0.0000 0.0000 0.0000 0.0000 0.0000 3.3031 357.9971 4.9946 3.0170 18.6881 0.8840 1.5248 357.8515 357.3044 354.9855 359.9853 359.9229 355.6326 0.3892 354.6240 2.5957 17.7609 4.4924 350.1456 359.6465 2.5158 2.4782 359.7274 359.5734 
-0.0414 0.8664 0.0439 2.9023 357.5355 358.5683 359.2360 352.4332 357.2992 359.7666 0.4069 10.3322 1.8090 5.2887 358.4029 1.6683 2.7771 0.4801 348.0173 353.6848 12.2959 322.5331 332.3671 341.0570 334.6173 335.4072 1.7422 8.4012 356.5869 9.4127 0.0000 0.0000 0.0000 0.0000 0.0000 0.0000 0.0000 0.0000 0.0000 0.0000 0.0000 0.0000 0.0000 0.0000 0.0000 0.0000 0.0000 0.0000 0.0000 0.0000 0.0000 0.0000 0.0000 0.0000 0.0000 0.0000 0.0000 0.0000 0.0000 0.0000 0.0000 0.0000 0.0000 0.0000 0.0000 0.0000 0.0000 0.0000 0.0000 0.0000 0.0000 0.0000 0.0000 0.0000 0.0000 4.9935 5.8134 358.2102 29.3006 352.4029 51.5981 68.4053 358.1293 336.3008 351.1632 354.0598 351.1457 0.0000 0.0000 0.0000 0.0000 0.0000 0.0000 0.0000 0.0000 0.0000 0.0000 0.0000 0.0000 0.0000 0.0000 0.0000 0.0000 0.0000 0.0000 0.0000 0.0000 0.0000 0.0000 0.0000 0.0000 0.0000 0.0000 0.0000 0.0000 0.0000 0.0000 0.0000 0.0000 0.0000 0.0000 0.0000 0.0000 0.0000 0.0000 0.0000 0.0000 0.0000 0.0000 0.0000 0.0000 0.0000 3.2291 357.9655 4.9520 3.0741 18.6871 0.8965 1.5625 357.8831 357.3073 354.9947 359.9924 359.9208 355.6344 0.3312 354.5873 2.6274 17.7495 4.5122 350.1645 359.7082 2.5151 2.4847 359.7199 359.5700 
-0.0411 0.8665 0.0440 2.8498 357.6224 358.5388 359.1130 352.4141 356.9828 359.7004 0.3319 11.2350 1.9410 5.1845 357.8674 1.7322 2.7344 0.5732 348.2727 353.2236 12.9168 320.7321 331.5695 344.6562 334.6292 334.3729 2.1637 8.1572 356.6129 9.4447 0.0000 0.0000 0.0000 0.0000 0.0000 0.0000 0.0000 0.0000 0.0000 0.0000 0.0000 0.0000 0.0000 0.0000 0.0000 0.0000 0.0000 0.0000 0.0000 0.0000 0.0000 0.0000 0.0000 0.0000 0.0000 0.0000 0.0000 0.0000 0.0000 0.0000 0.0000 0.0000 0.0000 0.0000 0.0000 0.0000 0.0000 0.0000 0.0000 0.0000 0.0000 0.0000 0.0000 0.0000 0.0000 5.3803 6.2885 358.3612 30.7972 353.7142 52.6826 61.1776 355.8819 338.0033 351.2296 354.1644 351.9759 0.0000 0.0000 0.0000 0.0000 0.0000 0.0000 0.0000 0.0000 0.0000 0.0000 0.0000 0.0000 0.0000 0.0000 0.0000 0.0000 0.0000 0.0000 0.0000 0.0000 0.0000 0.0000 0.0000 0.0000 0.0000 0.0000 0.0000 0.0000 0.0000 0.0000 0.0000 0.0000 0.0000 0.0000 0.0000 0.0000 0.0000 0.0000 0.0000 0.0000 0.0000 0.0000 0.0000 0.0000 0.0000 3.1400 357.9023 4.9543 3.1501 18.6863 0.9047 1.6285 357.9386 357.3280 354.9975 0.0000 359.9181 355.5812 0.2347 354.5882 2.6370 17.7379 4.5225 350.2211 359.8403 2.5313 2.4941 359.7097 359.5666 
-0.0408 0.8667 0.0441 2.7968 357.7095 358.5091 358.9896 352.3942 356.6658 359.6330 0.2580 12.1378 2.0740 5.0816 357.3317 1.7981 2.6910 0.6670 348.5234 352.7593 13.5367 318.8643 330.8740 348.3082 334.6035 333.3394 2.5720 7.9451 356.6338 9.5138 0.0000 0.0000 0.0000 0.0000 0.0000 0.0000 0.0000 0.0000 0.0000 0.0000 0.0000 0.0000 0.0000 0.0000 0.0000 0.0000 0.0000 0.0000 0.0000 0.0000 0.0000 0.0000 0.0000 0.0000 0.0000 0.0000 0.0000 0.0000 0.0000 0.0000 0.0000 0.0000 0.0000 0.0000 0.0000 0.0000 0.0000 0.0000 0.0000 0.0000 0.0000 0.0000 0.0000 0.0000 0.0000 5.7687 6.7623 358.5154 32.3151 354.9968 53.7988 53.8890 353.8802 340.0103 351.2650 354.2632 352.7702 0.0000 0.0000 0.0000 0.0000 0.0000 0.0000 0.0000 0.0000 0.0000 0.0000 0.0000 0.0000 0.0000 0.0000 0.0000 0.0000 0.0000 0.0000 0.0000 0.0000 0.0000 0.0000 0.0000 0.0000 0.0000 0.0000 0.0000 0.0000 0.0000 0.0000 0.0000 0.0000 0.0000 0.0000 0.0000 0.0000 0.0000 0.0000 0.0000 0.0000 0.0000 0.0000 0.0000 0.0000 0.0000 3.0528 357.8400 4.9579 3.2205 18.6857 0.9116 1.6583 357.9636 357.3459 355.0003 0.0077 359.9154 355.5277 0.1469 354.5947 2.6466 17.7262 4.5329 350.2563 359.9025 2.5481 2.5035 359.6995 359.5631 
-0.0406 0.8669 0.0442 2.7438 357.7966 358.4792 358.8663 352.3737 356.3488 359.5644 0.1851 13.0406 2.2079 4.9799 356.7958 1.8640 2.6474 0.7607 348.7693 352.2923 14.1552 316.9376 330.2849 352.0076 334.5693 332.3061 2.9847 7.7332 356.6549 9.5829 0.0000 0.0000 0.0000 0.0000 0.0000 0.0000 0.0000 0.0000 0.0000 0.0000 0.0000 0.0000 0.0000 0.0000 0.0000 0.0000 0.0000 0.0000 0.0000 0.0000 0.0000 0.0000 0.0000 0.0000 0.0000 0.0000 0.0000 0.0000 0.0000 0.0000 0.0000 0.0000 0.0000 0.0000 0.0000 0.0000 0.0000 0.0000 0.0000 0.0000 0.0000 0.0000 0.0000 0.0000 0.0000 6.1588 7.2349 358.6731 33.8551 356.2492 54.9468 46.5062 352.1488 342.2686 351.3020 354.3616 353.5645 0.0000 0.0000 0.0000 0.0000 0.0000 0.0000 0.0000 0.0000 0.0000 0.0000 0.0000 0.0000 0.0000 0.0000 0.0000 0.0000 0.0000 0.0000 0.0000 0.0000 0.0000 0.0000 0.0000 0.0000 0.0000 0.0000 0.0000 0.0000 0.0000 0.0000 0.0000 0.0000 0.0000 0.0000 0.0000 0.0000 0.0000 0.0000 0.0000 0.0000 0.0000 0.0000 0.0000 0.0000 0.0000 2.9655 357.7777 4.9616 3.2909 18.6851 0.9186 1.6882 357.9887 357.3638 355.0031 0.0153 359.9127 355.4742 0.0592 354.6012 2.6562 17.7145 4.5432 350.2916 359.9647 2.5650 2.5129 359.6893 359.5597 
-0.0405 0.8671 0.0444 2.8605 357.8835 358.4937 358.8600 352.3655 356.1821 359.5319 0.0965 13.5577 2.2542 4.9205 356.2224 1.8446 2.6277 0.9099 349.0737 351.8640 14.8219 314.8520 330.1543 355.4682 334.4021 331.7234 3.2244 7.5439 356.6920 9.5568 0.0000 0.0000 0.0000 0.0000 0.0000 0.0000 0.0000 0.0000 0.0000 0.0000 0.0000 0.0000 0.0000 0.0000 0.0000 0.0000 0.0000 0.0000 0.0000 0.0000 0.0000 0.0000 0.0000 0.0000 0.0000 0.0000 0.0000 0.0000 0.0000 0.0000 0.0000 0.0000 0.0000 0.0000 0.0000 0.0000 0.0000 0.0000 0.0000 0.0000 0.0000 0.0000 0.0000 0.0000 0.0000 6.6303 7.4784 358.6180 34.6497 357.5138 55.1244 42.0378 351.5105 343.8883 351.3698 354.4897 354.4760 0.0000 0.0000 0.0000 0.0000 0.0000 0.0000 0.0000 0.0000 0.0000 0.0000 0.0000 0.0000 0.0000 0.0000 0.0000 0.0000 0.0000 0.0000 0.0000 0.0000 0.0000 0.0000 0.0000 0.0000 0.0000 0.0000 0.0000 0.0000 0.0000 0.0000 0.0000 0.0000 0.0000 0.0000 0.0000 0.0000 0.0000 0.0000 0.0000 0.0000 0.0000 0.0000 0.0000 0.0000 0.0000 2.8429 357.6886 4.9357 3.2563 18.6855 0.9118 1.7031 358.0495 357.3912 355.0095 0.0247 359.9092 355.3721 -0.0018 354.5898 2.5792 17.7160 4.5232 350.3415 0.0315 2.5952 2.5198 359.6758 359.5577 
-0.0405 0.8672 0.0445 2.9720 357.9721 358.5075 358.8535 352.3574 356.0149 359.4985 0.0082 14.0750 2.3010 4.8616 355.6495 1.8256 2.6078 1.0598 349.3733 351.4322 15.4869 312.7595 330.1334 358.9348 334.2310 331.1417 3.4674 7.3556 356.7289 9.5304 0.0000 0.0000 0.0000 0.0000 0.0000 0.0000 0.0000 0.0000 0.0000 0.0000 0.0000 0.0000 0.0000 0.0000 0.0000 0.0000 0.0000 0.0000 0.0000 0.0000 0.0000 0.0000 0.0000 0.0000 0.0000 0.0000 0.0000 0.0000 0.0000 0.0000 0.0000 0.0000 0.0000 0.0000 0.0000 0.0000 0.0000 0.0000 0.0000 0.0000 0.0000 0.0000 0.0000 0.0000 0.0000 7.1022 7.7227 358.5651 35.4476 358.7758 55.3193 37.5468 350.9984 345.5589 351.4402 354.6168 355.3882 0.0000 0.0000 0.0000 0.0000 0.0000 0.0000 0.0000 0.0000 0.0000 0.0000 0.0000 0.0000 0.0000 0.0000 0.0000 0.0000 0.0000 0.0000 0.0000 0.0000 0.0000 0.0000 0.0000 0.0000 0.0000 0.0000 0.0000 0.0000 0.0000 0.0000 0.0000 0.0000 0.0000 0.0000 0.0000 0.0000 0.0000 0.0000 0.0000 0.0000 0.0000 0.0000 0.0000 0.0000 0.0000 2.7204 357.5996 4.9099 3.2014 18.6863 0.9030 1.7180 358.1103 357.4186 355.0159 0.0342 359.9057 355.2696 359.9366 354.5786 2.5022 17.7174 4.5033 350.3702 0.0609 2.6151 2.5266 359.6622 359.5557 
-0.0404 0.8674 0.0447 3.0835 358.0608 358.5213 358.8470 352.3492 355.8477 359.4644 359.9202 14.5924 2.3484 4.8032 355.0765 1.8066 2.5879 1.2097 349.6682 350.9970 16.1503 310.6700 330.2222 2.3987 334.0563 330.5607 3.7137 7.1672 356.7658 9.5039 0.0000 0.0000 0.0000 0.0000 0.0000 0.0000 0.0000 0.0000 0.0000 0.0000 0.0000 0.0000 0.0000 0.0000 0.0000 0.0000 0.0000 0.0000 0.0000 0.0000 0.0000 0.0000 0.0000 0.0000 0.0000 0.0000 0.0000 0.0000 0.0000 0.0000 0.0000 0.0000 0.0000 0.0000 0.0000 0.0000 0.0000 0.0000 0.0000 0.0000 0.0000 0.0000 0.0000 0.0000 0.0000 7.5740 7.9673 358.5141 36.2497 0.0349 55.5318 33.0378 350.6165 347.2701 351.5133 354.7427 356.3003 0.0000 0.0000 0.0000 0.0000 0.0000 0.0000 0.0000 0.0000 0.0000 0.0000 0.0000 0.0000 0.0000 0.0000 0.0000 0.0000 0.0000 0.0000 0.0000 0.0000 0.0000 0.0000 0.0000 0.0000 0.0000 0.0000 0.0000 0.0000 0.0000 0.0000 0.0000 0.0000 0.0000 0.0000 0.0000 0.0000 0.0000 0.0000 0.0000 0.0000 0.0000 0.0000 0.0000 0.0000 0.0000 2.5981 357.5106 4.8843 3.1465 18.6871 0.8943 1.7329 358.1711 357.4461 355.0224 0.0436 359.9021 355.1671 359.8749 354.5674 2.4253 17.7186 4.4834 350.3989 0.0904 2.6351 2.5335 359.6487 359.5537 
-0.0405 0.8676 0.0451 3.1905 358.1857 358.5482 358.8729 352.3386 355.7427 359.4411 359.8335 14.9269 2.3773 4.6210 354.5030 1.7737 2.5932 1.3351 350.0050 350.6179 16.6041 309.3576 330.4120 4.8467 334.1684 330.3098 3.8477 7.0831 356.8064 9.3944 0.0000 0.0000 0.0000 0.0000 0.0000 0.0000 0.0000 0.0000 0.0000 0.0000 0.0000 0.0000 0.0000 0.0000 0.0000 0.0000 0.0000 0.0000 0.0000 0.0000 0.0000 0.0000 0.0000 0.0000 0.0000 0.0000 0.0000 0.0000 0.0000 0.0000 0.0000 0.0000 0.0000 0.0000 0.0000 0.0000 0.0000 0.0000 0.0000 0.0000 0.0000 0.0000 0.0000 0.0000 0.0000 7.9579 8.3487 358.5989 38.0418 1.0772 57.0293 27.8287 349.4269 348.5757 351.3407 354.9140 357.3653 0.0000 0.0000 0.0000 0.0000 0.0000 0.0000 0.0000 0.0000 0.0000 0.0000 0.0000 0.0000 0.0000 0.0000 0.0000 0.0000 0.0000 0.0000 0.0000 0.0000 0.0000 0.0000 0.0000 0.0000 0.0000 0.0000 0.0000 0.0000 0.0000 0.0000 0.0000 0.0000 0.0000 0.0000 0.0000 0.0000 0.0000 0.0000 0.0000 0.0000 0.0000 0.0000 0.0000 0.0000 0.0000 2.4973 357.4038 4.8586 3.0693 18.6882 0.8797 1.7561 358.2693 357.4485 355.0280 0.0552 359.8994 355.0731 359.7964 354.5507 2.3237 17.7126 4.4756 350.4442 0.1839 2.6656 2.5430 359.6415 359.5520 
-0.0406 0.8679 0.0454 3.2992 358.3087 358.5746 358.8987 352.3279 355.6358 359.4174 359.7469 15.2619 2.4080 4.4392 353.9296 1.7409 2.5985 1.4606 350.3390 350.2362 17.0558 308.0585 330.6502 7.2838 334.2802 330.0578 3.9816 6.9994 356.8467 9.2851 0.0000 0.0000 0.0000 0.0000 0.0000 0.0000 0.0000 0.0000 0.0000 0.0000 0.0000 0.0000 0.0000 0.0000 0.0000 0.0000 0.0000 0.0000 0.0000 0.0000 0.0000 0.0000 0.0000 0.0000 0.0000 0.0000 0.0000 0.0000 0.0000 0.0000 0.0000 0.0000 0.0000 0.0000 0.0000 0.0000 0.0000 0.0000 0.0000 0.0000 0.0000 0.0000 0.0000 0.0000 0.0000 8.3428 8.7295 358.6863 39.8614 2.0717 58.5594 22.5740 348.3584 349.9974 351.1728 355.0885 358.4298 0.0000 0.0000 0.0000 0.0000 0.0000 0.0000 0.0000 0.0000 0.0000 0.0000 0.0000 0.0000 0.0000 0.0000 0.0000 0.0000 0.0000 0.0000 0.0000 0.0000 0.0000 0.0000 0.0000 0.0000 0.0000 0.0000 0.0000 0.0000 0.0000 0.0000 0.0000 0.0000 0.0000 0.0000 0.0000 0.0000 0.0000 0.0000 0.0000 0.0000 0.0000 0.0000 0.0000 0.0000 0.0000 2.3921 357.2936 4.8321 2.9811 18.6895 0.8634 1.7825 358.3801 357.4566 355.0336 0.0668 359.8966 354.9779 359.7170 354.5340 2.2300 17.7064 4.4700 350.4719 0.2593 2.6839 2.5526 359.6343 359.5503 
-0.0406 0.8682 0.0458 3.4080 358.4316 358.6011 358.9245 352.3173 355.5288 359.3932 359.6605 15.5968 2.4405 4.2576 353.3562 1.7081 2.6040 1.5861 350.6704 349.8520 17.5059 306.7755 330.9362 9.7079 334.3914 329.8057 4.1154 6.9156 356.8869 9.1756 0.0000 0.0000 0.0000 0.0000 0.0000 0.0000 0.0000 0.0000 0.0000 0.0000 0.0000 0.0000 0.0000 0.0000 0.0000 0.0000 0.0000 0.0000 0.0000 0.0000 0.0000 0.0000 0.0000 0.0000 0.0000 0.0000 0.0000 0.0000 0.0000 0.0000 0.0000 0.0000 0.0000 0.0000 0.0000 0.0000 0.0000 0.0000 0.0000 0.0000 0.0000 0.0000 0.0000 0.0000 0.0000 8.7286 9.1097 358.7765 41.7083 3.0167 60.1214 17.2748 347.4216 351.5247 351.0093 355.2660 359.4936 0.0000 0.0000 0.0000 0.0000 0.0000 0.0000 0.0000 0.0000 0.0000 0.0000 0.0000 0.0000 0.0000 0.0000 0.0000 0.0000 0.0000 0.0000 0.0000 0.0000 0.0000 0.0000 0.0000 0.0000 0.0000 0.0000 0.0000 0.0000 0.0000 0.0000 0.0000 0.0000 0.0000 0.0000 0.0000 0.0000 0.0000 0.0000 0.0000 0.0000 0.0000 0.0000 0.0000 0.0000 0.0000 2.2868 357.1834 4.8058 2.8928 18.6908 0.8471 1.8088 358.4908 357.4648 355.0392 0.0784 359.8938 354.8827 359.6376 354.5174 2.1363 17.7001 4.4643 350.4996 0.3348 2.7022 2.5621 359.6272 359.5486 
-0.0401 0.8684 0.0462 3.7876 358.5308 358.6562 359.0525 352.3230 355.5051 359.3887 359.5235 15.7360 2.3598 4.0858 352.9298 1.5692 2.5885 1.6891 350.9844 349.5469 17.8514 305.6755 331.0832 11.7443 333.9409 329.3908 4.5189 6.7868 356.9199 9.0818 0.0000 0.0000 0.0000 0.0000 0.0000 0.0000 0.0000 0.0000 0.0000 0.0000 0.0000 0.0000 0.0000 0.0000 0.0000 0.0000 0.0000 0.0000 0.0000 0.0000 0.0000 0.0000 0.0000 0.0000 0.0000 0.0000 0.0000 0.0000 0.0000 0.0000 0.0000 0.0000 0.0000 0.0000 0.0000 0.0000 0.0000 0.0000 0.0000 0.0000 0.0000 0.0000 0.0000 0.0000 0.0000 9.0352 9.4133 358.7776 42.2825 3.8494 61.0444 15.7147 346.3764 352.0627 350.8684 355.3982 0.3302 0.0000 0.0000 0.0000 0.0000 0.0000 0.0000 0.0000 0.0000 0.0000 0.0000 0.0000 0.0000 0.0000 0.0000 0.0000 0.0000 0.0000 0.0000 0.0000 0.0000 0.0000 0.0000 0.0000 0.0000 0.0000 0.0000 0.0000 0.0000 0.0000 0.0000 0.0000 0.0000 0.0000 0.0000 0.0000 0.0000 0.0000 0.0000 0.0000 0.0000 0.0000 0.0000 0.0000 0.0000 0.0000 2.1444 357.0649 4.7011 2.6991 18.6927 0.8251 1.7984 358.5077 357.4762 355.0326 0.0872 359.8912 354.7541 359.6405 354.4370 1.9747 17.7066 4.4389 350.4281 0.2836 2.7184 2.5654 359.6257 359.5468 
-0.0395 0.8686 0.0466 4.1698 358.6320 358.7119 359.1811 352.3286 355.4790 359.3840 359.3867 15.8745 2.2804 3.9134 352.5037 1.4301 2.5733 1.7929 351.2968 349.2401 18.1954 304.5840 331.2641 13.7737 333.4853 328.9777 4.9285 6.6582 356.9526 8.9881 0.0000 0.0000 0.0000 0.0000 0.0000 0.0000 0.0000 0.0000 0.0000 0.0000 0.0000 0.0000 0.0000 0.0000 0.0000 0.0000 0.0000 0.0000 0.0000 0.0000 0.0000 0.0000 0.0000 0.0000 0.0000 0.0000 0.0000 0.0000 0.0000 0.0000 0.0000 0.0000 0.0000 0.0000 0.0000 0.0000 0.0000 0.0000 0.0000 0.0000 0.0000 0.0000 0.0000 0.0000 0.0000 9.3424 9.7173 358.7805 42.8708 4.6728 61.9768 14.1379 345.3458 352.6336 350.7300 355.5323 1.1664 0.0000 0.0000 0.0000 0.0000 0.0000 0.0000 0.0000 0.0000 0.0000 0.0000 0.0000 0.0000 0.0000 0.0000 0.0000 0.0000 0.0000 0.0000 0.0000 0.0000 0.0000 0.0000 0.0000 0.0000 0.0000 0.0000 0.0000 0.0000 0.0000 0.0000 0.0000 0.0000 0.0000 0.0000 0.0000 0.0000 0.0000 0.0000 0.0000 0.0000 0.0000 0.0000 0.0000 0.0000 0.0000 1.9965 356.9401 4.5954 2.4760 18.6950 0.7976 1.8059 358.5999 357.4933 355.0304 0.1051 359.8865 354.6173 359.6364 354.3552 1.7971 17.7118 4.4125 350.3868 0.3148 2.7546 2.5686 359.6242 359.5451 
-0.0390 0.8688 0.0471 4.5521 358.7331 358.7675 359.3097 352.3342 355.4529 359.3790 359.2499 16.0130 2.2023 3.7403 352.0779 1.2910 2.5584 1.8968 351.6077 348.9314 18.5380 303.5025 331.4787 15.7949 333.0243 328.5675 5.3439 6.5294 356.9851 8.8943 0.0000 0.0000 0.0000 0.0000 0.0000 0.0000 0.0000 0.0000 0.0000 0.0000 0.0000 0.0000 0.0000 0.0000 0.0000 0.0000 0.0000 0.0000 0.0000 0.0000 0.0000 0.0000 0.0000 0.0000 0.0000 0.0000 0.0000 0.0000 0.0000 0.0000 0.0000 0.0000 0.0000 0.0000 0.0000 0.0000 0.0000 0.0000 0.0000 0.0000 0.0000 0.0000 0.0000 0.0000 0.0000 9.6499 10.0212 358.7851 43.4733 5.4864 62.9189 12.5433 344.3305 353.2378 350.5944 355.6684 2.0022 0.0000 0.0000 0.0000 0.0000 0.0000 0.0000 0.0000 0.0000 0.0000 0.0000 0.0000 0.0000 0.0000 0.0000 0.0000 0.0000 0.0000 0.0000 0.0000 0.0000 0.0000 0.0000 0.0000 0.0000 0.0000 0.0000 0.0000 0.0000 0.0000 0.0000 0.0000 0.0000 0.0000 0.0000 0.0000 0.0000 0.0000 0.0000 0.0000 0.0000 0.0000 0.0000 0.0000 0.0000 0.0000 1.8489 356.8151 4.4899 2.2529 18.6970 0.7702 1.8135 358.6923 357.5103 355.0282 0.1230 359.8817 354.4806 359.6320 354.2733 1.6196 17.7170 4.3861 350.3455 0.3461 2.7908 2.5718 359.6227 359.5434 
-0.0387 0.8690 0.0473 4.7850 358.8129 358.8246 359.4120 352.3248 355.4709 359.3757 359.0830 16.0105 2.0990 3.7196 351.7998 1.1446 2.5447 1.9561 351.9293 348.7401 18.8647 303.1335 331.8928 17.1493 332.4518 327.9751 5.7966 6.3839 357.0162 8.7659 0.0000 0.0000 0.0000 0.0000 0.0000 0.0000 0.0000 0.0000 0.0000 0.0000 0.0000 0.0000 0.0000 0.0000 0.0000 0.0000 0.0000 0.0000 0.0000 0.0000 0.0000 0.0000 0.0000 0.0000 0.0000 0.0000 0.0000 0.0000 0.0000 0.0000 0.0000 0.0000 0.0000 0.0000 0.0000 0.0000 0.0000 0.0000 0.0000 0.0000 0.0000 0.0000 0.0000 0.0000 0.0000 9.7784 10.2228 358.6943 43.4433 5.8107 63.3196 11.2552 343.2823 353.4339 350.5344 355.7800 2.7270 0.0000 0.0000 0.0000 0.0000 0.0000 0.0000 0.0000 0.0000 0.0000 0.0000 0.0000 0.0000 0.0000 0.0000 0.0000 0.0000 0.0000 0.0000 0.0000 0.0000 0.0000 0.0000 0.0000 0.0000 0.0000 0.0000 0.0000 0.0000 0.0000 0.0000 0.0000 0.0000 0.0000 0.0000 0.0000 0.0000 0.0000 0.0000 0.0000 0.0000 0.0000 0.0000 0.0000 0.0000 0.0000 1.7340 356.7238 4.4130 2.0461 18.6991 0.7429 1.8172 358.7020 357.5147 355.0373 0.1222 359.8859 354.3901 359.6105 354.2142 1.4790 17.7129 4.3791 350.3159 0.3461 2.7959 2.5763 359.6266 359.5435 
-0.0384 0.8691 0.0475 5.0183 358.8929 358.8818 359.5148 352.3155 355.4887 359.3724 358.9162 16.0078 1.9955 3.6981 351.5209 0.9978 2.5311 2.0159 352.2498 348.5471 19.1904 302.7772 332.3143 18.4952 331.8702 327.3865 6.2593 6.2402 357.0465 8.6387 0.0000 0.0000 0.0000 0.0000 0.0000 0.0000 0.0000 0.0000 0.0000 0.0000 0.0000 0.0000 0.0000 0.0000 0.0000 0.0000 0.0000 0.0000 0.0000 0.0000 0.0000 0.0000 0.0000 0.0000 0.0000 0.0000 0.0000 0.0000 0.0000 0.0000 0.0000 0.0000 0.0000 0.0000 0.0000 0.0000 0.0000 0.0000 0.0000 0.0000 0.0000 0.0000 0.0000 0.0000 0.0000 9.9065 10.4245 358.6040 43.4157 6.1352 63.7204 9.9565 342.2388 353.6566 350.4763 355.8923 3.4518 0.0000 0.0000 0.0000 0.0000 0.0000 0.0000 0.0000 0.0000 0.0000 0.0000 0.0000 0.0000 0.0000 0.0000 0.0000 0.0000 0.0000 0.0000 0.0000 0.0000 0.0000 0.0000 0.0000 0.0000 0.0000 0.0000 0.0000 0.0000 0.0000 0.0000 0.0000 0.0000 0.0000 0.0000 0.0000 0.0000 0.0000 0.0000 0.0000 0.0000 0.0000 0.0000 0.0000 0.0000 0.0000 1.6184 356.6316 4.3356 1.8390 18.7012 0.7156 1.8229 358.7352 357.5234 355.0442 0.1395 359.8853 354.2977 359.5889 354.1540 1.3343 17.7089 4.3715 350.2599 0.3663 2.8242 2.5807 359.6304 359.5435 
-0.0382 0.8693 0.0478 5.2516 358.9729 358.9391 359.6177 352.3061 355.5066 359.3691 358.7495 16.0052 1.8922 3.6760 351.2420 0.8509 2.5176 2.0756 352.5694 348.3524 19.5153 302.4336 332.7431 19.8329 331.2791 326.8021 6.7322 6.0964 357.0764 8.5115 0.0000 0.0000 0.0000 0.0000 0.0000 0.0000 0.0000 0.0000 0.0000 0.0000 0.0000 0.0000 0.0000 0.0000 0.0000 0.0000 0.0000 0.0000 0.0000 0.0000 0.0000 0.0000 0.0000 0.0000 0.0000 0.0000 0.0000 0.0000 0.0000 0.0000 0.0000 0.0000 0.0000 0.0000 0.0000 0.0000 0.0000 0.0000 0.0000 0.0000 0.0000 0.0000 0.0000 0.0000 0.0000 10.0343 10.6264 358.5140 43.3903 6.4600 64.1213 8.6458 341.2000 353.9064 350.4200 356.0053 4.1763 0.0000 0.0000 0.0000 0.0000 0.0000 0.0000 0.0000 0.0000 0.0000 0.0000 0.0000 0.0000 0.0000 0.0000 0.0000 0.0000 0.0000 0.0000 0.0000 0.0000 0.0000 0.0000 0.0000 0.0000 0.0000 0.0000 0.0000 0.0000 0.0000 0.0000 0.0000 0.0000 0.0000 0.0000 0.0000 0.0000 0.0000 0.0000 0.0000 0.0000 0.0000 0.0000 0.0000 0.0000 0.0000 1.5029 356.5393 4.2585 1.6319 18.7031 0.6883 1.8286 358.7685 357.5321 355.0511 0.1568 359.8846 354.2054 359.5670 354.0938 1.1896 17.7051 4.3640 350.2039 0.3863 2.8525 2.5852 359.6342 359.5436 
-0.0385 0.8694 0.0479 5.5372 358.9897 359.0027 359.8099 352.3338 355.5743 359.4010 358.6207 15.8667 1.7214 3.7851 350.9906 0.6452 2.5018 2.1484 352.9954 348.2191 19.6739 302.4061 333.0882 20.9073 330.0835 325.8652 7.5255 5.8883 357.1230 8.2776 0.0000 0.0000 0.0000 0.0000 0.0000 0.0000 0.0000 0.0000 0.0000 0.0000 0.0000 0.0000 0.0000 0.0000 0.0000 0.0000 0.0000 0.0000 0.0000 0.0000 0.0000 0.0000 0.0000 0.0000 0.0000 0.0000 0.0000 0.0000 0.0000 0.0000 0.0000 0.0000 0.0000 0.0000 0.0000 0.0000 0.0000 0.0000 0.0000 0.0000 0.0000 0.0000 0.0000 0.0000 0.0000 10.0295 10.9218 358.5436 43.6820 6.7869 64.8893 8.7721 341.3343 354.4187 350.3366 356.0723 4.5448 0.0000 0.0000 0.0000 0.0000 0.0000 0.0000 0.0000 0.0000 0.0000 0.0000 0.0000 0.0000 0.0000 0.0000 0.0000 0.0000 0.0000 0.0000 0.0000 0.0000 0.0000 0.0000 0.0000 0.0000 0.0000 0.0000 0.0000 0.0000 0.0000 0.0000 0.0000 0.0000 0.0000 0.0000 0.0000 0.0000 0.0000 0.0000 0.0000 0.0000 0.0000 0.0000 0.0000 0.0000 0.0000 1.3935 356.4851 4.2109 1.4175 18.7046 0.6671 1.8473 358.9362 357.5738 355.0454 0.1412 359.8852 354.1213 359.6075 354.0576 1.0262 17.7036 4.3548 350.1585 0.3680 2.8584 2.5836 359.6321 359.5446 
-0.0388 0.8695 0.0480 5.8213 359.0042 359.0646 0.0009 352.3615 355.6418 359.4333 358.4908 15.7281 1.5502 3.8934 350.7393 0.4415 2.4863 2.2204 353.4209 348.0847 19.8312 302.3858 333.4338 21.9786 328.8039 324.9486 8.3196 5.7364 357.1603 8.1255 0.0000 0.0000 0.0000 0.0000 0.0000 0.0000 0.0000 0.0000 0.0000 0.0000 0.0000 0.0000 0.0000 0.0000 0.0000 0.0000 0.0000 0.0000 0.0000 0.0000 0.0000 0.0000 0.0000 0.0000 0.0000 0.0000 0.0000 0.0000 0.0000 0.0000 0.0000 0.0000 0.0000 0.0000 0.0000 0.0000 0.0000 0.0000 0.0000 0.0000 0.0000 0.0000 0.0000 0.0000 0.0000 10.0242 11.2162 358.5736 43.9782 7.1096 65.6591 8.9747 341.4745 354.8752 350.1597 356.1469 4.9535 0.0000 0.0000 0.0000 0.0000 0.0000 0.0000 0.0000 0.0000 0.0000 0.0000 0.0000 0.0000 0.0000 0.0000 0.0000 0.0000 0.0000 0.0000 0.0000 0.0000 0.0000 0.0000 0.0000 0.0000 0.0000 0.0000 0.0000 0.0000 0.0000 0.0000 0.0000 0.0000 0.0000 0.0000 0.0000 0.0000 0.0000 0.0000 0.0000 0.0000 0.0000 0.0000 0.0000 0.0000 0.0000 1.2894 356.4352 4.1670 1.2119 18.7061 0.6470 1.8427 358.9676 357.5798 355.0468 0.1432 359.8851 354.0519 359.6515 354.0309 0.8746 17.7025 4.3462 350.1131 0.3497 2.8643 2.5820 359.6299 359.5456 
-0.0392 0.8696 0.0481 6.1054 359.0185 359.1265 0.1918 352.3889 355.7095 359.4658 358.3611 15.5894 1.3785 4.0011 350.4876 0.2378 2.4711 2.2925 353.8462 347.9492 19.9876 302.3727 333.7797 23.0466 327.5216 324.0440 9.1640 5.5570 357.2011 7.9331 0.0000 0.0000 0.0000 0.0000 0.0000 0.0000 0.0000 0.0000 0.0000 0.0000 0.0000 0.0000 0.0000 0.0000 0.0000 0.0000 0.0000 0.0000 0.0000 0.0000 0.0000 0.0000 0.0000 0.0000 0.0000 0.0000 0.0000 0.0000 0.0000 0.0000 0.0000 0.0000 0.0000 0.0000 0.0000 0.0000 0.0000 0.0000 0.0000 0.0000 0.0000 0.0000 0.0000 0.0000 0.0000 10.0191 11.5106 358.6036 44.2791 7.4283 66.4311 9.1412 341.6099 355.3595 350.0305 356.2191 5.3420 0.0000 0.0000 0.0000 0.0000 0.0000 0.0000 0.0000 0.0000 0.0000 0.0000 0.0000 0.0000 0.0000 0.0000 0.0000 0.0000 0.0000 0.0000 0.0000 0.0000 0.0000 0.0000 0.0000 0.0000 0.0000 0.0000 0.0000 0.0000 0.0000 0.0000 0.0000 0.0000 0.0000 0.0000 0.0000 0.0000 0.0000 0.0000 0.0000 0.0000 0.0000 0.0000 0.0000 0.0000 0.0000 1.1853 356.3850 4.1231 1.0064 18.7075 0.6269 1.8381 358.9990 357.5858 355.0482 0.1453 359.8850 353.9825 359.6954 354.0042 0.7230 17.7013 4.3375 350.0677 0.3313 2.8702 2.5805 359.6278 359.5467 
-0.0394 0.8696 0.0484 6.3406 359.0494 359.1797 0.4056 352.4140 355.7543 359.5082 358.2401 15.4027 1.2129 4.1139 350.2395 0.0281 2.4378 2.3362 354.1494 347.8485 20.1142 302.3674 334.0266 23.9396 326.1707 323.0656 10.1437 5.4004 357.2282 7.7341 0.0000 0.0000 0.0000 0.0000 0.0000 0.0000 0.0000 0.0000 0.0000 0.0000 0.0000 0.0000 0.0000 0.0000 0.0000 0.0000 0.0000 0.0000 0.0000 0.0000 0.0000 0.0000 0.0000 0.0000 0.0000 0.0000 0.0000 0.0000 0.0000 0.0000 0.0000 0.0000 0.0000 0.0000 0.0000 0.0000 0.0000 0.0000 0.0000 0.0000 0.0000 0.0000 0.0000 0.0000 0.0000 10.0128 11.6895 358.5728 44.2058 7.6668 66.8124 9.3445 341.4603 355.6941 350.0005 356.2599 5.4064 0.0000 0.0000 0.0000 0.0000 0.0000 0.0000 0.0000 0.0000 0.0000 0.0000 0.0000 0.0000 0.0000 0.0000 0.0000 0.0000 0.0000 0.0000 0.0000 0.0000 0.0000 0.0000 0.0000 0.0000 0.0000 0.0000 0.0000 0.0000 0.0000 0.0000 0.0000 0.0000 0.0000 0.0000 0.0000 0.0000 0.0000 0.0000 0.0000 0.0000 0.0000 0.0000 0.0000 0.0000 0.0000 1.0844 356.3354 4.0834 0.8289 18.7084 0.6144 1.8087 359.1709 357.5942 355.0533 0.1470 359.8860 353.8835 359.7385 353.9730 0.5740 17.6999 4.3315 349.9146 0.2634 2.8872 2.5833 359.6278 359.5456 
-0.0397 0.8696 0.0487 6.5742 359.0798 359.2308 0.6206 352.4391 355.7996 359.5508 358.1198 15.2165 1.0472 4.2258 349.9915 359.8197 2.4047 2.3796 354.4520 347.7473 20.2401 302.3663 334.2736 24.8309 324.7814 322.1065 11.1650 5.2437 357.2549 7.5351 0.0000 0.0000 0.0000 0.0000 0.0000 0.0000 0.0000 0.0000 0.0000 0.0000 0.0000 0.0000 0.0000 0.0000 0.0000 0.0000 0.0000 0.0000 0.0000 0.0000 0.0000 0.0000 0.0000 0.0000 0.0000 0.0000 0.0000 0.0000 0.0000 0.0000 0.0000 0.0000 0.0000 0.0000 0.0000 0.0000 0.0000 0.0000 0.0000 0.0000 0.0000 0.0000 0.0000 0.0000 0.0000 10.0065 11.8672 358.5418 44.1340 7.9058 67.1936 9.5474 341.3097 356.0288 349.9705 356.3008 5.4707 0.0000 0.0000 0.0000 0.0000 0.0000 0.0000 0.0000 0.0000 0.0000 0.0000 0.0000 0.0000 0.0000 0.0000 0.0000 0.0000 0.0000 0.0000 0.0000 0.0000 0.0000 0.0000 0.0000 0.0000 0.0000 0.0000 0.0000 0.0000 0.0000 0.0000 0.0000 0.0000 0.0000 0.0000 0.0000 0.0000 0.0000 0.0000 0.0000 0.0000 0.0000 0.0000 0.0000 0.0000 0.0000 0.9926 356.2903 4.0476 0.6549 18.7090 0.6022 1.7976 359.2183 357.5787 355.0585 0.1487 359.8871 353.8033 359.7696 353.9489 0.4406 17.6984 4.3262 349.8784 0.2429 2.8890 2.5862 359.6278 359.5445 
-0.0399 0.8697 0.0490 6.8078 359.1101 359.2820 0.8356 352.4640 355.8451 359.5938 357.9996 15.0303 0.8809 4.3370 349.7433 359.6114 2.3718 2.4230 354.7545 347.6455 20.3655 302.3695 334.5206 25.7203 323.3519 321.1677 12.2296 5.0869 357.2810 7.3361 0.0000 0.0000 0.0000 0.0000 0.0000 0.0000 0.0000 0.0000 0.0000 0.0000 0.0000 0.0000 0.0000 0.0000 0.0000 0.0000 0.0000 0.0000 0.0000 0.0000 0.0000 0.0000 0.0000 0.0000 0.0000 0.0000 0.0000 0.0000 0.0000 0.0000 0.0000 0.0000 0.0000 0.0000 0.0000 0.0000 0.0000 0.0000 0.0000 0.0000 0.0000 0.0000 0.0000 0.0000 0.0000 10.0001 12.0450 358.5107 44.0638 8.1452 67.5748 9.7499 341.1581 356.3631 349.9406 356.3416 5.5350 0.0000 0.0000 0.0000 0.0000 0.0000 0.0000 0.0000 0.0000 0.0000 0.0000 0.0000 0.0000 0.0000 0.0000 0.0000 0.0000 0.0000 0.0000 0.0000 0.0000 0.0000 0.0000 0.0000 0.0000 0.0000 0.0000 0.0000 0.0000 0.0000 0.0000 0.0000 0.0000 0.0000 0.0000 0.0000 0.0000 0.0000 0.0000 0.0000 0.0000 0.0000 0.0000 0.0000 0.0000 0.0000 0.9008 356.2450 4.0118 0.4810 18.7097 0.5899 1.7865 359.2656 357.5633 355.0636 0.1505 359.8881 353.7230 359.8008 353.9249 0.3072 17.6968 4.3210 349.8422 0.2224 2.8908 2.5891 359.6278 359.5434 
-0.0395 0.8697 0.0491 6.9672 359.1107 359.3347 1.0374 352.5083 355.9118 359.6407 357.8839 14.8560 0.7112 4.5328 349.5314 359.4141 2.3720 2.4450 354.9559 347.5547 20.4799 302.5074 334.6031 26.3734 322.1496 320.1082 13.2074 4.9787 357.2970 7.0980 0.0000 0.0000 0.0000 0.0000 0.0000 0.0000 0.0000 0.0000 0.0000 0.0000 0.0000 0.0000 0.0000 0.0000 0.0000 0.0000 0.0000 0.0000 0.0000 0.0000 0.0000 0.0000 0.0000 0.0000 0.0000 0.0000 0.0000 0.0000 0.0000 0.0000 0.0000 0.0000 0.0000 0.0000 0.0000 0.0000 0.0000 0.0000 0.0000 0.0000 0.0000 0.0000 0.0000 0.0000 0.0000 9.9561 12.2031 358.4792 43.9425 8.5158 67.8838 10.0384 341.1167 356.6006 349.8925 356.3541 5.4827 0.0000 0.0000 0.0000 0.0000 0.0000 0.0000 0.0000 0.0000 0.0000 0.0000 0.0000 0.0000 0.0000 0.0000 0.0000 0.0000 0.0000 0.0000 0.0000 0.0000 0.0000 0.0000 0.0000 0.0000 0.0000 0.0000 0.0000 0.0000 0.0000 0.0000 0.0000 0.0000 0.0000 0.0000 0.0000 0.0000 0.0000 0.0000 0.0000 0.0000 0.0000 0.0000 0.0000 0.0000 0.0000 0.8352 356.2322 3.9310 0.3319 18.7110 0.5697 1.7967 359.2900 357.5880 355.0587 0.1625 359.8859 353.6711 359.8350 353.8494 0.1725 17.6978 4.3161 349.7035 0.1662 2.9017 2.5871 359.6276 359.5443 
-0.0391 0.8697 0.0492 7.1281 359.1119 359.3885 1.2380 352.5522 355.9785 359.6879 357.7688 14.6823 0.5408 4.7278 349.3192 359.2179 2.3725 2.4668 355.1570 347.4636 20.5939 302.6463 334.6842 27.0261 320.9045 319.0652 14.2298 4.8704 357.3127 6.8599 0.0000 0.0000 0.0000 0.0000 0.0000 0.0000 0.0000 0.0000 0.0000 0.0000 0.0000 0.0000 0.0000 0.0000 0.0000 0.0000 0.0000 0.0000 0.0000 0.0000 0.0000 0.0000 0.0000 0.0000 0.0000 0.0000 0.0000 0.0000 0.0000 0.0000 0.0000 0.0000 0.0000 0.0000 0.0000 0.0000 0.0000 0.0000 0.0000 0.0000 0.0000 0.0000 0.0000 0.0000 0.0000 9.9120 12.3616 358.4474 43.8230 8.8873 68.1928 10.3271 341.0744 356.8381 349.8441 356.3668 5.4310 0.0000 0.0000 0.0000 0.0000 0.0000 0.0000 0.0000 0.0000 0.0000 0.0000 0.0000 0.0000 0.0000 0.0000 0.0000 0.0000 0.0000 0.0000 0.0000 0.0000 0.0000 0.0000 0.0000 0.0000 0.0000 0.0000 0.0000 0.0000 0.0000 0.0000 0.0000 0.0000 0.0000 0.0000 0.0000 0.0000 0.0000 0.0000 0.0000 0.0000 0.0000 0.0000 0.0000 0.0000 0.0000 0.7731 356.2211 3.8515 0.1810 18.7120 0.5494 1.8037 359.3281 357.6084 355.0537 0.1745 359.8838 353.6234 359.8674 353.7752 0.0511 17.6989 4.3117 349.6349 0.1496 2.9090 2.5851 359.6274 359.5453 
-0.0387 0.8697 0.0494 7.2890 359.1131 359.4424 1.4386 352.5959 356.0453 359.7353 357.6537 14.5084 0.3696 4.9222 349.1064 359.0218 2.3730 2.4885 355.3579 347.3721 20.7077 302.7861 334.7639 27.6785 319.6146 318.0398 15.2989 4.7620 357.3279 6.6217 0.0000 0.0000 0.0000 0.0000 0.0000 0.0000 0.0000 0.0000 0.0000 0.0000 0.0000 0.0000 0.0000 0.0000 0.0000 0.0000 0.0000 0.0000 0.0000 0.0000 0.0000 0.0000 0.0000 0.0000 0.0000 0.0000 0.0000 0.0000 0.0000 0.0000 0.0000 0.0000 0.0000 0.0000 0.0000 0.0000 0.0000 0.0000 0.0000 0.0000 0.0000 0.0000 0.0000 0.0000 0.0000 9.8677 12.5201 358.4155 43.7054 9.2594 68.5014 10.6158 341.0308 357.0755 349.7957 356.3796 5.3793 0.0000 0.0000 0.0000 0.0000 0.0000 0.0000 0.0000 0.0000 0.0000 0.0000 0.0000 0.0000 0.0000 0.0000 0.0000 0.0000 0.0000 0.0000 0.0000 0.0000 0.0000 0.0000 0.0000 0.0000 0.0000 0.0000 0.0000 0.0000 0.0000 0.0000 0.0000 0.0000 0.0000 0.0000 0.0000 0.0000 0.0000 0.0000 0.0000 0.0000 0.0000 0.0000 0.0000 0.0000 0.0000 0.7109 356.2099 3.7720 0.0300 18.7131 0.5291 1.8107 359.3661 357.6287 355.0487 0.1865 359.8816 353.5755 359.8998 353.7009 359.9297 17.7000 4.3073 349.5662 0.1330 2.9163 2.5831 359.6272 359.5463 
-0.0389 0.8697 0.0493 7.3191 359.0802 359.4633 1.5635 352.6404 356.1139 359.7693 357.5788 14.3424 0.2890 5.0692 348.9088 358.9289 2.3988 2.4781 355.4970 347.3335 20.7621 303.0775 334.6261 28.0475 318.1424 317.1387 16.6299 4.6957 357.3265 6.4043 0.0000 0.0000 0.0000 0.0000 0.0000 0.0000 0.0000 0.0000 0.0000 0.0000 0.0000 0.0000 0.0000 0.0000 0.0000 0.0000 0.0000 0.0000 0.0000 0.0000 0.0000 0.0000 0.0000 0.0000 0.0000 0.0000 0.0000 0.0000 0.0000 0.0000 0.0000 0.0000 0.0000 0.0000 0.0000 0.0000 0.0000 0.0000 0.0000 0.0000 0.0000 0.0000 0.0000 0.0000 0.0000 9.7713 12.6575 358.3638 43.5459 9.6118 68.7877 10.7680 340.9474 357.2349 349.7643 356.3911 5.3618 0.0000 0.0000 0.0000 0.0000 0.0000 0.0000 0.0000 0.0000 0.0000 0.0000 0.0000 0.0000 0.0000 0.0000 0.0000 0.0000 0.0000 0.0000 0.0000 0.0000 0.0000 0.0000 0.0000 0.0000 0.0000 0.0000 0.0000 0.0000 0.0000 0.0000 0.0000 0.0000 0.0000 0.0000 0.0000 0.0000 0.0000 0.0000 0.0000 0.0000 0.0000 0.0000 0.0000 0.0000 0.0000 0.6951 356.2332 3.7617 359.9515 18.7131 0.5290 1.8085 359.3531 357.5893 355.0672 0.1472 359.8918 353.5510 359.9326 353.6976 359.8783 17.7024 4.3119 349.5351 0.1183 2.9124 2.5810 359.6245 359.5471 
-0.0391 0.8697 0.0492 7.3519 359.0474 359.4843 1.6869 352.6845 356.1822 359.8030 357.5049 14.1778 0.2084 5.2152 348.7117 358.8385 2.4246 2.4674 355.6353 347.2951 20.8160 303.3682 334.4866 28.4163 316.6202 316.2640 18.0117 4.6295 357.3249 6.1871 0.0000 0.0000 0.0000 0.0000 0.0000 0.0000 0.0000 0.0000 0.0000 0.0000 0.0000 0.0000 0.0000 0.0000 0.0000 0.0000 0.0000 0.0000 0.0000 0.0000 0.0000 0.0000 0.0000 0.0000 0.0000 0.0000 0.0000 0.0000 0.0000 0.0000 0.0000 0.0000 0.0000 0.0000 0.0000 0.0000 0.0000 0.0000 0.0000 0.0000 0.0000 0.0000 0.0000 0.0000 0.0000 9.6746 12.7954 358.3116 43.3880 9.9650 69.0734 10.9204 340.8640 357.3944 349.7311 356.4032 5.3425 0.0000 0.0000 0.0000 0.0000 0.0000 0.0000 0.0000 0.0000 0.0000 0.0000 0.0000 0.0000 0.0000 0.0000 0.0000 0.0000 0.0000 0.0000 0.0000 0.0000 0.0000 0.0000 0.0000 0.0000 0.0000 0.0000 0.0000 0.0000 0.0000 0.0000 0.0000 0.0000 0.0000 0.0000 0.0000 0.0000 0.0000 0.0000 0.0000 0.0000 0.0000 0.0000 0.0000 0.0000 0.0000 0.6803 356.2568 3.7529 359.8746 18.7132 0.5290 1.8149 359.3869 357.5749 355.0737 0.1369 359.8968 353.5244 359.9667 353.6911 359.8272 17.7048 4.3166 349.4704 0.0955 2.9120 2.5788 359.6219 359.5480 
-0.0393 0.8697 0.0492 7.3848 359.0145 359.5052 1.8104 352.7284 356.2506 359.8369 357.4312 14.0131 0.1273 5.3610 348.5143 358.7481 2.4503 2.4567 355.7736 347.2566 20.8698 303.6583 334.3455 28.7846 315.0463 315.4169 19.4460 4.5633 357.3230 5.9699 0.0000 0.0000 0.0000 0.0000 0.0000 0.0000 0.0000 0.0000 0.0000 0.0000 0.0000 0.0000 0.0000 0.0000 0.0000 0.0000 0.0000 0.0000 0.0000 0.0000 0.0000 0.0000 0.0000 0.0000 0.0000 0.0000 0.0000 0.0000 0.0000 0.0000 0.0000 0.0000 0.0000 0.0000 0.0000 0.0000 0.0000 0.0000 0.0000 0.0000 0.0000 0.0000 0.0000 0.0000 0.0000 9.5776 12.9332 358.2592 43.2318 10.3190 69.3584 11.0727 340.7801 357.5538 349.6979 356.4152 5.3231 0.0000 0.0000 0.0000 0.0000 0.0000 0.0000 0.0000 0.0000 0.0000 0.0000 0.0000 0.0000 0.0000 0.0000 0.0000 0.0000 0.0000 0.0000 0.0000 0.0000 0.0000 0.0000 0.0000 0.0000 0.0000 0.0000 0.0000 0.0000 0.0000 0.0000 0.0000 0.0000 0.0000 0.0000 0.0000 0.0000 0.0000 0.0000 0.0000 0.0000 0.0000 0.0000 0.0000 0.0000 0.0000 0.6655 356.2804 3.7440 359.7978 18.7132 0.5291 1.8213 359.4208 357.5605 355.0802 0.1265 359.9018 353.4979 0.0008 353.6846 359.7761 17.7073 4.3214 349.4058 0.0726 2.9117 2.5767 359.6193 359.5488 
-0.0392 0.8697 0.0490 7.2024 358.9854 359.5153 1.7538 352.8018 356.2899 359.8285 357.3833 14.0339 0.0612 5.5209 348.4801 358.7335 2.4619 2.4303 355.9183 347.2964 20.8945 304.4066 334.3076 28.8630 313.7675 314.6229 20.6673 4.5046 357.3234 5.7430 0.0000 0.0000 0.0000 0.0000 0.0000 0.0000 0.0000 0.0000 0.0000 0.0000 0.0000 0.0000 0.0000 0.0000 0.0000 0.0000 0.0000 0.0000 0.0000 0.0000 0.0000 0.0000 0.0000 0.0000 0.0000 0.0000 0.0000 0.0000 0.0000 0.0000 0.0000 0.0000 0.0000 0.0000 0.0000 0.0000 0.0000 0.0000 0.0000 0.0000 0.0000 0.0000 0.0000 0.0000 0.0000 9.4668 13.0050 358.2232 42.9686 10.6468 69.4152 11.3302 340.7695 357.6664 349.6797 356.4155 5.2513 0.0000 0.0000 0.0000 0.0000 0.0000 0.0000 0.0000 0.0000 0.0000 0.0000 0.0000 0.0000 0.0000 0.0000 0.0000 0.0000 0.0000 0.0000 0.0000 0.0000 0.0000 0.0000 0.0000 0.0000 0.0000 0.0000 0.0000 0.0000 0.0000 0.0000 0.0000 0.0000 0.0000 0.0000 0.0000 0.0000 0.0000 0.0000 0.0000 0.0000 0.0000 0.0000 0.0000 0.0000 0.0000 0.7134 356.3266 3.7239 359.8394 18.7122 0.5468 1.8232 359.3692 357.5564 355.0771 0.1401 359.8972 353.5893 359.9768 353.6628 359.8208 17.7003 4.3373 349.4615 0.0971 2.8879 2.5722 359.6136 359.5501 
-0.0390 0.8697 0.0488 7.0406 358.9596 359.5232 1.6975 352.8753 356.3291 359.8199 357.3358 14.0557 -0.0048 5.6803 348.4464 358.7180 2.4736 2.4038 356.0646 347.3357 20.9199 305.1555 334.2686 28.9415 312.4465 313.8490 21.9311 4.4462 357.3235 5.5171 0.0000 0.0000 0.0000 0.0000 0.0000 0.0000 0.0000 0.0000 0.0000 0.0000 0.0000 0.0000 0.0000 0.0000 0.0000 0.0000 0.0000 0.0000 0.0000 0.0000 0.0000 0.0000 0.0000 0.0000 0.0000 0.0000 0.0000 0.0000 0.0000 0.0000 0.0000 0.0000 0.0000 0.0000 0.0000 0.0000 0.0000 0.0000 0.0000 0.0000 0.0000 0.0000 0.0000 0.0000 0.0000 9.3556 13.0770 358.1870 42.7056 10.9748 69.4703 11.5884 340.7582 357.7798 349.6597 356.4165 5.1786 0.0000 0.0000 0.0000 0.0000 0.0000 0.0000 0.0000 0.0000 0.0000 0.0000 0.0000 0.0000 0.0000 0.0000 0.0000 0.0000 0.0000 0.0000 0.0000 0.0000 0.0000 0.0000 0.0000 0.0000 0.0000 0.0000 0.0000 0.0000 0.0000 0.0000 0.0000 0.0000 0.0000 0.0000 0.0000 0.0000 0.0000 0.0000 0.0000 0.0000 0.0000 0.0000 0.0000 0.0000 0.0000 0.7642 356.3680 3.7055 359.8784 18.7113 0.5645 1.8336 359.3629 357.5331 355.0869 0.1331 359.9025 353.6695 359.9671 353.6382 359.8532 17.6940 4.3543 349.4660 0.1034 2.8637 2.5677 359.6078 359.5515 
-0.0389 0.8697 0.0487 6.8788 358.9338 359.5311 1.6413 352.9489 356.3683 359.8112 357.2884 14.0775 359.9292 5.8396 348.4125 358.7024 2.4854 2.3774 356.2108 347.3750 20.9454 305.9046 334.2287 29.0195 311.0822 313.0959 23.2385 4.3877 357.3234 5.2912 0.0000 0.0000 0.0000 0.0000 0.0000 0.0000 0.0000 0.0000 0.0000 0.0000 0.0000 0.0000 0.0000 0.0000 0.0000 0.0000 0.0000 0.0000 0.0000 0.0000 0.0000 0.0000 0.0000 0.0000 0.0000 0.0000 0.0000 0.0000 0.0000 0.0000 0.0000 0.0000 0.0000 0.0000 0.0000 0.0000 0.0000 0.0000 0.0000 0.0000 0.0000 0.0000 0.0000 0.0000 0.0000 9.2444 13.1490 358.1506 42.4426 11.3030 69.5241 11.8467 340.7466 357.8930 349.6398 356.4174 5.1059 0.0000 0.0000 0.0000 0.0000 0.0000 0.0000 0.0000 0.0000 0.0000 0.0000 0.0000 0.0000 0.0000 0.0000 0.0000 0.0000 0.0000 0.0000 0.0000 0.0000 0.0000 0.0000 0.0000 0.0000 0.0000 0.0000 0.0000 0.0000 0.0000 0.0000 0.0000 0.0000 0.0000 0.0000 0.0000 0.0000 0.0000 0.0000 0.0000 0.0000 0.0000 0.0000 0.0000 0.0000 0.0000 0.8151 356.4095 3.6872 359.9174 18.7102 0.5821 1.8441 359.3566 357.5098 355.0967 0.1261 359.9078 353.7497 359.9575 353.6136 359.8856 17.6876 4.3713 349.4705 0.1099 2.8396 2.5632 359.6021 359.5528 
-0.0392 0.8697 0.0484 6.7210 358.9200 359.5261 1.6457 352.9981 356.4006 359.8187 357.3104 13.9433 359.9759 5.9978 348.3971 358.7758 2.5005 2.3206 356.3162 347.4762 20.8349 306.3421 334.0487 28.7972 308.7916 313.1416 24.6737 4.3786 357.3055 5.1643 0.0000 0.0000 0.0000 0.0000 0.0000 0.0000 0.0000 0.0000 0.0000 0.0000 0.0000 0.0000 0.0000 0.0000 0.0000 0.0000 0.0000 0.0000 0.0000 0.0000 0.0000 0.0000 0.0000 0.0000 0.0000 0.0000 0.0000 0.0000 0.0000 0.0000 0.0000 0.0000 0.0000 0.0000 0.0000 0.0000 0.0000 0.0000 0.0000 0.0000 0.0000 0.0000 0.0000 0.0000 0.0000 9.1392 13.1855 358.1229 42.3976 11.4137 69.6498 11.9223 340.5178 357.9023 349.6237 356.4194 5.0607 0.0000 0.0000 0.0000 0.0000 0.0000 0.0000 0.0000 0.0000 0.0000 0.0000 0.0000 0.0000 0.0000 0.0000 0.0000 0.0000 0.0000 0.0000 0.0000 0.0000 0.0000 0.0000 0.0000 0.0000 0.0000 0.0000 0.0000 0.0000 0.0000 0.0000 0.0000 0.0000 0.0000 0.0000 0.0000 0.0000 0.0000 0.0000 0.0000 0.0000 0.0000 0.0000 0.0000 0.0000 0.0000 0.8659 356.4370 3.7092 359.9907 18.7087 0.6099 1.8508 359.3545 357.4849 355.0783 0.1395 359.8976 353.8028 359.9254 353.6435 359.9370 17.6841 4.3900 349.4703 0.1170 2.8115 2.5658 359.5931 359.5516 
-0.0396 0.8697 0.0481 6.5674 358.9114 359.5194 1.6483 353.0498 356.4342 359.8251 357.3268 13.8116 0.0230 6.1550 348.3820 358.8490 2.5158 2.2635 356.4216 347.5776 20.7246 306.7816 333.8703 28.5732 306.5063 313.2262 26.1029 4.3692 357.2878 5.0360 0.0000 0.0000 0.0000 0.0000 0.0000 0.0000 0.0000 0.0000 0.0000 0.0000 0.0000 0.0000 0.0000 0.0000 0.0000 0.0000 0.0000 0.0000 0.0000 0.0000 0.0000 0.0000 0.0000 0.0000 0.0000 0.0000 0.0000 0.0000 0.0000 0.0000 0.0000 0.0000 0.0000 0.0000 0.0000 0.0000 0.0000 0.0000 0.0000 0.0000 0.0000 0.0000 0.0000 0.0000 0.0000 9.0340 13.2219 358.0952 42.3527 11.5244 69.7756 11.9980 340.2892 357.9114 349.6067 356.4214 5.0122 0.0000 0.0000 0.0000 0.0000 0.0000 0.0000 0.0000 0.0000 0.0000 0.0000 0.0000 0.0000 0.0000 0.0000 0.0000 0.0000 0.0000 0.0000 0.0000 0.0000 0.0000 0.0000 0.0000 0.0000 0.0000 0.0000 0.0000 0.0000 0.0000 0.0000 0.0000 0.0000 0.0000 0.0000 0.0000 0.0000 0.0000 0.0000 0.0000 0.0000 0.0000 0.0000 0.0000 0.0000 0.0000 0.9043 356.4543 3.7358 0.0428 18.7077 0.6281 1.8576 359.3524 357.4601 355.0826 0.1368 359.8997 353.8494 359.8939 353.6754 359.9682 17.6849 4.3980 349.4702 0.1240 2.7834 2.5684 359.5841 359.5504 
-0.0399 0.8697 0.0479 6.4138 358.9028 359.5128 1.6509 353.1015 356.4677 359.8315 357.3432 13.6799 0.0702 6.3122 348.3671 358.9222 2.5313 2.2065 356.5267 347.6793 20.6146 307.2224 333.6934 28.3473 304.2294 313.3498 27.5227 4.3599 357.2700 4.9076 0.0000 0.0000 0.0000 0.0000 0.0000 0.0000 0.0000 0.0000 0.0000 0.0000 0.0000 0.0000 0.0000 0.0000 0.0000 0.0000 0.0000 0.0000 0.0000 0.0000 0.0000 0.0000 0.0000 0.0000 0.0000 0.0000 0.0000 0.0000 0.0000 0.0000 0.0000 0.0000 0.0000 0.0000 0.0000 0.0000 0.0000 0.0000 0.0000 0.0000 0.0000 0.0000 0.0000 0.0000 0.0000 8.9288 13.2583 358.0674 42.3081 11.6353 69.9013 12.0738 340.0605 357.9201 349.5898 356.4235 4.9638 0.0000 0.0000 0.0000 0.0000 0.0000 0.0000 0.0000 0.0000 0.0000 0.0000 0.0000 0.0000 0.0000 0.0000 0.0000 0.0000 0.0000 0.0000 0.0000 0.0000 0.0000 0.0000 0.0000 0.0000 0.0000 0.0000 0.0000 0.0000 0.0000 0.0000 0.0000 0.0000 0.0000 0.0000 0.0000 0.0000 0.0000 0.0000 0.0000 0.0000 0.0000 0.0000 0.0000 0.0000 0.0000 0.9428 356.4716 3.7623 0.0948 18.7066 0.6462 1.8643 359.3504 357.4352 355.0868 0.1340 359.9018 353.8959 359.8624 353.7072 -0.0006 17.6856 4.4060 349.4699 0.1310 2.7553 2.5710 359.5751 359.5493 
-0.0405 0.8697 0.0478 6.1447 358.8783 359.4775 1.6129 353.1202 356.5001 359.8257 357.3383 13.5869 0.0990 6.3660 348.4669 358.9698 2.5876 2.2047 356.5342 347.7722 20.5116 307.8763 333.5038 27.9128 302.3176 313.4086 28.9187 4.3510 357.2553 4.8121 0.0000 0.0000 0.0000 0.0000 0.0000 0.0000 0.0000 0.0000 0.0000 0.0000 0.0000 0.0000 0.0000 0.0000 0.0000 0.0000 0.0000 0.0000 0.0000 0.0000 0.0000 0.0000 0.0000 0.0000 0.0000 0.0000 0.0000 0.0000 0.0000 0.0000 0.0000 0.0000 0.0000 0.0000 0.0000 0.0000 0.0000 0.0000 0.0000 0.0000 0.0000 0.0000 0.0000 0.0000 0.0000 8.8331 13.2570 358.0424 42.2486 11.7465 69.9503 12.1920 339.9093 357.9193 349.5689 356.4313 4.9616 0.0000 0.0000 0.0000 0.0000 0.0000 0.0000 0.0000 0.0000 0.0000 0.0000 0.0000 0.0000 0.0000 0.0000 0.0000 0.0000 0.0000 0.0000 0.0000 0.0000 0.0000 0.0000 0.0000 0.0000 0.0000 0.0000 0.0000 0.0000 0.0000 0.0000 0.0000 0.0000 0.0000 0.0000 0.0000 0.0000 0.0000 0.0000 0.0000 0.0000 0.0000 0.0000 0.0000 0.0000 0.0000 1.0279 356.5184 3.8312 0.2626 18.7033 0.6980 1.8938 359.3427 357.3827 355.0906 0.1362 359.9002 354.0141 359.8156 353.7790 0.0611 17.6716 4.4242 349.4968 0.1291 2.7012 2.5731 359.5704 359.5499 
-0.0412 0.8697 0.0478 5.8944 358.8745 359.4582 1.5749 353.1398 356.5331 359.8200 357.3334 13.4942 0.1280 6.4198 348.5667 359.0196 2.6445 2.2011 356.5424 347.8660 20.4077 308.5330 333.3186 27.4751 300.4110 313.4992 30.3089 4.3422 357.2405 4.7157 0.0000 0.0000 0.0000 0.0000 0.0000 0.0000 0.0000 0.0000 0.0000 0.0000 0.0000 0.0000 0.0000 0.0000 0.0000 0.0000 0.0000 0.0000 0.0000 0.0000 0.0000 0.0000 0.0000 0.0000 0.0000 0.0000 0.0000 0.0000 0.0000 0.0000 0.0000 0.0000 0.0000 0.0000 0.0000 0.0000 0.0000 0.0000 0.0000 0.0000 0.0000 0.0000 0.0000 0.0000 0.0000 8.7374 13.2558 358.0176 42.1899 11.8561 69.9973 12.3106 339.7576 357.9182 349.5471 356.4391 4.9570 0.0000 0.0000 0.0000 0.0000 0.0000 0.0000 0.0000 0.0000 0.0000 0.0000 0.0000 0.0000 0.0000 0.0000 0.0000 0.0000 0.0000 0.0000 0.0000 0.0000 0.0000 0.0000 0.0000 0.0000 0.0000 0.0000 0.0000 0.0000 0.0000 0.0000 0.0000 0.0000 0.0000 0.0000 0.0000 0.0000 0.0000 0.0000 0.0000 0.0000 0.0000 0.0000 0.0000 0.0000 0.0000 1.0912 356.5555 3.8851 0.4092 18.7002 0.7423 1.9234 359.3350 357.3302 355.0945 0.1384 359.8986 354.1157 359.7799 353.8395 0.1228 17.6575 4.4423 349.5237 0.1273 2.6472 2.5753 359.5657 359.5506 
-0.0418 0.8697 0.0477 5.6441 358.8707 359.4390 1.5370 353.1593 356.5659 359.8143 357.3285 13.4016 0.1570 6.4735 348.6665 359.0694 2.7013 2.1976 356.5504 347.9599 20.3038 309.1923 333.1379 27.0343 298.5119 313.6216 31.6911 4.3334 357.2256 4.6193 0.0000 0.0000 0.0000 0.0000 0.0000 0.0000 0.0000 0.0000 0.0000 0.0000 0.0000 0.0000 0.0000 0.0000 0.0000 0.0000 0.0000 0.0000 0.0000 0.0000 0.0000 0.0000 0.0000 0.0000 0.0000 0.0000 0.0000 0.0000 0.0000 0.0000 0.0000 0.0000 0.0000 0.0000 0.0000 0.0000 0.0000 0.0000 0.0000 0.0000 0.0000 0.0000 0.0000 0.0000 0.0000 8.6416 13.2545 357.9927 42.1313 11.9657 70.0442 12.4292 339.6059 357.9166 349.5255 356.4469 4.9525 0.0000 0.0000 0.0000 0.0000 0.0000 0.0000 0.0000 0.0000 0.0000 0.0000 0.0000 0.0000 0.0000 0.0000 0.0000 0.0000 0.0000 0.0000 0.0000 0.0000 0.0000 0.0000 0.0000 0.0000 0.0000 0.0000 0.0000 0.0000 0.0000 0.0000 0.0000 0.0000 0.0000 0.0000 0.0000 0.0000 0.0000 0.0000 0.0000 0.0000 0.0000 0.0000 0.0000 0.0000 0.0000 1.1545 356.5925 3.9391 0.5558 18.6968 0.7866 1.9529 359.3275 357.2776 355.0983 0.1405 359.8970 354.2173 359.7440 353.8998 0.1845 17.6436 4.4605 349.5506 0.1254 2.5932 2.5774 359.5611 359.5512 
-0.0426 0.8696 0.0476 5.6176 358.8697 359.4215 1.5789 353.1671 356.5938 359.8469 357.4467 13.1152 0.2532 6.5522 348.6988 359.1559 2.7586 2.0944 356.4796 348.0034 20.1867 309.4896 332.9897 26.5019 297.7720 313.9378 32.0380 4.3270 357.2095 4.6526 0.0000 0.0000 0.0000 0.0000 0.0000 0.0000 0.0000 0.0000 0.0000 0.0000 0.0000 0.0000 0.0000 0.0000 0.0000 0.0000 0.0000 0.0000 0.0000 0.0000 0.0000 0.0000 0.0000 0.0000 0.0000 0.0000 0.0000 0.0000 0.0000 0.0000 0.0000 0.0000 0.0000 0.0000 0.0000 0.0000 0.0000 0.0000 0.0000 0.0000 0.0000 0.0000 0.0000 0.0000 0.0000 8.5819 13.2603 357.9363 42.2181 12.0998 70.2366 12.5119 339.6025 357.9358 349.4846 356.4618 5.0118 0.0000 0.0000 0.0000 0.0000 0.0000 0.0000 0.0000 0.0000 0.0000 0.0000 0.0000 0.0000 0.0000 0.0000 0.0000 0.0000 0.0000 0.0000 0.0000 0.0000 0.0000 0.0000 0.0000 0.0000 0.0000 0.0000 0.0000 0.0000 0.0000 0.0000 0.0000 0.0000 0.0000 0.0000 0.0000 0.0000 0.0000 0.0000 0.0000 0.0000 0.0000 0.0000 0.0000 0.0000 0.0000 1.1414 356.5827 4.0183 0.5680 18.6970 0.7855 1.9513 359.3185 357.2483 355.1016 0.1446 359.8945 354.1712 359.7280 353.9760 0.1840 17.6457 4.4582 349.5944 0.0797 2.5455 2.5831 359.5493 359.5500 
-0.0434 0.8696 0.0474 5.5907 358.8688 359.4039 1.6236 353.1735 356.6193 359.8787 357.5648 12.8255 0.3498 6.6315 348.7324 359.2402 2.8135 1.9915 356.4086 348.0457 20.0709 309.7888 332.8441 25.9681 297.0390 314.2569 32.3770 4.3204 357.1929 4.6842 0.0000 0.0000 0.0000 0.0000 0.0000 0.0000 0.0000 0.0000 0.0000 0.0000 0.0000 0.0000 0.0000 0.0000 0.0000 0.0000 0.0000 0.0000 0.0000 0.0000 0.0000 0.0000 0.0000 0.0000 0.0000 0.0000 0.0000 0.0000 0.0000 0.0000 0.0000 0.0000 0.0000 0.0000 0.0000 0.0000 0.0000 0.0000 0.0000 0.0000 0.0000 0.0000 0.0000 0.0000 0.0000 8.5254 13.2660 357.8807 42.3055 12.2333 70.4293 12.5950 339.5984 357.9549 349.4440 356.4767 5.0711 0.0000 0.0000 0.0000 0.0000 0.0000 0.0000 0.0000 0.0000 0.0000 0.0000 0.0000 0.0000 0.0000 0.0000 0.0000 0.0000 0.0000 0.0000 0.0000 0.0000 0.0000 0.0000 0.0000 0.0000 0.0000 0.0000 0.0000 0.0000 0.0000 0.0000 0.0000 0.0000 0.0000 0.0000 0.0000 0.0000 0.0000 0.0000 0.0000 0.0000 0.0000 0.0000 0.0000 0.0000 0.0000 1.1285 356.5732 4.0976 0.5847 18.6970 0.7857 1.9546 359.3083 357.2101 355.1049 0.1487 359.8919 354.1263 359.7116 354.0531 0.1730 17.6501 4.4528 349.6295 0.0347 2.5153 2.5889 359.5374 359.5487 
-0.0443 0.8695 0.0473 5.5637 358.8678 359.3864 1.6682 353.1798 356.6448 359.9099 357.6832 12.5359 0.4464 6.7108 348.7662 359.3244 2.8686 1.8886 356.3375 348.0878 19.9550 310.0898 332.7009 25.4327 296.3128 314.5788 32.7083 4.3139 357.1765 4.7158 0.0000 0.0000 0.0000 0.0000 0.0000 0.0000 0.0000 0.0000 0.0000 0.0000 0.0000 0.0000 0.0000 0.0000 0.0000 0.0000 0.0000 0.0000 0.0000 0.0000 0.0000 0.0000 0.0000 0.0000 0.0000 0.0000 0.0000 0.0000 0.0000 0.0000 0.0000 0.0000 0.0000 0.0000 0.0000 0.0000 0.0000 0.0000 0.0000 0.0000 0.0000 0.0000 0.0000 0.0000 0.0000 8.4688 13.2718 357.8252 42.3935 12.3665 70.6223 12.6782 339.5943 357.9741 349.4033 356.4916 5.1305 0.0000 0.0000 0.0000 0.0000 0.0000 0.0000 0.0000 0.0000 0.0000 0.0000 0.0000 0.0000 0.0000 0.0000 0.0000 0.0000 0.0000 0.0000 0.0000 0.0000 0.0000 0.0000 0.0000 0.0000 0.0000 0.0000 0.0000 0.0000 0.0000 0.0000 0.0000 0.0000 0.0000 0.0000 0.0000 0.0000 0.0000 0.0000 0.0000 0.0000 0.0000 0.0000 0.0000 0.0000 0.0000 1.1156 356.5637 4.1770 0.6015 18.6969 0.7859 1.9579 359.2982 357.1720 355.1082 0.1528 359.8894 354.0815 359.6952 354.1301 0.1621 17.6546 4.4475 349.6646 359.9896 2.4851 2.5946 359.5256 359.5475 
-0.0451 0.8693 0.0469 5.4516 358.8594 359.3743 1.6765 353.1837 356.6901 359.9234 357.7999 12.2649 0.4786 6.5937 348.9035 359.3322 2.8522 1.8224 356.1932 348.1882 19.7149 310.4628 332.4125 24.4692 295.1628 315.2595 33.1344 4.3653 357.1595 4.8226 0.0000 0.0000 0.0000 0.0000 0.0000 0.0000 0.0000 0.0000 0.0000 0.0000 0.0000 0.0000 0.0000 0.0000 0.0000 0.0000 0.0000 0.0000 0.0000 0.0000 0.0000 0.0000 0.0000 0.0000 0.0000 0.0000 0.0000 0.0000 0.0000 0.0000 0.0000 0.0000 0.0000 0.0000 0.0000 0.0000 0.0000 0.0000 0.0000 0.0000 0.0000 0.0000 0.0000 0.0000 0.0000 8.4259 13.2079 357.8220 42.6170 12.2947 70.6638 12.8282 339.5797 358.0090 349.3830 356.4943 5.1287 0.0000 0.0000 0.0000 0.0000 0.0000 0.0000 0.0000 0.0000 0.0000 0.0000 0.0000 0.0000 0.0000 0.0000 0.0000 0.0000 0.0000 0.0000 0.0000 0.0000 0.0000 0.0000 0.0000 0.0000 0.0000 0.0000 0.0000 0.0000 0.0000 0.0000 0.0000 0.0000 0.0000 0.0000 0.0000 0.0000 0.0000 0.0000 0.0000 0.0000 0.0000 0.0000 0.0000 0.0000 0.0000 1.1522 356.5586 4.2531 0.6134 18.6968 0.7874 1.9687 359.2825 357.1250 355.1190 0.1593 359.8856 354.0970 359.6635 354.1982 0.1671 17.6555 4.4519 349.6668 359.9596 2.4473 2.5982 359.5167 359.5460 
-0.0460 0.8692 0.0465 5.3441 358.8513 359.3657 1.6806 353.1870 356.7330 359.9364 357.9170 11.9934 0.5111 6.4770 349.0409 359.3405 2.8362 1.7554 356.0498 348.2872 19.4767 310.8419 332.1298 23.5015 294.0345 315.9478 33.5352 4.4178 357.1452 4.9238 0.0000 0.0000 0.0000 0.0000 0.0000 0.0000 0.0000 0.0000 0.0000 0.0000 0.0000 0.0000 0.0000 0.0000 0.0000 0.0000 0.0000 0.0000 0.0000 0.0000 0.0000 0.0000 0.0000 0.0000 0.0000 0.0000 0.0000 0.0000 0.0000 0.0000 0.0000 0.0000 0.0000 0.0000 0.0000 0.0000 0.0000 0.0000 0.0000 0.0000 0.0000 0.0000 0.0000 0.0000 0.0000 8.3823 13.1441 357.8181 42.8404 12.2227 70.7051 12.9793 339.5650 358.0443 349.3611 356.4976 5.1290 0.0000 0.0000 0.0000 0.0000 0.0000 0.0000 0.0000 0.0000 0.0000 0.0000 0.0000 0.0000 0.0000 0.0000 0.0000 0.0000 0.0000 0.0000 0.0000 0.0000 0.0000 0.0000 0.0000 0.0000 0.0000 0.0000 0.0000 0.0000 0.0000 0.0000 0.0000 0.0000 0.0000 0.0000 0.0000 0.0000 0.0000 0.0000 0.0000 0.0000 0.0000 0.0000 0.0000 0.0000 0.0000 1.1889 356.5538 4.3279 0.6253 18.6966 0.7888 1.9786 359.2696 357.0888 355.1299 0.1657 359.8818 354.1108 359.6312 354.2690 0.1721 17.6564 4.4563 349.6800 359.9155 2.4001 2.6032 359.5046 359.5441 
-0.0468 0.8691 0.0461 5.2366 358.8431 359.3571 1.6847 353.1903 356.7760 359.9488 358.0341 11.7220 0.5433 6.3603 349.1782 359.3489 2.8201 1.6884 355.9061 348.3857 19.2383 311.2275 331.8528 22.5291 292.9258 316.6415 33.9127 4.4703 357.1308 5.0250 0.0000 0.0000 0.0000 0.0000 0.0000 0.0000 0.0000 0.0000 0.0000 0.0000 0.0000 0.0000 0.0000 0.0000 0.0000 0.0000 0.0000 0.0000 0.0000 0.0000 0.0000 0.0000 0.0000 0.0000 0.0000 0.0000 0.0000 0.0000 0.0000 0.0000 0.0000 0.0000 0.0000 0.0000 0.0000 0.0000 0.0000 0.0000 0.0000 0.0000 0.0000 0.0000 0.0000 0.0000 0.0000 8.3386 13.0803 357.8143 43.0636 12.1505 70.7460 13.1304 339.5503 358.0794 349.3392 356.5009 5.1295 0.0000 0.0000 0.0000 0.0000 0.0000 0.0000 0.0000 0.0000 0.0000 0.0000 0.0000 0.0000 0.0000 0.0000 0.0000 0.0000 0.0000 0.0000 0.0000 0.0000 0.0000 0.0000 0.0000 0.0000 0.0000 0.0000 0.0000 0.0000 0.0000 0.0000 0.0000 0.0000 0.0000 0.0000 0.0000 0.0000 0.0000 0.0000 0.0000 0.0000 0.0000 0.0000 0.0000 0.0000 0.0000 1.2256 356.5489 4.4028 0.6372 18.6964 0.7902 1.9885 359.2569 357.0526 355.1407 0.1722 359.8780 354.1247 359.5989 354.3398 0.1772 17.6574 4.4608 349.6933 359.8714 2.3528 2.6082 359.4925 359.5422 
-0.0474 0.8688 0.0459 5.2910 358.8162 359.3015 1.6978 353.1972 356.7661 359.9651 358.1976 11.4773 0.5999 6.2138 349.3567 359.4244 2.7676 1.6020 355.7184 348.5052 18.9558 311.4198 331.4377 21.0821 291.5667 317.6033 34.1530 4.5222 357.1073 5.1446 0.0000 0.0000 0.0000 0.0000 0.0000 0.0000 0.0000 0.0000 0.0000 0.0000 0.0000 0.0000 0.0000 0.0000 0.0000 0.0000 0.0000 0.0000 0.0000 0.0000 0.0000 0.0000 0.0000 0.0000 0.0000 0.0000 0.0000 0.0000 0.0000 0.0000 0.0000 0.0000 0.0000 0.0000 0.0000 0.0000 0.0000 0.0000 0.0000 0.0000 0.0000 0.0000 0.0000 0.0000 0.0000 8.3423 12.9763 357.8177 43.3127 12.0495 70.6538 13.3440 339.7128 358.1455 349.3145 356.5069 5.1498 0.0000 0.0000 0.0000 0.0000 0.0000 0.0000 0.0000 0.0000 0.0000 0.0000 0.0000 0.0000 0.0000 0.0000 0.0000 0.0000 0.0000 0.0000 0.0000 0.0000 0.0000 0.0000 0.0000 0.0000 0.0000 0.0000 0.0000 0.0000 0.0000 0.0000 0.0000 0.0000 0.0000 0.0000 0.0000 0.0000 0.0000 0.0000 0.0000 0.0000 0.0000 0.0000 0.0000 0.0000 0.0000 1.2432 356.5323 4.4823 0.5971 18.6955 0.8027 1.9919 359.1882 356.9489 355.1367 0.1675 359.8770 354.0934 359.5981 354.4300 0.1822 17.6690 4.4661 349.6805 359.7975 2.2944 2.6033 359.4993 359.5420 
-0.0481 0.8686 0.0457 5.3343 358.8030 359.2603 1.7106 353.2038 356.7527 359.9807 358.3613 11.2327 0.6562 6.0662 349.5361 359.5005 2.7142 1.5120 355.5306 348.6237 18.6734 311.6250 331.0268 19.6274 290.2336 318.5689 34.3589 4.5739 357.0836 5.2639 0.0000 0.0000 0.0000 0.0000 0.0000 0.0000 0.0000 0.0000 0.0000 0.0000 0.0000 0.0000 0.0000 0.0000 0.0000 0.0000 0.0000 0.0000 0.0000 0.0000 0.0000 0.0000 0.0000 0.0000 0.0000 0.0000 0.0000 0.0000 0.0000 0.0000 0.0000 0.0000 0.0000 0.0000 0.0000 0.0000 0.0000 0.0000 0.0000 0.0000 0.0000 0.0000 0.0000 0.0000 0.0000 8.3460 12.8726 357.8212 43.5629 11.9486 70.5614 13.5560 339.8753 358.2119 349.2899 356.5129 5.1701 0.0000 0.0000 0.0000 0.0000 0.0000 0.0000 0.0000 0.0000 0.0000 0.0000 0.0000 0.0000 0.0000 0.0000 0.0000 0.0000 0.0000 0.0000 0.0000 0.0000 0.0000 0.0000 0.0000 0.0000 0.0000 0.0000 0.0000 0.0000 0.0000 0.0000 0.0000 0.0000 0.0000 0.0000 0.0000 0.0000 0.0000 0.0000 0.0000 0.0000 0.0000 0.0000 0.0000 0.0000 0.0000 1.2604 356.5158 4.5612 0.5570 18.6947 0.8153 1.9878 359.1292 356.8732 355.1403 0.1674 359.8734 354.0611 359.5999 354.5146 0.1872 17.6807 4.4714 349.6668 359.7270 2.2396 2.6039 359.4928 359.5397 
-0.0487 0.8684 0.0455 5.3777 358.7898 359.2191 1.7234 353.2104 356.7392 -0.0045 358.5249 10.9881 0.7121 5.9184 349.7152 359.5766 2.6610 1.4218 355.3422 348.7412 18.3907 311.8428 330.6207 18.1651 288.9245 319.5377 34.5318 4.6255 357.0598 5.3831 0.0000 0.0000 0.0000 0.0000 0.0000 0.0000 0.0000 0.0000 0.0000 0.0000 0.0000 0.0000 0.0000 0.0000 0.0000 0.0000 0.0000 0.0000 0.0000 0.0000 0.0000 0.0000 0.0000 0.0000 0.0000 0.0000 0.0000 0.0000 0.0000 0.0000 0.0000 0.0000 0.0000 0.0000 0.0000 0.0000 0.0000 0.0000 0.0000 0.0000 0.0000 0.0000 0.0000 0.0000 0.0000 8.3497 12.7688 357.8246 43.8133 11.8481 70.4686 13.7681 340.0374 358.2787 349.2655 356.5190 5.1904 0.0000 0.0000 0.0000 0.0000 0.0000 0.0000 0.0000 0.0000 0.0000 0.0000 0.0000 0.0000 0.0000 0.0000 0.0000 0.0000 0.0000 0.0000 0.0000 0.0000 0.0000 0.0000 0.0000 0.0000 0.0000 0.0000 0.0000 0.0000 0.0000 0.0000 0.0000 0.0000 0.0000 0.0000 0.0000 0.0000 0.0000 0.0000 0.0000 0.0000 0.0000 0.0000 0.0000 0.0000 0.0000 1.2776 356.4992 4.6401 0.5169 18.6938 0.8278 1.9837 359.0705 356.7975 355.1440 0.1673 359.8698 354.0288 359.6017 354.5993 0.1923 17.6924 4.4767 349.6531 359.6565 2.1848 2.6045 359.4863 359.5374 
-0.0494 0.8682 0.0454 5.4545 358.7764 359.1926 1.7620 353.2019 356.7515 0.0187 358.6808 10.7653 0.7382 5.6887 349.9862 359.6459 2.6517 1.4419 355.0774 348.9159 18.0911 311.9782 330.2403 16.5308 288.3586 320.2033 34.2908 4.6791 357.0298 5.5346 0.0000 0.0000 0.0000 0.0000 0.0000 0.0000 0.0000 0.0000 0.0000 0.0000 0.0000 0.0000 0.0000 0.0000 0.0000 0.0000 0.0000 0.0000 0.0000 0.0000 0.0000 0.0000 0.0000 0.0000 0.0000 0.0000 0.0000 0.0000 0.0000 0.0000 0.0000 0.0000 0.0000 0.0000 0.0000 0.0000 0.0000 0.0000 0.0000 0.0000 0.0000 0.0000 0.0000 0.0000 0.0000 8.3670 12.6538 357.8440 44.0835 11.7968 70.3519 13.8918 340.1421 358.2963 349.2564 356.5246 5.2442 0.0000 0.0000 0.0000 0.0000 0.0000 0.0000 0.0000 0.0000 0.0000 0.0000 0.0000 0.0000 0.0000 0.0000 0.0000 0.0000 0.0000 0.0000 0.0000 0.0000 0.0000 0.0000 0.0000 0.0000 0.0000 0.0000 0.0000 0.0000 0.0000 0.0000 0.0000 0.0000 0.0000 0.0000 0.0000 0.0000 0.0000 0.0000 0.0000 0.0000 0.0000 0.0000 0.0000 0.0000 0.0000 1.2750 356.4862 4.7101 0.4553 18.6932 0.8340 1.9778 359.0252 356.7467 355.1451 0.1835 359.8606 354.0081 359.6286 354.6726 0.1819 17.7006 4.4795 349.6387 359.6044 2.1497 2.6025 359.4909 359.5370 
-0.0501 0.8680 0.0453 5.5374 358.7630 359.1661 1.7976 353.1919 356.7670 0.0412 358.8366 10.5427 0.7636 5.4575 350.2586 359.7141 2.6431 1.4635 354.8119 349.0892 17.7911 312.1267 329.8634 14.8891 287.7946 320.8671 34.0432 4.7319 357.0000 5.6845 0.0000 0.0000 0.0000 0.0000 0.0000 0.0000 0.0000 0.0000 0.0000 0.0000 0.0000 0.0000 0.0000 0.0000 0.0000 0.0000 0.0000 0.0000 0.0000 0.0000 0.0000 0.0000 0.0000 0.0000 0.0000 0.0000 0.0000 0.0000 0.0000 0.0000 0.0000 0.0000 0.0000 0.0000 0.0000 0.0000 0.0000 0.0000 0.0000 0.0000 0.0000 0.0000 0.0000 0.0000 0.0000 8.3843 12.5381 357.8633 44.3537 11.7461 70.2350 14.0152 340.2469 358.3141 349.2424 356.5315 5.3022 0.0000 0.0000 0.0000 0.0000 0.0000 0.0000 0.0000 0.0000 0.0000 0.0000 0.0000 0.0000 0.0000 0.0000 0.0000 0.0000 0.0000 0.0000 0.0000 0.0000 0.0000 0.0000 0.0000 0.0000 0.0000 0.0000 0.0000 0.0000 0.0000 0.0000 0.0000 0.0000 0.0000 0.0000 0.0000 0.0000 0.0000 0.0000 0.0000 0.0000 0.0000 0.0000 0.0000 0.0000 0.0000 1.2719 356.4737 4.7776 0.3967 18.6929 0.8393 1.9722 358.9857 356.7033 355.1461 0.1997 359.8513 353.9868 359.6556 354.7476 0.1688 17.7026 4.4794 349.6221 359.5408 2.1057 2.6004 359.4954 359.5366 
-0.0508 0.8678 0.0453 5.6204 358.7497 359.1396 1.8332 353.1819 356.7825 0.0632 358.9925 10.3203 0.7880 5.2261 350.5308 359.7822 2.6346 1.4850 354.5457 349.2610 17.4904 312.2881 329.4903 13.2399 287.2324 321.5288 33.7893 4.7845 356.9700 5.8345 0.0000 0.0000 0.0000 0.0000 0.0000 0.0000 0.0000 0.0000 0.0000 0.0000 0.0000 0.0000 0.0000 0.0000 0.0000 0.0000 0.0000 0.0000 0.0000 0.0000 0.0000 0.0000 0.0000 0.0000 0.0000 0.0000 0.0000 0.0000 0.0000 0.0000 0.0000 0.0000 0.0000 0.0000 0.0000 0.0000 0.0000 0.0000 0.0000 0.0000 0.0000 0.0000 0.0000 0.0000 0.0000 8.4016 12.4224 357.8825 44.6239 11.6960 70.1179 14.1386 340.3518 358.3322 349.2283 356.5384 5.3601 0.0000 0.0000 0.0000 0.0000 0.0000 0.0000 0.0000 0.0000 0.0000 0.0000 0.0000 0.0000 0.0000 0.0000 0.0000 0.0000 0.0000 0.0000 0.0000 0.0000 0.0000 0.0000 0.0000 0.0000 0.0000 0.0000 0.0000 0.0000 0.0000 0.0000 0.0000 0.0000 0.0000 0.0000 0.0000 0.0000 0.0000 0.0000 0.0000 0.0000 0.0000 0.0000 0.0000 0.0000 0.0000 1.2688 356.4612 4.8451 0.3382 18.6924 0.8446 1.9667 358.9462 356.6600 355.1472 0.2158 359.8421 353.9656 359.6826 354.8225 0.1557 17.7044 4.4792 349.6055 359.4772 2.0618 2.5983 359.5000 359.5361 
-0.0514 0.8676 0.0447 5.6155 358.6931 359.0753 1.8496 353.1400 356.7436 0.0980 359.2017 10.0651 0.8293 5.0485 350.8037 359.8515 2.6012 1.4919 354.3013 349.4598 17.1737 312.5167 329.0773 11.2812 285.8041 322.6991 33.4795 4.8658 356.9334 5.9847 0.0000 0.0000 0.0000 0.0000 0.0000 0.0000 0.0000 0.0000 0.0000 0.0000 0.0000 0.0000 0.0000 0.0000 0.0000 0.0000 0.0000 0.0000 0.0000 0.0000 0.0000 0.0000 0.0000 0.0000 0.0000 0.0000 0.0000 0.0000 0.0000 0.0000 0.0000 0.0000 0.0000 0.0000 0.0000 0.0000 0.0000 0.0000 0.0000 0.0000 0.0000 0.0000 0.0000 0.0000 0.0000 8.4520 12.2005 357.8949 44.8847 11.5114 69.5355 13.9816 340.5697 358.4132 349.1532 356.5984 5.6486 0.0000 0.0000 0.0000 0.0000 0.0000 0.0000 0.0000 0.0000 0.0000 0.0000 0.0000 0.0000 0.0000 0.0000 0.0000 0.0000 0.0000 0.0000 0.0000 0.0000 0.0000 0.0000 0.0000 0.0000 0.0000 0.0000 0.0000 0.0000 0.0000 0.0000 0.0000 0.0000 0.0000 0.0000 0.0000 0.0000 0.0000 0.0000 0.0000 0.0000 0.0000 0.0000 0.0000 0.0000 0.0000 1.2999 356.4703 4.9506 0.3584 18.6916 0.8553 1.9563 358.8972 356.5973 355.1369 0.1904 359.8482 353.9792 359.7124 354.9154 0.1468 17.7051 4.4854 349.6086 359.4421 2.0032 2.5967 359.5065 359.5349 
-0.0520 0.8674 0.0442 5.6131 358.6377 359.0131 1.8706 353.0969 356.7066 0.1318 359.4108 9.8104 0.8698 4.8705 351.0767 359.9159 2.5684 1.4972 354.0562 349.6570 16.8568 312.7626 328.6712 9.3120 284.3898 323.8630 33.1375 4.9464 356.8968 6.1340 0.0000 0.0000 0.0000 0.0000 0.0000 0.0000 0.0000 0.0000 0.0000 0.0000 0.0000 0.0000 0.0000 0.0000 0.0000 0.0000 0.0000 0.0000 0.0000 0.0000 0.0000 0.0000 0.0000 0.0000 0.0000 0.0000 0.0000 0.0000 0.0000 0.0000 0.0000 0.0000 0.0000 0.0000 0.0000 0.0000 0.0000 0.0000 0.0000 0.0000 0.0000 0.0000 0.0000 0.0000 0.0000 8.5027 11.9764 357.9075 45.1469 11.3295 68.9527 13.8260 340.7883 358.4937 349.0798 356.6582 5.9309 0.0000 0.0000 0.0000 0.0000 0.0000 0.0000 0.0000 0.0000 0.0000 0.0000 0.0000 0.0000 0.0000 0.0000 0.0000 0.0000 0.0000 0.0000 0.0000 0.0000 0.0000 0.0000 0.0000 0.0000 0.0000 0.0000 0.0000 0.0000 0.0000 0.0000 0.0000 0.0000 0.0000 0.0000 0.0000 0.0000 0.0000 0.0000 0.0000 0.0000 0.0000 0.0000 0.0000 0.0000 0.0000 1.3314 356.4809 5.0470 0.3693 18.6906 0.8669 1.9471 358.8570 356.5443 355.1289 0.2000 359.8344 353.9940 359.7405 355.0040 0.1601 17.7025 4.4917 349.6152 359.4203 1.9538 2.5951 359.5130 359.5338 
-0.0526 0.8672 0.0437 5.6109 358.5823 358.9510 1.8916 353.0538 356.6697 0.1647 359.6201 9.5558 0.9095 4.6923 351.3495 359.9803 2.5356 1.5025 353.8103 349.8529 16.5393 313.0259 328.2726 7.3323 282.9877 325.0195 32.7649 5.0270 356.8601 6.2832 0.0000 0.0000 0.0000 0.0000 0.0000 0.0000 0.0000 0.0000 0.0000 0.0000 0.0000 0.0000 0.0000 0.0000 0.0000 0.0000 0.0000 0.0000 0.0000 0.0000 0.0000 0.0000 0.0000 0.0000 0.0000 0.0000 0.0000 0.0000 0.0000 0.0000 0.0000 0.0000 0.0000 0.0000 0.0000 0.0000 0.0000 0.0000 0.0000 0.0000 0.0000 0.0000 0.0000 0.0000 0.0000 8.5533 11.7522 357.9199 45.4109 11.1501 68.3695 13.6710 341.0073 358.5734 349.0069 356.7183 6.2132 0.0000 0.0000 0.0000 0.0000 0.0000 0.0000 0.0000 0.0000 0.0000 0.0000 0.0000 0.0000 0.0000 0.0000 0.0000 0.0000 0.0000 0.0000 0.0000 0.0000 0.0000 0.0000 0.0000 0.0000 0.0000 0.0000 0.0000 0.0000 0.0000 0.0000 0.0000 0.0000 0.0000 0.0000 0.0000 0.0000 0.0000 0.0000 0.0000 0.0000 0.0000 0.0000 0.0000 0.0000 0.0000 1.3630 356.4915 5.1435 0.3803 18.6896 0.8785 1.9380 358.8168 356.4913 355.1210 0.2095 359.8205 354.0089 359.7687 355.0926 0.1735 17.6998 4.4980 349.6218 359.3985 1.9043 2.5936 359.5196 359.5326 
-0.0534 0.8672 0.0432 5.5515 358.5297 358.8865 1.9871 352.9699 356.6444 0.2406 359.8134 9.1171 0.8449 4.4728 351.8923 359.9764 2.5160 1.6106 353.6424 350.2024 16.1880 313.8703 327.9482 4.9012 280.7932 326.8650 31.8285 5.3257 356.8389 6.3275 0.0000 0.0000 0.0000 0.0000 0.0000 0.0000 0.0000 0.0000 0.0000 0.0000 0.0000 0.0000 0.0000 0.0000 0.0000 0.0000 0.0000 0.0000 0.0000 0.0000 0.0000 0.0000 0.0000 0.0000 0.0000 0.0000 0.0000 0.0000 0.0000 0.0000 0.0000 0.0000 0.0000 0.0000 0.0000 0.0000 0.0000 0.0000 0.0000 0.0000 0.0000 0.0000 0.0000 0.0000 0.0000 8.6768 11.1182 357.8872 44.3993 10.1795 65.6864 13.4536 342.2559 359.0767 349.0423 356.8091 6.5263 0.0000 0.0000 0.0000 0.0000 0.0000 0.0000 0.0000 0.0000 0.0000 0.0000 0.0000 0.0000 0.0000 0.0000 0.0000 0.0000 0.0000 0.0000 0.0000 0.0000 0.0000 0.0000 0.0000 0.0000 0.0000 0.0000 0.0000 0.0000 0.0000 0.0000 0.0000 0.0000 0.0000 0.0000 0.0000 0.0000 0.0000 0.0000 0.0000 0.0000 0.0000 0.0000 0.0000 0.0000 0.0000 1.3940 356.5056 5.2660 0.4169 18.6872 0.9050 1.9176 358.7906 356.4408 355.1287 0.1857 359.8451 354.0096 359.7841 355.2075 0.2599 17.6792 4.5428 349.6252 359.3873 1.8151 2.5904 359.5321 359.5298 
-0.0542 0.8671 0.0426 5.4949 358.4769 358.8217 2.0823 352.8868 356.6196 0.3150 0.0072 8.6787 0.7783 4.2535 352.4358 359.9750 2.4951 1.7189 353.4724 350.5509 15.8360 314.7332 327.6546 2.4565 278.6077 328.6795 30.8287 5.6242 356.8176 6.3713 0.0000 0.0000 0.0000 0.0000 0.0000 0.0000 0.0000 0.0000 0.0000 0.0000 0.0000 0.0000 0.0000 0.0000 0.0000 0.0000 0.0000 0.0000 0.0000 0.0000 0.0000 0.0000 0.0000 0.0000 0.0000 0.0000 0.0000 0.0000 0.0000 0.0000 0.0000 0.0000 0.0000 0.0000 0.0000 0.0000 0.0000 0.0000 0.0000 0.0000 0.0000 0.0000 0.0000 0.0000 0.0000 8.8003 10.4845 357.8531 43.4378 9.1636 63.0290 13.2494 343.5064 359.5717 349.0785 356.8997 6.8390 0.0000 0.0000 0.0000 0.0000 0.0000 0.0000 0.0000 0.0000 0.0000 0.0000 0.0000 0.0000 0.0000 0.0000 0.0000 0.0000 0.0000 0.0000 0.0000 0.0000 0.0000 0.0000 0.0000 0.0000 0.0000 0.0000 0.0000 0.0000 0.0000 0.0000 0.0000 0.0000 0.0000 0.0000 0.0000 0.0000 0.0000 0.0000 0.0000 0.0000 0.0000 0.0000 0.0000 0.0000 0.0000 1.4243 356.5192 5.3862 0.4437 18.6858 0.9210 1.9018 358.7847 356.4169 355.1179 0.1841 359.8375 354.0091 359.7973 355.3154 0.2942 17.6688 4.5629 349.6241 359.3906 1.7585 2.5873 359.5446 359.5269 
-0.0550 0.8670 0.0421 5.4384 358.4242 358.7568 2.1776 352.8038 356.5947 0.3880 0.2016 8.2406 0.7096 4.0348 352.9794 359.9736 2.4742 1.8271 353.3004 350.8984 15.4833 315.6127 327.3925 -0.0008 276.4263 330.4606 29.7681 5.9225 356.7961 6.4149 0.0000 0.0000 0.0000 0.0000 0.0000 0.0000 0.0000 0.0000 0.0000 0.0000 0.0000 0.0000 0.0000 0.0000 0.0000 0.0000 0.0000 0.0000 0.0000 0.0000 0.0000 0.0000 0.0000 0.0000 0.0000 0.0000 0.0000 0.0000 0.0000 0.0000 0.0000 0.0000 0.0000 0.0000 0.0000 0.0000 0.0000 0.0000 0.0000 0.0000 0.0000 0.0000 0.0000 0.0000 0.0000 8.9240 9.8509 357.8177 42.5276 8.1050 60.3966 13.0578 344.7585 0.0592 349.1154 356.9901 7.1517 0.0000 0.0000 0.0000 0.0000 0.0000 0.0000 0.0000 0.0000 0.0000 0.0000 0.0000 0.0000 0.0000 0.0000 0.0000 0.0000 0.0000 0.0000 0.0000 0.0000 0.0000 0.0000 0.0000 0.0000 0.0000 0.0000 0.0000 0.0000 0.0000 0.0000 0.0000 0.0000 0.0000 0.0000 0.0000 0.0000 0.0000 0.0000 0.0000 0.0000 0.0000 0.0000 0.0000 0.0000 0.0000 1.4547 356.5329 5.5064 0.4705 18.6843 0.9371 1.8860 358.7787 356.3931 355.1072 0.1824 359.8300 354.0086 359.8104 355.4233 0.3285 17.6585 4.5829 349.6231 359.3938 1.7019 2.5842 359.5571 359.5241 
-0.0555 0.8670 0.0419 5.2485 358.3231 358.6821 2.2743 352.6895 356.5520 0.4563 0.3304 7.7885 0.6416 4.0883 353.5872 359.9654 2.4947 1.9693 353.1286 351.3094 15.0807 316.3476 327.0067 357.1742 271.2360 334.0595 29.0809 6.1389 356.7795 6.5075 0.0000 0.0000 0.0000 0.0000 0.0000 0.0000 0.0000 0.0000 0.0000 0.0000 0.0000 0.0000 0.0000 0.0000 0.0000 0.0000 0.0000 0.0000 0.0000 0.0000 0.0000 0.0000 0.0000 0.0000 0.0000 0.0000 0.0000 0.0000 0.0000 0.0000 0.0000 0.0000 0.0000 0.0000 0.0000 0.0000 0.0000 0.0000 0.0000 0.0000 0.0000 0.0000 0.0000 0.0000 0.0000 9.0671 9.0459 357.7233 41.0850 6.8046 57.5906 14.0175 347.5793 1.0225 349.0790 357.0392 7.4008 0.0000 0.0000 0.0000 0.0000 0.0000 0.0000 0.0000 0.0000 0.0000 0.0000 0.0000 0.0000 0.0000 0.0000 0.0000 0.0000 0.0000 0.0000 0.0000 0.0000 0.0000 0.0000 0.0000 0.0000 0.0000 0.0000 0.0000 0.0000 0.0000 0.0000 0.0000 0.0000 0.0000 0.0000 0.0000 0.0000 0.0000 0.0000 0.0000 0.0000 0.0000 0.0000 0.0000 0.0000 0.0000 1.5397 356.6467 5.6342 0.5494 18.6829 0.9505 1.8122 358.7282 356.2626 355.1229 0.1876 359.8367 354.0974 359.8851 355.5297 0.3771 17.6388 4.5889 349.6510 359.4134 1.6592 2.5900 359.5519 359.5275 
-0.0560 0.8669 0.0418 5.0597 358.2225 358.6080 2.3740 352.5727 356.5083 0.5236 0.4599 7.3363 0.5741 4.1425 354.1952 359.9573 2.5152 2.1118 352.9542 351.7191 14.6775 317.1074 326.6519 354.3317 266.1235 337.5990 28.0502 6.3785 356.7597 6.6264 0.0000 0.0000 0.0000 0.0000 0.0000 0.0000 0.0000 0.0000 0.0000 0.0000 0.0000 0.0000 0.0000 0.0000 0.0000 0.0000 0.0000 0.0000 0.0000 0.0000 0.0000 0.0000 0.0000 0.0000 0.0000 0.0000 0.0000 0.0000 0.0000 0.0000 0.0000 0.0000 0.0000 0.0000 0.0000 0.0000 0.0000 0.0000 0.0000 0.0000 0.0000 0.0000 0.0000 0.0000 0.0000 9.2111 8.2415 357.6270 39.7117 5.4362 54.8254 15.0495 350.3823 1.9958 348.9992 357.0938 7.6777 0.0000 0.0000 0.0000 0.0000 0.0000 0.0000 0.0000 0.0000 0.0000 0.0000 0.0000 0.0000 0.0000 0.0000 0.0000 0.0000 0.0000 0.0000 0.0000 0.0000 0.0000 0.0000 0.0000 0.0000 0.0000 0.0000 0.0000 0.0000 0.0000 0.0000 0.0000 0.0000 0.0000 0.0000 0.0000 0.0000 0.0000 0.0000 0.0000 0.0000 0.0000 0.0000 0.0000 0.0000 0.0000 1.6227 356.7595 5.7535 0.6284 18.6813 0.9638 1.8068 358.7035 356.2353 355.1224 0.1904 359.8322 354.1862 359.9588 355.6295 0.4257 17.6191 4.5949 349.6789 359.4331 1.6166 2.5921 359.5619 359.5275 
-0.0565 0.8669 0.0416 4.8710 358.1218 358.5340 2.4738 352.4561 356.4644 0.5899 0.5898 6.8844 0.5072 4.1974 354.8032 359.9492 2.5357 2.2542 352.7770 352.1276 14.2734 317.8903 326.3291 351.4728 261.0800 341.0331 26.7274 6.5946 356.7424 6.7192 0.0000 0.0000 0.0000 0.0000 0.0000 0.0000 0.0000 0.0000 0.0000 0.0000 0.0000 0.0000 0.0000 0.0000 0.0000 0.0000 0.0000 0.0000 0.0000 0.0000 0.0000 0.0000 0.0000 0.0000 0.0000 0.0000 0.0000 0.0000 0.0000 0.0000 0.0000 0.0000 0.0000 0.0000 0.0000 0.0000 0.0000 0.0000 0.0000 0.0000 0.0000 0.0000 0.0000 0.0000 0.0000 9.3562 7.4373 357.5289 38.4089 4.0040 52.0994 16.0903 353.1680 3.0398 348.9632 357.1433 7.9272 0.0000 0.0000 0.0000 0.0000 0.0000 0.0000 0.0000 0.0000 0.0000 0.0000 0.0000 0.0000 0.0000 0.0000 0.0000 0.0000 0.0000 0.0000 0.0000 0.0000 0.0000 0.0000 0.0000 0.0000 0.0000 0.0000 0.0000 0.0000 0.0000 0.0000 0.0000 0.0000 0.0000 0.0000 0.0000 0.0000 0.0000 0.0000 0.0000 0.0000 0.0000 0.0000 0.0000 0.0000 0.0000 1.7059 356.8719 5.8729 0.7074 18.6798 0.9772 1.8015 358.6788 356.2080 355.1220 0.1932 359.8276 354.2752 0.0322 355.7294 0.4744 17.5996 4.6009 349.7068 359.4527 1.5740 2.5941 359.5719 359.5275 
-0.0570 0.8668 0.0417 4.6197 357.9730 358.4674 2.5316 352.3386 356.4645 0.6377 0.7084 6.4939 0.4931 4.3003 355.2835 359.9624 2.5997 2.3727 352.6101 352.6271 13.8033 318.8786 326.4650 348.4716 262.0407 340.9811 25.9124 6.7239 356.7483 6.7807 0.0000 0.0000 0.0000 0.0000 0.0000 0.0000 0.0000 0.0000 0.0000 0.0000 0.0000 0.0000 0.0000 0.0000 0.0000 0.0000 0.0000 0.0000 0.0000 0.0000 0.0000 0.0000 0.0000 0.0000 0.0000 0.0000 0.0000 0.0000 0.0000 0.0000 0.0000 0.0000 0.0000 0.0000 0.0000 0.0000 0.0000 0.0000 0.0000 0.0000 0.0000 0.0000 0.0000 0.0000 0.0000 9.4230 6.7514 357.4130 37.2313 2.2127 49.7983 16.9848 354.0411 3.2674 349.0028 357.0814 7.4620 0.0000 0.0000 0.0000 0.0000 0.0000 0.0000 0.0000 0.0000 0.0000 0.0000 0.0000 0.0000 0.0000 0.0000 0.0000 0.0000 0.0000 0.0000 0.0000 0.0000 0.0000 0.0000 0.0000 0.0000 0.0000 0.0000 0.0000 0.0000 0.0000 0.0000 0.0000 0.0000 0.0000 0.0000 0.0000 0.0000 0.0000 0.0000 0.0000 0.0000 0.0000 0.0000 0.0000 0.0000 0.0000 1.8081 357.0670 5.9865 0.8566 18.6768 1.0076 1.8219 358.5724 356.0916 355.1192 0.1920 359.8236 354.3843 0.1655 355.8040 0.6355 17.5683 4.6477 349.7769 359.4653 1.4566 2.6064 359.5688 359.5238 
-0.0576 0.8667 0.0418 4.3694 357.8251 358.4018 2.5909 352.2193 356.4637 0.6847 0.8273 6.1038 0.4799 4.4034 355.7634 359.9757 2.6638 2.4923 352.4392 353.1253 13.3322 319.8552 326.6438 345.4792 262.9825 340.9515 25.0819 6.8781 356.7509 6.8689 0.0000 0.0000 0.0000 0.0000 0.0000 0.0000 0.0000 0.0000 0.0000 0.0000 0.0000 0.0000 0.0000 0.0000 0.0000 0.0000 0.0000 0.0000 0.0000 0.0000 0.0000 0.0000 0.0000 0.0000 0.0000 0.0000 0.0000 0.0000 0.0000 0.0000 0.0000 0.0000 0.0000 0.0000 0.0000 0.0000 0.0000 0.0000 0.0000 0.0000 0.0000 0.0000 0.0000 0.0000 0.0000 9.4910 6.0657 357.2965 36.1275 0.3760 47.5361 17.9143 354.9090 3.4818 348.9993 357.0250 7.0256 0.0000 0.0000 0.0000 0.0000 0.0000 0.0000 0.0000 0.0000 0.0000 0.0000 0.0000 0.0000 0.0000 0.0000 0.0000 0.0000 0.0000 0.0000 0.0000 0.0000 0.0000 0.0000 0.0000 0.0000 0.0000 0.0000 0.0000 0.0000 0.0000 0.0000 0.0000 0.0000 0.0000 0.0000 0.0000 0.0000 0.0000 0.0000 0.0000 0.0000 0.0000 0.0000 0.0000 0.0000 0.0000 1.9083 357.2589 6.0971 1.0009 18.6736 1.0371 1.8510 358.5058 356.0190 355.1164 0.1909 359.8196 354.4908 0.2964 355.8757 0.7869 17.5409 4.6933 349.8264 359.4633 1.3707 2.6187 359.5657 359.5201 
-0.0581 0.8666 0.0420 4.1193 357.6772 358.3364 2.6502 352.1000 356.4629 0.7308 0.9464 5.7137 0.4676 4.5066 356.2434 359.9891 2.7278 2.6119 352.2644 353.6222 12.8600 320.8171 326.8648 342.4977 263.9246 340.9349 24.2507 7.0324 356.7533 6.9570 0.0000 0.0000 0.0000 0.0000 0.0000 0.0000 0.0000 0.0000 0.0000 0.0000 0.0000 0.0000 0.0000 0.0000 0.0000 0.0000 0.0000 0.0000 0.0000 0.0000 0.0000 0.0000 0.0000 0.0000 0.0000 0.0000 0.0000 0.0000 0.0000 0.0000 0.0000 0.0000 0.0000 0.0000 0.0000 0.0000 0.0000 0.0000 0.0000 0.0000 0.0000 0.0000 0.0000 0.0000 0.0000 9.5604 5.3801 357.1793 35.0967 358.4976 45.3090 18.8458 355.7730 3.7101 348.9962 356.9685 6.5891 0.0000 0.0000 0.0000 0.0000 0.0000 0.0000 0.0000 0.0000 0.0000 0.0000 0.0000 0.0000 0.0000 0.0000 0.0000 0.0000 0.0000 0.0000 0.0000 0.0000 0.0000 0.0000 0.0000 0.0000 0.0000 0.0000 0.0000 0.0000 0.0000 0.0000 0.0000 0.0000 0.0000 0.0000 0.0000 0.0000 0.0000 0.0000 0.0000 0.0000 0.0000 0.0000 0.0000 0.0000 0.0000 2.0088 357.4506 6.2081 1.1451 18.6703 1.0666 1.8801 358.4394 355.9465 355.1136 0.1897 359.8157 354.5976 0.4271 355.9478 0.9381 17.5134 4.7388 349.8758 359.4615 1.2849 2.6310 359.5626 359.5163 
-0.0594 0.8664 0.0425 3.8065 357.5808 358.2780 2.8262 351.9703 356.5737 0.8185 1.0399 5.0808 0.3818 4.4773 356.8115 359.9657 2.7828 2.7250 352.0624 354.2003 12.4350 321.9977 327.5229 339.0369 266.6612 340.2888 23.2781 7.1746 356.7492 7.1813 0.0000 0.0000 0.0000 0.0000 0.0000 0.0000 0.0000 0.0000 0.0000 0.0000 0.0000 0.0000 0.0000 0.0000 0.0000 0.0000 0.0000 0.0000 0.0000 0.0000 0.0000 0.0000 0.0000 0.0000 0.0000 0.0000 0.0000 0.0000 0.0000 0.0000 0.0000 0.0000 0.0000 0.0000 0.0000 0.0000 0.0000 0.0000 0.0000 0.0000 0.0000 0.0000 0.0000 0.0000 0.0000 9.7759 4.6520 356.9978 35.2062 356.2106 43.6495 18.9399 357.5712 4.0635 348.8709 356.9366 6.0843 0.0000 0.0000 0.0000 0.0000 0.0000 0.0000 0.0000 0.0000 0.0000 0.0000 0.0000 0.0000 0.0000 0.0000 0.0000 0.0000 0.0000 0.0000 0.0000 0.0000 0.0000 0.0000 0.0000 0.0000 0.0000 0.0000 0.0000 0.0000 0.0000 0.0000 0.0000 0.0000 0.0000 0.0000 0.0000 0.0000 0.0000 0.0000 0.0000 0.0000 0.0000 0.0000 0.0000 0.0000 0.0000 2.1343 357.6255 6.3651 1.3583 18.6652 1.1127 1.8862 358.3925 355.8623 355.1065 0.1881 359.8047 354.7168 0.5254 356.0682 1.1313 17.4862 4.7956 349.8838 359.4228 1.2332 2.6056 359.5880 359.5245 
-0.0607 0.8663 0.0430 3.4938 357.4834 358.2192 3.0015 351.8412 356.6842 0.9052 1.1345 4.4477 0.2956 4.4488 357.3796 359.9427 2.8386 2.8396 351.8562 354.7773 12.0080 323.1205 328.2393 335.6186 269.4198 339.6876 22.2695 7.3180 356.7445 7.4061 0.0000 0.0000 0.0000 0.0000 0.0000 0.0000 0.0000 0.0000 0.0000 0.0000 0.0000 0.0000 0.0000 0.0000 0.0000 0.0000 0.0000 0.0000 0.0000 0.0000 0.0000 0.0000 0.0000 0.0000 0.0000 0.0000 0.0000 0.0000 0.0000 0.0000 0.0000 0.0000 0.0000 0.0000 0.0000 0.0000 0.0000 0.0000 0.0000 0.0000 0.0000 0.0000 0.0000 0.0000 0.0000 9.9935 3.9243 356.8137 35.3826 353.9279 41.9798 19.0451 359.3684 4.4194 348.7457 356.9037 5.5797 0.0000 0.0000 0.0000 0.0000 0.0000 0.0000 0.0000 0.0000 0.0000 0.0000 0.0000 0.0000 0.0000 0.0000 0.0000 0.0000 0.0000 0.0000 0.0000 0.0000 0.0000 0.0000 0.0000 0.0000 0.0000 0.0000 0.0000 0.0000 0.0000 0.0000 0.0000 0.0000 0.0000 0.0000 0.0000 0.0000 0.0000 0.0000 0.0000 0.0000 0.0000 0.0000 0.0000 0.0000 0.0000 2.2607 357.8008 6.5229 1.5762 18.6598 1.1598 1.8973 358.3346 355.7659 355.0995 0.1864 359.7936 354.8376 0.6248 356.1898 1.3295 17.4581 4.8538 349.9131 359.3832 1.1444 2.6074 359.6065 359.5245 
-0.0620 0.8662 0.0436 3.1811 357.3859 358.1606 3.1766 351.7119 356.7944 0.9908 1.2300 3.8147 0.2091 4.4212 357.9478 359.9197 2.8945 2.9542 351.6458 355.3528 11.5793 324.1827 329.0109 332.2442 272.1998 339.1331 21.2267 7.4616 356.7393 7.6310 0.0000 0.0000 0.0000 0.0000 0.0000 0.0000 0.0000 0.0000 0.0000 0.0000 0.0000 0.0000 0.0000 0.0000 0.0000 0.0000 0.0000 0.0000 0.0000 0.0000 0.0000 0.0000 0.0000 0.0000 0.0000 0.0000 0.0000 0.0000 0.0000 0.0000 0.0000 0.0000 0.0000 0.0000 0.0000 0.0000 0.0000 0.0000 0.0000 0.0000 0.0000 0.0000 0.0000 0.0000 0.0000 10.2132 3.1973 356.6269 35.6270 351.6512 40.2947 19.1618 1.1650 4.7786 348.6208 356.8696 5.0752 0.0000 0.0000 0.0000 0.0000 0.0000 0.0000 0.0000 0.0000 0.0000 0.0000 0.0000 0.0000 0.0000 0.0000 0.0000 0.0000 0.0000 0.0000 0.0000 0.0000 0.0000 0.0000 0.0000 0.0000 0.0000 0.0000 0.0000 0.0000 0.0000 0.0000 0.0000 0.0000 0.0000 0.0000 0.0000 0.0000 0.0000 0.0000 0.0000 0.0000 0.0000 0.0000 0.0000 0.0000 0.0000 2.3876 357.9759 6.6811 1.7940 18.6540 1.2068 1.9084 358.2768 355.6696 355.0924 0.1847 359.7826 354.9586 0.7240 356.3115 1.5276 17.4298 4.9119 349.9426 359.3437 1.0556 2.6092 359.6251 359.5244 
-0.0627 0.8661 0.0440 3.0505 357.3416 358.1449 3.4147 351.6853 356.9536 1.0849 1.3438 3.1760 0.0957 4.2476 358.3042 359.8707 2.8553 3.0717 351.4231 355.7876 11.1877 324.4872 329.6109 330.4637 275.6606 338.0740 19.8066 7.4292 356.7448 7.7389 0.0000 0.0000 0.0000 0.0000 0.0000 0.0000 0.0000 0.0000 0.0000 0.0000 0.0000 0.0000 0.0000 0.0000 0.0000 0.0000 0.0000 0.0000 0.0000 0.0000 0.0000 0.0000 0.0000 0.0000 0.0000 0.0000 0.0000 0.0000 0.0000 0.0000 0.0000 0.0000 0.0000 0.0000 0.0000 0.0000 0.0000 0.0000 0.0000 0.0000 0.0000 0.0000 0.0000 0.0000 0.0000 10.3324 2.7408 356.5075 35.8100 350.2146 39.0724 19.5579 0.4012 4.5763 348.7096 356.7505 4.2779 0.0000 0.0000 0.0000 0.0000 0.0000 0.0000 0.0000 0.0000 0.0000 0.0000 0.0000 0.0000 0.0000 0.0000 0.0000 0.0000 0.0000 0.0000 0.0000 0.0000 0.0000 0.0000 0.0000 0.0000 0.0000 0.0000 0.0000 0.0000 0.0000 0.0000 0.0000 0.0000 0.0000 0.0000 0.0000 0.0000 0.0000 0.0000 0.0000 0.0000 0.0000 0.0000 0.0000 0.0000 0.0000 2.4409 358.0663 6.7408 1.8888 18.6498 1.2389 1.9234 358.2488 355.5910 355.1099 0.1913 359.7896 355.0584 0.7914 356.3622 1.6239 17.4081 4.9451 349.9354 359.3235 1.0114 2.6095 359.6190 359.5232 
-0.0633 0.8660 0.0444 2.9205 357.2969 358.1290 3.6529 351.6581 357.1127 1.1777 1.4586 2.5377 359.9811 4.0746 358.6613 359.8219 2.8156 3.1882 351.1974 356.2214 10.7943 324.7682 330.2187 328.6978 279.1742 337.0974 18.3088 7.3970 356.7504 7.8471 0.0000 0.0000 0.0000 0.0000 0.0000 0.0000 0.0000 0.0000 0.0000 0.0000 0.0000 0.0000 0.0000 0.0000 0.0000 0.0000 0.0000 0.0000 0.0000 0.0000 0.0000 0.0000 0.0000 0.0000 0.0000 0.0000 0.0000 0.0000 0.0000 0.0000 0.0000 0.0000 0.0000 0.0000 0.0000 0.0000 0.0000 0.0000 0.0000 0.0000 0.0000 0.0000 0.0000 0.0000 0.0000 10.4525 2.2846 356.3871 36.0252 348.7822 37.8397 19.9566 359.6387 4.3689 348.8004 356.6324 3.4799 0.0000 0.0000 0.0000 0.0000 0.0000 0.0000 0.0000 0.0000 0.0000 0.0000 0.0000 0.0000 0.0000 0.0000 0.0000 0.0000 0.0000 0.0000 0.0000 0.0000 0.0000 0.0000 0.0000 0.0000 0.0000 0.0000 0.0000 0.0000 0.0000 0.0000 0.0000 0.0000 0.0000 0.0000 0.0000 0.0000 0.0000 0.0000 0.0000 0.0000 0.0000 0.0000 0.0000 0.0000 0.0000 2.4932 358.1553 6.7992 1.9851 18.6456 1.2713 1.9370 358.2282 355.5247 355.1157 0.1952 359.7784 355.1581 0.8587 356.4129 1.7208 17.3861 4.9784 349.9304 359.3004 0.9608 2.6122 359.6375 359.5219 
-0.0640 0.8660 0.0448 2.7906 357.2522 358.1131 3.8909 351.6302 357.2718 1.2693 1.5745 1.8996 359.8655 3.9023 359.0187 359.7729 2.7760 3.3047 350.9688 356.6537 10.3993 325.0259 330.8336 326.9459 282.7394 336.2082 16.7375 7.3647 356.7560 7.9552 0.0000 0.0000 0.0000 0.0000 0.0000 0.0000 0.0000 0.0000 0.0000 0.0000 0.0000 0.0000 0.0000 0.0000 0.0000 0.0000 0.0000 0.0000 0.0000 0.0000 0.0000 0.0000 0.0000 0.0000 0.0000 0.0000 0.0000 0.0000 0.0000 0.0000 0.0000 0.0000 0.0000 0.0000 0.0000 0.0000 0.0000 0.0000 0.0000 0.0000 0.0000 0.0000 0.0000 0.0000 0.0000 10.5735 1.8287 356.2659 36.2729 347.3546 36.5951 20.3580 358.8777 4.1563 348.8931 356.5156 2.6816 0.0000 0.0000 0.0000 0.0000 0.0000 0.0000 0.0000 0.0000 0.0000 0.0000 0.0000 0.0000 0.0000 0.0000 0.0000 0.0000 0.0000 0.0000 0.0000 0.0000 0.0000 0.0000 0.0000 0.0000 0.0000 0.0000 0.0000 0.0000 0.0000 0.0000 0.0000 0.0000 0.0000 0.0000 0.0000 0.0000 0.0000 0.0000 0.0000 0.0000 0.0000 0.0000 0.0000 0.0000 0.0000 2.5456 358.2442 6.8577 2.0814 18.6413 1.3037 1.9506 358.2076 355.4584 355.1215 0.1990 359.7672 355.2579 0.9257 356.4637 1.8176 17.3643 5.0116 349.9253 359.2772 0.9102 2.6149 359.6559 359.5207 
-0.0647 0.8660 0.0452 2.6865 357.2294 358.0860 4.0524 351.5882 357.4192 1.3351 1.6530 1.2849 359.7212 3.6569 359.3770 359.6927 2.7309 3.3695 350.7612 357.1329 9.9768 325.3995 331.5908 324.7372 284.6528 335.6089 16.5557 7.2133 356.7423 8.1138 0.0000 0.0000 0.0000 0.0000 0.0000 0.0000 0.0000 0.0000 0.0000 0.0000 0.0000 0.0000 0.0000 0.0000 0.0000 0.0000 0.0000 0.0000 0.0000 0.0000 0.0000 0.0000 0.0000 0.0000 0.0000 0.0000 0.0000 0.0000 0.0000 0.0000 0.0000 0.0000 0.0000 0.0000 0.0000 0.0000 0.0000 0.0000 0.0000 0.0000 0.0000 0.0000 0.0000 0.0000 0.0000 10.5740 1.4550 356.1591 36.6171 346.1540 35.6350 20.7380 358.4164 3.9746 348.9855 356.4068 1.9528 0.0000 0.0000 0.0000 0.0000 0.0000 0.0000 0.0000 0.0000 0.0000 0.0000 0.0000 0.0000 0.0000 0.0000 0.0000 0.0000 0.0000 0.0000 0.0000 0.0000 0.0000 0.0000 0.0000 0.0000 0.0000 0.0000 0.0000 0.0000 0.0000 0.0000 0.0000 0.0000 0.0000 0.0000 0.0000 0.0000 0.0000 0.0000 0.0000 0.0000 0.0000 0.0000 0.0000 0.0000 0.0000 2.6240 358.3083 6.9302 2.1844 18.6347 1.3492 1.9502 358.2004 355.4153 355.1200 0.1900 359.7702 355.3670 0.9672 356.5320 1.9095 17.3482 5.0490 349.8915 359.2488 0.8187 2.6199 359.6801 359.5208 
-0.0654 0.8659 0.0455 2.5873 357.2089 358.0598 4.2135 351.5458 357.5663 1.4001 1.7322 0.6704 359.5751 3.4121 359.7365 359.6120 2.6855 3.4353 350.5502 357.6105 9.5528 325.7371 332.3600 322.5497 286.5774 335.0156 16.3513 7.0619 356.7290 8.2719 0.0000 0.0000 0.0000 0.0000 0.0000 0.0000 0.0000 0.0000 0.0000 0.0000 0.0000 0.0000 0.0000 0.0000 0.0000 0.0000 0.0000 0.0000 0.0000 0.0000 0.0000 0.0000 0.0000 0.0000 0.0000 0.0000 0.0000 0.0000 0.0000 0.0000 0.0000 0.0000 0.0000 0.0000 0.0000 0.0000 0.0000 0.0000 0.0000 0.0000 0.0000 0.0000 0.0000 0.0000 0.0000 10.5751 1.0815 356.0523 36.9840 344.9591 34.6623 21.1195 357.9565 3.7901 349.0797 356.2990 1.2234 0.0000 0.0000 0.0000 0.0000 0.0000 0.0000 0.0000 0.0000 0.0000 0.0000 0.0000 0.0000 0.0000 0.0000 0.0000 0.0000 0.0000 0.0000 0.0000 0.0000 0.0000 0.0000 0.0000 0.0000 0.0000 0.0000 0.0000 0.0000 0.0000 0.0000 0.0000 0.0000 0.0000 0.0000 0.0000 0.0000 0.0000 0.0000 0.0000 0.0000 0.0000 0.0000 0.0000 0.0000 0.0000 2.6963 358.3618 6.9960 2.2724 18.6289 1.3897 1.9499 358.1932 355.3722 355.1286 0.1876 359.7539 355.4752 1.0080 356.5999 1.9959 17.3331 5.0845 349.8614 359.2368 0.7633 2.6251 359.7060 359.5208 
-0.0661 0.8659 0.0459 2.4882 357.1884 358.0334 4.3745 351.5030 357.7133 1.4643 1.8121 0.0560 359.4275 3.1681 0.0966 359.5313 2.6402 3.5011 350.3358 358.0865 9.1272 326.0393 333.1399 320.3825 288.5137 334.4289 16.1244 6.9104 356.7162 8.4300 0.0000 0.0000 0.0000 0.0000 0.0000 0.0000 0.0000 0.0000 0.0000 0.0000 0.0000 0.0000 0.0000 0.0000 0.0000 0.0000 0.0000 0.0000 0.0000 0.0000 0.0000 0.0000 0.0000 0.0000 0.0000 0.0000 0.0000 0.0000 0.0000 0.0000 0.0000 0.0000 0.0000 0.0000 0.0000 0.0000 0.0000 0.0000 0.0000 0.0000 0.0000 0.0000 0.0000 0.0000 0.0000 10.5768 0.7079 355.9455 37.3741 343.7704 33.6759 21.5025 357.4977 3.6026 349.1756 356.1924 0.4938 0.0000 0.0000 0.0000 0.0000 0.0000 0.0000 0.0000 0.0000 0.0000 0.0000 0.0000 0.0000 0.0000 0.0000 0.0000 0.0000 0.0000 0.0000 0.0000 0.0000 0.0000 0.0000 0.0000 0.0000 0.0000 0.0000 0.0000 0.0000 0.0000 0.0000 0.0000 0.0000 0.0000 0.0000 0.0000 0.0000 0.0000 0.0000 0.0000 0.0000 0.0000 0.0000 0.0000 0.0000 0.0000 2.7687 358.4153 7.0618 2.3603 18.6231 1.4301 1.9495 358.1859 355.3290 355.1372 0.1852 359.7375 355.5835 1.0486 356.6680 2.0824 17.3182 5.1199 349.8312 359.2247 0.7078 2.6302 359.7319 359.5208 
-0.0659 0.8659 0.0462 2.4759 357.2187 358.0569 4.5615 351.4728 357.8975 1.5284 1.8268 359.6618 359.2337 2.9729 0.3906 359.4202 2.6408 3.5834 350.0654 358.4304 8.9316 325.6608 333.5759 319.3890 291.5114 333.7659 15.6131 6.8302 356.6978 8.5350 0.0000 0.0000 0.0000 0.0000 0.0000 0.0000 0.0000 0.0000 0.0000 0.0000 0.0000 0.0000 0.0000 0.0000 0.0000 0.0000 0.0000 0.0000 0.0000 0.0000 0.0000 0.0000 0.0000 0.0000 0.0000 0.0000 0.0000 0.0000 0.0000 0.0000 0.0000 0.0000 0.0000 0.0000 0.0000 0.0000 0.0000 0.0000 0.0000 0.0000 0.0000 0.0000 0.0000 0.0000 0.0000 10.5817 0.3222 355.8081 37.8438 342.4500 32.6298 21.8922 356.7817 3.2559 349.2487 356.0994 359.9157 0.0000 0.0000 0.0000 0.0000 0.0000 0.0000 0.0000 0.0000 0.0000 0.0000 0.0000 0.0000 0.0000 0.0000 0.0000 0.0000 0.0000 0.0000 0.0000 0.0000 0.0000 0.0000 0.0000 0.0000 0.0000 0.0000 0.0000 0.0000 0.0000 0.0000 0.0000 0.0000 0.0000 0.0000 0.0000 0.0000 0.0000 0.0000 0.0000 0.0000 0.0000 0.0000 0.0000 0.0000 0.0000 2.8302 358.4091 7.0234 2.3811 18.6218 1.4383 1.9398 358.1611 355.2295 355.1103 0.1860 359.7637 355.6696 1.0416 356.6316 2.1118 17.3110 5.1340 349.7937 359.2038 0.6753 2.6261 359.7527 359.5231 
-0.0656 0.8659 0.0466 2.4642 357.2504 358.0824 4.7491 351.4419 358.0821 1.5925 1.8419 359.2679 359.0390 2.7787 0.6852 359.3104 2.6422 3.6647 349.7940 358.7733 8.7344 325.2753 334.0059 318.3961 294.5323 333.1279 15.0616 6.7488 356.6794 8.6412 0.0000 0.0000 0.0000 0.0000 0.0000 0.0000 0.0000 0.0000 0.0000 0.0000 0.0000 0.0000 0.0000 0.0000 0.0000 0.0000 0.0000 0.0000 0.0000 0.0000 0.0000 0.0000 0.0000 0.0000 0.0000 0.0000 0.0000 0.0000 0.0000 0.0000 0.0000 0.0000 0.0000 0.0000 0.0000 0.0000 0.0000 0.0000 0.0000 0.0000 0.0000 0.0000 0.0000 0.0000 0.0000 10.5876 359.9363 355.6707 38.3425 341.1379 31.5643 22.2867 356.0680 2.9043 349.3229 356.0073 359.3372 0.0000 0.0000 0.0000 0.0000 0.0000 0.0000 0.0000 0.0000 0.0000 0.0000 0.0000 0.0000 0.0000 0.0000 0.0000 0.0000 0.0000 0.0000 0.0000 0.0000 0.0000 0.0000 0.0000 0.0000 0.0000 0.0000 0.0000 0.0000 0.0000 0.0000 0.0000 0.0000 0.0000 0.0000 0.0000 0.0000 0.0000 0.0000 0.0000 0.0000 0.0000 0.0000 0.0000 0.0000 0.0000 2.8886 358.4009 6.9822 2.3950 18.6205 1.4433 1.9309 358.1505 355.2143 355.1019 0.1816 359.7545 355.7569 1.0349 356.5958 2.1380 17.3046 5.1469 349.7682 359.1875 0.6645 2.6223 359.7751 359.5255 
-0.0654 0.8659 0.0469 2.4525 357.2822 358.1079 4.9366 351.4103 358.2667 1.6564 1.8575 358.8741 358.8433 2.5855 0.9804 359.2007 2.6439 3.7460 349.5214 359.1152 8.5356 324.8831 334.4299 317.4036 297.5768 332.5172 14.4704 6.6674 356.6612 8.7474 0.0000 0.0000 0.0000 0.0000 0.0000 0.0000 0.0000 0.0000 0.0000 0.0000 0.0000 0.0000 0.0000 0.0000 0.0000 0.0000 0.0000 0.0000 0.0000 0.0000 0.0000 0.0000 0.0000 0.0000 0.0000 0.0000 0.0000 0.0000 0.0000 0.0000 0.0000 0.0000 0.0000 0.0000 0.0000 0.0000 0.0000 0.0000 0.0000 0.0000 0.0000 0.0000 0.0000 0.0000 0.0000 10.5943 359.5504 355.5331 38.8712 339.8349 30.4780 22.6859 355.3567 2.5476 349.3983 355.9158 358.7586 0.0000 0.0000 0.0000 0.0000 0.0000 0.0000 0.0000 0.0000 0.0000 0.0000 0.0000 0.0000 0.0000 0.0000 0.0000 0.0000 0.0000 0.0000 0.0000 0.0000 0.0000 0.0000 0.0000 0.0000 0.0000 0.0000 0.0000 0.0000 0.0000 0.0000 0.0000 0.0000 0.0000 0.0000 0.0000 0.0000 0.0000 0.0000 0.0000 0.0000 0.0000 0.0000 0.0000 0.0000 0.0000 2.9469 358.3926 6.9409 2.4088 18.6195 1.4484 1.9220 358.1399 355.1991 355.0936 0.1771 359.7452 355.8441 1.0283 356.5600 2.1643 17.2980 5.1597 349.7426 359.1713 0.6537 2.6185 359.7975 359.5279 
-0.0652 0.8659 0.0474 2.4751 357.3179 358.1179 5.1172 351.3683 358.4220 1.7242 1.8201 358.4381 358.6298 2.4512 1.2831 359.0703 2.6822 3.7476 349.3584 359.5240 8.3515 324.8042 335.3876 315.8163 298.7151 332.2396 14.6048 6.6053 356.6373 8.8521 0.0000 0.0000 0.0000 0.0000 0.0000 0.0000 0.0000 0.0000 0.0000 0.0000 0.0000 0.0000 0.0000 0.0000 0.0000 0.0000 0.0000 0.0000 0.0000 0.0000 0.0000 0.0000 0.0000 0.0000 0.0000 0.0000 0.0000 0.0000 0.0000 0.0000 0.0000 0.0000 0.0000 0.0000 0.0000 0.0000 0.0000 0.0000 0.0000 0.0000 0.0000 0.0000 0.0000 0.0000 0.0000 10.5214 359.1436 355.3533 39.3697 338.4193 29.2531 23.2837 354.6799 2.0415 349.4840 355.8396 358.3585 0.0000 0.0000 0.0000 0.0000 0.0000 0.0000 0.0000 0.0000 0.0000 0.0000 0.0000 0.0000 0.0000 0.0000 0.0000 0.0000 0.0000 0.0000 0.0000 0.0000 0.0000 0.0000 0.0000 0.0000 0.0000 0.0000 0.0000 0.0000 0.0000 0.0000 0.0000 0.0000 0.0000 0.0000 0.0000 0.0000 0.0000 0.0000 0.0000 0.0000 0.0000 0.0000 0.0000 0.0000 0.0000 2.9985 358.3820 6.9142 2.3913 18.6133 1.4573 1.9141 358.0962 355.1563 355.0928 0.1766 359.7545 355.9081 1.0375 356.5362 2.1456 17.2866 5.1719 349.6715 359.1412 0.6306 2.6185 359.7986 359.5281 
-0.0651 0.8659 0.0479 2.4993 357.3538 358.1280 5.2977 351.3257 358.5772 1.7924 1.7833 358.0019 358.4155 2.3180 1.5863 358.9388 2.7205 3.7499 349.1943 359.9321 8.1665 324.6970 336.3430 314.2393 299.8555 331.9597 14.7337 6.5430 356.6136 8.9568 0.0000 0.0000 0.0000 0.0000 0.0000 0.0000 0.0000 0.0000 0.0000 0.0000 0.0000 0.0000 0.0000 0.0000 0.0000 0.0000 0.0000 0.0000 0.0000 0.0000 0.0000 0.0000 0.0000 0.0000 0.0000 0.0000 0.0000 0.0000 0.0000 0.0000 0.0000 0.0000 0.0000 0.0000 0.0000 0.0000 0.0000 0.0000 0.0000 0.0000 0.0000 0.0000 0.0000 0.0000 0.0000 10.4498 358.7369 355.1741 39.9061 337.0138 28.0022 23.8882 354.0083 1.5280 349.5705 355.7640 357.9582 0.0000 0.0000 0.0000 0.0000 0.0000 0.0000 0.0000 0.0000 0.0000 0.0000 0.0000 0.0000 0.0000 0.0000 0.0000 0.0000 0.0000 0.0000 0.0000 0.0000 0.0000 0.0000 0.0000 0.0000 0.0000 0.0000 0.0000 0.0000 0.0000 0.0000 0.0000 0.0000 0.0000 0.0000 0.0000 0.0000 0.0000 0.0000 0.0000 0.0000 0.0000 0.0000 0.0000 0.0000 0.0000 3.0481 358.3718 6.8889 2.3646 18.6079 1.4630 1.9064 358.0525 355.1135 355.0815 0.1704 359.7520 355.9713 1.0467 356.5127 2.1614 17.2667 5.2009 349.6114 359.1180 0.6121 2.6162 359.8139 359.5298 
-0.0649 0.8658 0.0484 2.5234 357.3896 358.1381 5.4782 351.2827 358.7324 1.8608 1.7470 357.5657 358.2005 2.1859 1.8901 358.8074 2.7589 3.7522 349.0289 0.3397 7.9802 324.5620 337.2953 312.6716 300.9979 331.6778 14.8568 6.4806 356.5899 9.0615 0.0000 0.0000 0.0000 0.0000 0.0000 0.0000 0.0000 0.0000 0.0000 0.0000 0.0000 0.0000 0.0000 0.0000 0.0000 0.0000 0.0000 0.0000 0.0000 0.0000 0.0000 0.0000 0.0000 0.0000 0.0000 0.0000 0.0000 0.0000 0.0000 0.0000 0.0000 0.0000 0.0000 0.0000 0.0000 0.0000 0.0000 0.0000 0.0000 0.0000 0.0000 0.0000 0.0000 0.0000 0.0000 10.3794 358.3300 354.9953 40.4819 335.6197 26.7235 24.4998 353.3423 1.0071 349.6577 355.6888 357.5578 0.0000 0.0000 0.0000 0.0000 0.0000 0.0000 0.0000 0.0000 0.0000 0.0000 0.0000 0.0000 0.0000 0.0000 0.0000 0.0000 0.0000 0.0000 0.0000 0.0000 0.0000 0.0000 0.0000 0.0000 0.0000 0.0000 0.0000 0.0000 0.0000 0.0000 0.0000 0.0000 0.0000 0.0000 0.0000 0.0000 0.0000 0.0000 0.0000 0.0000 0.0000 0.0000 0.0000 0.0000 0.0000 3.0977 358.3615 6.8636 2.3379 18.6025 1.4687 1.8986 358.0087 355.0707 355.0701 0.1643 359.7495 356.0346 1.0559 356.4892 2.1772 17.2468 5.2300 349.5514 359.0948 0.5936 2.6138 359.8291 359.5315 
-0.0651 0.8658 0.0492 2.5317 357.4478 358.1470 5.6412 351.2819 358.8548 1.9127 1.7002 357.1940 358.0233 2.1430 2.1828 358.7021 2.7969 3.7459 348.8970 0.7106 7.8996 324.2307 338.7444 311.1280 303.8211 331.1934 13.8144 6.5697 356.6069 8.8306 0.0000 0.0000 0.0000 0.0000 0.0000 0.0000 0.0000 0.0000 0.0000 0.0000 0.0000 0.0000 0.0000 0.0000 0.0000 0.0000 0.0000 0.0000 0.0000 0.0000 0.0000 0.0000 0.0000 0.0000 0.0000 0.0000 0.0000 0.0000 0.0000 0.0000 0.0000 0.0000 0.0000 0.0000 0.0000 0.0000 0.0000 0.0000 0.0000 0.0000 0.0000 0.0000 0.0000 0.0000 0.0000 10.3019 357.9145 354.7364 41.0271 334.5745 25.2336 25.0795 353.0215 0.7576 349.7309 355.6359 357.1772 0.0000 0.0000 0.0000 0.0000 0.0000 0.0000 0.0000 0.0000 0.0000 0.0000 0.0000 0.0000 0.0000 0.0000 0.0000 0.0000 0.0000 0.0000 0.0000 0.0000 0.0000 0.0000 0.0000 0.0000 0.0000 0.0000 0.0000 0.0000 0.0000 0.0000 0.0000 0.0000 0.0000 0.0000 0.0000 0.0000 0.0000 0.0000 0.0000 0.0000 0.0000 0.0000 0.0000 0.0000 0.0000 3.1188 358.3555 6.8801 2.4509 18.6122 1.4707 1.8692 358.0593 355.1020 355.0657 0.1570 359.7491 356.0854 1.0679 356.5017 2.1456 17.2598 5.1939 349.6155 359.0810 0.5966 2.6121 359.8419 359.5338 
-0.0653 0.8658 0.0500 2.5454 357.5074 358.1563 5.8040 351.2807 358.9771 1.9650 1.6536 356.8216 357.8457 2.1008 2.4757 358.5968 2.8349 3.7395 348.7650 1.0805 7.8185 323.8612 340.1847 309.5899 306.6667 330.7546 12.7410 6.6583 356.6241 8.6004 0.0000 0.0000 0.0000 0.0000 0.0000 0.0000 0.0000 0.0000 0.0000 0.0000 0.0000 0.0000 0.0000 0.0000 0.0000 0.0000 0.0000 0.0000 0.0000 0.0000 0.0000 0.0000 0.0000 0.0000 0.0000 0.0000 0.0000 0.0000 0.0000 0.0000 0.0000 0.0000 0.0000 0.0000 0.0000 0.0000 0.0000 0.0000 0.0000 0.0000 0.0000 0.0000 0.0000 0.0000 0.0000 10.2263 357.4994 354.4782 41.6073 333.5426 23.7193 25.6611 352.7030 0.5048 349.8045 355.5834 356.7964 0.0000 0.0000 0.0000 0.0000 0.0000 0.0000 0.0000 0.0000 0.0000 0.0000 0.0000 0.0000 0.0000 0.0000 0.0000 0.0000 0.0000 0.0000 0.0000 0.0000 0.0000 0.0000 0.0000 0.0000 0.0000 0.0000 0.0000 0.0000 0.0000 0.0000 0.0000 0.0000 0.0000 0.0000 0.0000 0.0000 0.0000 0.0000 0.0000 0.0000 0.0000 0.0000 0.0000 0.0000 0.0000 3.1607 358.3449 6.8860 2.4990 18.6089 1.4865 1.8250 358.0263 355.0515 355.0608 0.1495 359.7485 356.1522 1.0823 356.5083 2.1389 17.2411 5.2035 349.5931 359.0339 0.5730 2.6103 359.8546 359.5361 
-0.0655 0.8658 0.0508 2.5591 357.5670 358.1657 5.9667 351.2793 359.0993 2.0176 1.6074 356.4492 357.6679 2.0596 2.7687 358.4914 2.8729 3.7331 348.6323 1.4503 7.7366 323.4543 341.6152 308.0554 309.5330 330.3630 11.6391 6.7468 356.6416 8.3702 0.0000 0.0000 0.0000 0.0000 0.0000 0.0000 0.0000 0.0000 0.0000 0.0000 0.0000 0.0000 0.0000 0.0000 0.0000 0.0000 0.0000 0.0000 0.0000 0.0000 0.0000 0.0000 0.0000 0.0000 0.0000 0.0000 0.0000 0.0000 0.0000 0.0000 0.0000 0.0000 0.0000 0.0000 0.0000 0.0000 0.0000 0.0000 0.0000 0.0000 0.0000 0.0000 0.0000 0.0000 0.0000 10.1526 357.0838 354.2206 42.2233 332.5249 22.1794 26.2446 352.3871 0.2487 349.8787 355.5314 356.4155 0.0000 0.0000 0.0000 0.0000 0.0000 0.0000 0.0000 0.0000 0.0000 0.0000 0.0000 0.0000 0.0000 0.0000 0.0000 0.0000 0.0000 0.0000 0.0000 0.0000 0.0000 0.0000 0.0000 0.0000 0.0000 0.0000 0.0000 0.0000 0.0000 0.0000 0.0000 0.0000 0.0000 0.0000 0.0000 0.0000 0.0000 0.0000 0.0000 0.0000 0.0000 0.0000 0.0000 0.0000 0.0000 3.2026 358.3345 6.8919 2.5471 18.6055 1.5023 1.7808 357.9933 355.0011 355.0558 0.1419 359.7479 356.2190 1.0967 356.5149 2.1322 17.2225 5.2132 349.5706 358.9867 0.5494 2.6086 359.8674 359.5384 
-0.0655 0.8658 0.0517 2.5520 357.6207 358.1837 6.0484 351.2782 359.2865 2.0576 1.5005 356.0065 357.5473 1.9988 3.1551 358.4505 2.9022 3.6732 348.5151 1.7943 7.6731 323.1989 342.9201 306.6006 312.8403 330.0044 10.7983 6.8099 356.6789 8.0010 0.0000 0.0000 0.0000 0.0000 0.0000 0.0000 0.0000 0.0000 0.0000 0.0000 0.0000 0.0000 0.0000 0.0000 0.0000 0.0000 0.0000 0.0000 0.0000 0.0000 0.0000 0.0000 0.0000 0.0000 0.0000 0.0000 0.0000 0.0000 0.0000 0.0000 0.0000 0.0000 0.0000 0.0000 0.0000 0.0000 0.0000 0.0000 0.0000 0.0000 0.0000 0.0000 0.0000 0.0000 0.0000 10.0177 356.6756 353.8796 42.9822 331.4646 20.3130 26.7813 352.4396 0.1387 349.8917 355.4894 356.0927 0.0000 0.0000 0.0000 0.0000 0.0000 0.0000 0.0000 0.0000 0.0000 0.0000 0.0000 0.0000 0.0000 0.0000 0.0000 0.0000 0.0000 0.0000 0.0000 0.0000 0.0000 0.0000 0.0000 0.0000 0.0000 0.0000 0.0000 0.0000 0.0000 0.0000 0.0000 0.0000 0.0000 0.0000 0.0000 0.0000 0.0000 0.0000 0.0000 0.0000 0.0000 0.0000 0.0000 0.0000 0.0000 3.2203 358.3444 6.8693 2.5255 18.6098 1.4806 1.8595 357.9961 355.1019 355.0547 0.1297 359.7432 356.2484 1.1001 356.4985 2.1395 17.2295 5.2109 349.5798 359.0224 0.5860 2.6038 359.8797 359.5396 
-0.0655 0.8658 0.0525 2.5445 357.6749 358.2019 6.1298 351.2769 359.4736 2.0985 1.3939 355.5642 357.4260 1.9387 3.5421 358.4125 2.9303 3.6136 348.3977 2.1375 7.6091 322.9109 344.2185 305.1494 316.1653 329.6883 9.9311 6.8728 356.7166 7.6312 0.0000 0.0000 0.0000 0.0000 0.0000 0.0000 0.0000 0.0000 0.0000 0.0000 0.0000 0.0000 0.0000 0.0000 0.0000 0.0000 0.0000 0.0000 0.0000 0.0000 0.0000 0.0000 0.0000 0.0000 0.0000 0.0000 0.0000 0.0000 0.0000 0.0000 0.0000 0.0000 0.0000 0.0000 0.0000 0.0000 0.0000 0.0000 0.0000 0.0000 0.0000 0.0000 0.0000 0.0000 0.0000 9.8853 356.2672 353.5399 43.7882 330.4267 18.4114 27.3180 352.4930 0.0292 349.9049 355.4476 355.7703 0.0000 0.0000 0.0000 0.0000 0.0000 0.0000 0.0000 0.0000 0.0000 0.0000 0.0000 0.0000 0.0000 0.0000 0.0000 0.0000 0.0000 0.0000 0.0000 0.0000 0.0000 0.0000 0.0000 0.0000 0.0000 0.0000 0.0000 0.0000 0.0000 0.0000 0.0000 0.0000 0.0000 0.0000 0.0000 0.0000 0.0000 0.0000 0.0000 0.0000 0.0000 0.0000 0.0000 0.0000 0.0000 3.2685 358.3466 6.8510 2.5692 18.6096 1.4803 1.8542 357.9361 355.1067 355.0535 0.1174 359.7385 356.2983 1.1080 356.4842 2.1428 17.2253 5.2144 349.5578 358.9926 0.5897 2.5990 359.8919 359.5407 
-0.0655 0.8658 0.0534 2.5372 357.7291 358.2201 6.2113 351.2753 359.6607 2.1402 1.2876 355.1218 357.3043 1.8795 3.9292 358.3745 2.9584 3.5539 348.2799 2.4805 7.5444 322.5908 345.5095 303.7004 319.5055 329.4159 9.0407 6.9354 356.7548 7.2615 0.0000 0.0000 0.0000 0.0000 0.0000 0.0000 0.0000 0.0000 0.0000 0.0000 0.0000 0.0000 0.0000 0.0000 0.0000 0.0000 0.0000 0.0000 0.0000 0.0000 0.0000 0.0000 0.0000 0.0000 0.0000 0.0000 0.0000 0.0000 0.0000 0.0000 0.0000 0.0000 0.0000 0.0000 0.0000 0.0000 0.0000 0.0000 0.0000 0.0000 0.0000 0.0000 0.0000 0.0000 0.0000 9.7553 355.8580 353.2009 44.6422 329.4130 16.4731 27.8546 352.5474 359.9204 349.9185 355.4059 355.4479 0.0000 0.0000 0.0000 0.0000 0.0000 0.0000 0.0000 0.0000 0.0000 0.0000 0.0000 0.0000 0.0000 0.0000 0.0000 0.0000 0.0000 0.0000 0.0000 0.0000 0.0000 0.0000 0.0000 0.0000 0.0000 0.0000 0.0000 0.0000 0.0000 0.0000 0.0000 0.0000 0.0000 0.0000 0.0000 0.0000 0.0000 0.0000 0.0000 0.0000 0.0000 0.0000 0.0000 0.0000 0.0000 3.3166 358.3489 6.8326 2.6128 18.6094 1.4800 1.8488 357.8760 355.1115 355.0523 0.1051 359.7339 356.3482 1.1159 356.4698 2.1462 17.2211 5.2179 349.5357 358.9627 0.5934 2.5942 359.9041 359.5418 
-0.0651 0.8658 0.0542 2.5405 357.8161 358.2467 6.3118 351.2999 359.8540 2.1833 1.1579 354.6586 357.1437 1.8050 4.3106 358.2973 2.9521 3.4925 348.1980 2.7688 7.5668 322.6104 346.8441 302.4452 322.7288 328.7716 8.1908 7.0766 356.8235 6.6931 0.0000 0.0000 0.0000 0.0000 0.0000 0.0000 0.0000 0.0000 0.0000 0.0000 0.0000 0.0000 0.0000 0.0000 0.0000 0.0000 0.0000 0.0000 0.0000 0.0000 0.0000 0.0000 0.0000 0.0000 0.0000 0.0000 0.0000 0.0000 0.0000 0.0000 0.0000 0.0000 0.0000 0.0000 0.0000 0.0000 0.0000 0.0000 0.0000 0.0000 0.0000 0.0000 0.0000 0.0000 0.0000 9.5358 355.4753 352.8244 45.3575 328.8496 14.6219 27.9350 352.2281 359.7660 349.9334 355.3697 355.1711 0.0000 0.0000 0.0000 0.0000 0.0000 0.0000 0.0000 0.0000 0.0000 0.0000 0.0000 0.0000 0.0000 0.0000 0.0000 0.0000 0.0000 0.0000 0.0000 0.0000 0.0000 0.0000 0.0000 0.0000 0.0000 0.0000 0.0000 0.0000 0.0000 0.0000 0.0000 0.0000 0.0000 0.0000 0.0000 0.0000 0.0000 0.0000 0.0000 0.0000 0.0000 0.0000 0.0000 0.0000 0.0000 3.3259 358.3180 6.7884 2.5972 18.6097 1.4760 1.8666 357.9961 355.1141 355.0508 0.1169 359.7484 356.4074 1.0876 356.4292 2.1572 17.2184 5.2098 349.5397 358.9621 0.6124 2.5877 359.9281 359.5442 
-0.0648 0.8658 0.0549 2.5413 357.9020 358.2729 6.4124 351.3242 0.0476 2.2275 1.0288 354.1960 356.9827 1.7317 4.6920 358.2226 2.9439 3.4349 348.1166 3.0557 7.5891 322.6000 348.1788 301.1969 325.9850 328.1691 7.2922 7.2169 356.8936 6.1239 0.0000 0.0000 0.0000 0.0000 0.0000 0.0000 0.0000 0.0000 0.0000 0.0000 0.0000 0.0000 0.0000 0.0000 0.0000 0.0000 0.0000 0.0000 0.0000 0.0000 0.0000 0.0000 0.0000 0.0000 0.0000 0.0000 0.0000 0.0000 0.0000 0.0000 0.0000 0.0000 0.0000 0.0000 0.0000 0.0000 0.0000 0.0000 0.0000 0.0000 0.0000 0.0000 0.0000 0.0000 0.0000 9.3186 355.0910 352.4491 46.0981 328.3064 12.7515 28.0162 351.9088 359.6111 349.9485 355.3337 354.8946 0.0000 0.0000 0.0000 0.0000 0.0000 0.0000 0.0000 0.0000 0.0000 0.0000 0.0000 0.0000 0.0000 0.0000 0.0000 0.0000 0.0000 0.0000 0.0000 0.0000 0.0000 0.0000 0.0000 0.0000 0.0000 0.0000 0.0000 0.0000 0.0000 0.0000 0.0000 0.0000 0.0000 0.0000 0.0000 0.0000 0.0000 0.0000 0.0000 0.0000 0.0000 0.0000 0.0000 0.0000 0.0000 3.3511 358.2879 6.7382 2.6250 18.6099 1.4716 1.8720 357.9766 355.1280 355.0464 0.0991 359.7517 356.4682 1.0596 356.3882 2.1683 17.2155 5.2016 349.5314 358.9448 0.6336 2.5856 359.9410 359.5456 
-0.0644 0.8658 0.0557 2.5422 357.9879 358.2993 6.5132 351.3481 0.2412 2.2727 0.8999 353.7334 356.8212 1.6594 5.0735 358.1478 2.9356 3.3774 348.0354 3.3426 7.6110 322.5602 349.5131 299.9541 329.2732 327.6109 6.3472 7.3562 356.9651 5.5548 0.0000 0.0000 0.0000 0.0000 0.0000 0.0000 0.0000 0.0000 0.0000 0.0000 0.0000 0.0000 0.0000 0.0000 0.0000 0.0000 0.0000 0.0000 0.0000 0.0000 0.0000 0.0000 0.0000 0.0000 0.0000 0.0000 0.0000 0.0000 0.0000 0.0000 0.0000 0.0000 0.0000 0.0000 0.0000 0.0000 0.0000 0.0000 0.0000 0.0000 0.0000 0.0000 0.0000 0.0000 0.0000 9.1039 354.7053 352.0750 46.8636 327.7841 10.8622 28.0983 351.5899 359.4556 349.9640 355.2978 354.6180 0.0000 0.0000 0.0000 0.0000 0.0000 0.0000 0.0000 0.0000 0.0000 0.0000 0.0000 0.0000 0.0000 0.0000 0.0000 0.0000 0.0000 0.0000 0.0000 0.0000 0.0000 0.0000 0.0000 0.0000 0.0000 0.0000 0.0000 0.0000 0.0000 0.0000 0.0000 0.0000 0.0000 0.0000 0.0000 0.0000 0.0000 0.0000 0.0000 0.0000 0.0000 0.0000 0.0000 0.0000 0.0000 3.3764 358.2577 6.6879 2.6528 18.6103 1.4673 1.8774 357.9570 355.1418 355.0420 0.0813 359.7550 356.5291 1.0317 356.3471 2.1793 17.2126 5.1935 349.5232 358.9276 0.6547 2.5834 359.9540 359.5470 
-0.0646 0.8658 0.0564 2.5236 358.0519 358.3057 6.6101 351.3563 0.4067 2.3156 0.7564 353.4226 356.6873 1.5633 5.4056 358.0876 2.9060 3.3052 347.9575 3.5755 7.6668 322.7078 350.3727 298.9899 331.6559 326.7259 6.1034 7.5037 357.0183 5.0852 0.0000 0.0000 0.0000 0.0000 0.0000 0.0000 0.0000 0.0000 0.0000 0.0000 0.0000 0.0000 0.0000 0.0000 0.0000 0.0000 0.0000 0.0000 0.0000 0.0000 0.0000 0.0000 0.0000 0.0000 0.0000 0.0000 0.0000 0.0000 0.0000 0.0000 0.0000 0.0000 0.0000 0.0000 0.0000 0.0000 0.0000 0.0000 0.0000 0.0000 0.0000 0.0000 0.0000 0.0000 0.0000 8.8513 354.3664 351.7511 47.6664 327.3239 9.2531 28.4982 351.1865 359.1824 349.9925 355.2679 354.3788 0.0000 0.0000 0.0000 0.0000 0.0000 0.0000 0.0000 0.0000 0.0000 0.0000 0.0000 0.0000 0.0000 0.0000 0.0000 0.0000 0.0000 0.0000 0.0000 0.0000 0.0000 0.0000 0.0000 0.0000 0.0000 0.0000 0.0000 0.0000 0.0000 0.0000 0.0000 0.0000 0.0000 0.0000 0.0000 0.0000 0.0000 0.0000 0.0000 0.0000 0.0000 0.0000 0.0000 0.0000 0.0000 3.4073 358.2454 6.6916 2.7060 18.6099 1.4665 1.8623 357.9481 355.1416 355.0379 0.1034 359.7485 356.5544 1.0202 356.3493 2.2099 17.2164 5.1908 349.5237 358.9083 0.6639 2.5818 359.9702 359.5489 
-0.0648 0.8658 0.0572 2.5097 358.1181 358.3128 6.7070 351.3642 0.5719 2.3593 0.6131 353.1119 356.5526 1.4677 5.7385 358.0284 2.8765 3.2339 347.8800 3.8080 7.7222 322.8405 351.2347 298.0302 334.0681 325.8499 5.8119 7.6508 357.0727 4.6154 0.0000 0.0000 0.0000 0.0000 0.0000 0.0000 0.0000 0.0000 0.0000 0.0000 0.0000 0.0000 0.0000 0.0000 0.0000 0.0000 0.0000 0.0000 0.0000 0.0000 0.0000 0.0000 0.0000 0.0000 0.0000 0.0000 0.0000 0.0000 0.0000 0.0000 0.0000 0.0000 0.0000 0.0000 0.0000 0.0000 0.0000 0.0000 0.0000 0.0000 0.0000 0.0000 0.0000 0.0000 0.0000 8.6005 354.0262 351.4286 48.4883 326.8830 7.6282 28.9006 350.7846 358.9060 350.0213 355.2379 354.1393 0.0000 0.0000 0.0000 0.0000 0.0000 0.0000 0.0000 0.0000 0.0000 0.0000 0.0000 0.0000 0.0000 0.0000 0.0000 0.0000 0.0000 0.0000 0.0000 0.0000 0.0000 0.0000 0.0000 0.0000 0.0000 0.0000 0.0000 0.0000 0.0000 0.0000 0.0000 0.0000 0.0000 0.0000 0.0000 0.0000 0.0000 0.0000 0.0000 0.0000 0.0000 0.0000 0.0000 0.0000 0.0000 3.4369 358.2345 6.6980 2.7480 18.6095 1.4675 1.8472 357.9391 355.1414 355.0266 0.0966 359.7474 356.5747 1.0110 356.3550 2.2405 17.2201 5.1882 349.5243 358.8890 0.6732 2.5807 359.9832 359.5504 
-0.0649 0.8658 0.0580 2.4959 358.1844 358.3199 6.8039 351.3718 0.7372 2.4038 0.4700 352.8011 356.4173 1.3730 6.0718 357.9692 2.8469 3.1625 347.8027 4.0405 7.7774 322.9582 352.0988 297.0747 336.5114 324.9847 5.4717 7.7972 357.1283 4.1456 0.0000 0.0000 0.0000 0.0000 0.0000 0.0000 0.0000 0.0000 0.0000 0.0000 0.0000 0.0000 0.0000 0.0000 0.0000 0.0000 0.0000 0.0000 0.0000 0.0000 0.0000 0.0000 0.0000 0.0000 0.0000 0.0000 0.0000 0.0000 0.0000 0.0000 0.0000 0.0000 0.0000 0.0000 0.0000 0.0000 0.0000 0.0000 0.0000 0.0000 0.0000 0.0000 0.0000 0.0000 0.0000 8.3515 353.6846 351.1074 49.3290 326.4620 5.9879 29.3054 350.3847 358.6264 350.0502 355.2082 353.8998 0.0000 0.0000 0.0000 0.0000 0.0000 0.0000 0.0000 0.0000 0.0000 0.0000 0.0000 0.0000 0.0000 0.0000 0.0000 0.0000 0.0000 0.0000 0.0000 0.0000 0.0000 0.0000 0.0000 0.0000 0.0000 0.0000 0.0000 0.0000 0.0000 0.0000 0.0000 0.0000 0.0000 0.0000 0.0000 0.0000 0.0000 0.0000 0.0000 0.0000 0.0000 0.0000 0.0000 0.0000 0.0000 3.4664 358.2238 6.7044 2.7900 18.6091 1.4684 1.8321 357.9301 355.1413 355.0154 0.0898 359.7463 356.5949 1.0019 356.3608 2.2711 17.2238 5.1855 349.5248 358.8698 0.6824 2.5796 -0.0037 359.5520 
-0.0647 0.8658 0.0587 2.4474 358.2700 358.3172 6.8601 351.3882 0.8881 2.4430 0.3221 352.5134 356.3445 1.3119 6.3936 357.9635 2.8181 3.0802 347.6945 4.2221 7.8411 322.8338 352.8427 296.1006 337.9960 324.5598 5.2942 7.9731 357.1522 3.9042 0.0000 0.0000 0.0000 0.0000 0.0000 0.0000 0.0000 0.0000 0.0000 0.0000 0.0000 0.0000 0.0000 0.0000 0.0000 0.0000 0.0000 0.0000 0.0000 0.0000 0.0000 0.0000 0.0000 0.0000 0.0000 0.0000 0.0000 0.0000 0.0000 0.0000 0.0000 0.0000 0.0000 0.0000 0.0000 0.0000 0.0000 0.0000 0.0000 0.0000 0.0000 0.0000 0.0000 0.0000 0.0000 8.0948 353.3781 350.7838 49.9745 326.2638 4.5607 29.6393 349.8716 358.3688 350.1013 355.1871 353.7466 0.0000 0.0000 0.0000 0.0000 0.0000 0.0000 0.0000 0.0000 0.0000 0.0000 0.0000 0.0000 0.0000 0.0000 0.0000 0.0000 0.0000 0.0000 0.0000 0.0000 0.0000 0.0000 0.0000 0.0000 0.0000 0.0000 0.0000 0.0000 0.0000 0.0000 0.0000 0.0000 0.0000 0.0000 0.0000 0.0000 0.0000 0.0000 0.0000 0.0000 0.0000 0.0000 0.0000 0.0000 0.0000 3.5166 358.1909 6.6967 2.8916 18.6077 1.4723 1.8465 357.8995 355.1550 355.0272 0.0946 359.7480 356.7073 0.9490 356.3641 2.2846 17.2158 5.1786 349.5405 358.8659 0.7068 2.5769 0.0042 359.5531 
-0.0645 0.8658 0.0594 2.4098 358.3552 358.3143 6.9150 351.4043 1.0368 2.4829 0.1745 352.2260 356.2710 1.2511 6.7163 357.9569 2.7888 2.9966 347.5870 4.4024 7.9041 322.6969 353.5842 295.1264 339.4904 324.1386 5.1020 8.1489 357.1768 3.6625 0.0000 0.0000 0.0000 0.0000 0.0000 0.0000 0.0000 0.0000 0.0000 0.0000 0.0000 0.0000 0.0000 0.0000 0.0000 0.0000 0.0000 0.0000 0.0000 0.0000 0.0000 0.0000 0.0000 0.0000 0.0000 0.0000 0.0000 0.0000 0.0000 0.0000 0.0000 0.0000 0.0000 0.0000 0.0000 0.0000 0.0000 0.0000 0.0000 0.0000 0.0000 0.0000 0.0000 0.0000 0.0000 7.8401 353.0708 350.4619 50.6272 326.0792 3.1278 29.9763 349.3599 358.1076 350.1526 355.1660 353.5924 0.0000 0.0000 0.0000 0.0000 0.0000 0.0000 0.0000 0.0000 0.0000 0.0000 0.0000 0.0000 0.0000 0.0000 0.0000 0.0000 0.0000 0.0000 0.0000 0.0000 0.0000 0.0000 0.0000 0.0000 0.0000 0.0000 0.0000 0.0000 0.0000 0.0000 0.0000 0.0000 0.0000 0.0000 0.0000 0.0000 0.0000 0.0000 0.0000 0.0000 0.0000 0.0000 0.0000 0.0000 0.0000 3.5362 358.1693 6.6823 2.9485 18.6068 1.4753 1.8608 357.8689 355.1687 355.0255 0.0913 359.7484 356.7791 0.9147 356.3558 2.2980 17.2076 5.1717 349.5562 358.8620 0.7311 2.5742 0.0131 359.5544 
-0.0642 0.8658 0.0601 2.3722 358.4403 358.3115 6.9700 351.4203 1.1855 2.5235 0.0272 351.9384 356.1972 1.1906 7.0390 357.9504 2.7595 2.9131 347.4796 4.5827 7.9668 322.5475 354.3233 294.1518 340.9947 323.7215 4.8948 8.3245 357.2023 3.4209 0.0000 0.0000 0.0000 0.0000 0.0000 0.0000 0.0000 0.0000 0.0000 0.0000 0.0000 0.0000 0.0000 0.0000 0.0000 0.0000 0.0000 0.0000 0.0000 0.0000 0.0000 0.0000 0.0000 0.0000 0.0000 0.0000 0.0000 0.0000 0.0000 0.0000 0.0000 0.0000 0.0000 0.0000 0.0000 0.0000 0.0000 0.0000 0.0000 0.0000 0.0000 0.0000 0.0000 0.0000 0.0000 7.5869 352.7620 350.1412 51.2866 325.9082 1.6895 30.3163 348.8495 357.8429 350.2040 355.1451 353.4382 0.0000 0.0000 0.0000 0.0000 0.0000 0.0000 0.0000 0.0000 0.0000 0.0000 0.0000 0.0000 0.0000 0.0000 0.0000 0.0000 0.0000 0.0000 0.0000 0.0000 0.0000 0.0000 0.0000 0.0000 0.0000 0.0000 0.0000 0.0000 0.0000 0.0000 0.0000 0.0000 0.0000 0.0000 0.0000 0.0000 0.0000 0.0000 0.0000 0.0000 0.0000 0.0000 0.0000 0.0000 0.0000 3.5559 358.1476 6.6679 3.0053 18.6059 1.4782 1.8751 357.8382 355.1824 355.0239 0.0879 359.7488 356.8510 0.8802 356.3475 2.3114 17.1995 5.1648 349.5719 358.8580 0.7555 2.5714 0.0219 359.5556 
-0.0643 0.8658 0.0603 2.2337 358.5000 358.3025 6.9538 351.4782 1.2853 2.5394 359.9087 351.8523 356.1555 1.1314 7.3037 357.9424 2.6750 2.8464 347.4835 4.7748 8.0261 322.8594 355.0477 293.2727 341.7827 323.3558 4.8567 8.4492 357.2004 3.3504 0.0000 0.0000 0.0000 0.0000 0.0000 0.0000 0.0000 0.0000 0.0000 0.0000 0.0000 0.0000 0.0000 0.0000 0.0000 0.0000 0.0000 0.0000 0.0000 0.0000 0.0000 0.0000 0.0000 0.0000 0.0000 0.0000 0.0000 0.0000 0.0000 0.0000 0.0000 0.0000 0.0000 0.0000 0.0000 0.0000 0.0000 0.0000 0.0000 0.0000 0.0000 0.0000 0.0000 0.0000 0.0000 7.3992 352.5153 349.8589 51.8310 325.6750 0.5017 30.9368 348.2809 357.4333 350.2759 355.1337 353.2953 0.0000 0.0000 0.0000 0.0000 0.0000 0.0000 0.0000 0.0000 0.0000 0.0000 0.0000 0.0000 0.0000 0.0000 0.0000 0.0000 0.0000 0.0000 0.0000 0.0000 0.0000 0.0000 0.0000 0.0000 0.0000 0.0000 0.0000 0.0000 0.0000 0.0000 0.0000 0.0000 0.0000 0.0000 0.0000 0.0000 0.0000 0.0000 0.0000 0.0000 0.0000 0.0000 0.0000 0.0000 0.0000 3.6224 358.1050 6.6696 3.1108 18.6032 1.4954 1.8679 357.8291 355.1709 355.0251 0.0871 359.7516 356.9340 0.8034 356.3664 2.3867 17.2089 5.1724 349.5268 358.8865 0.7928 2.5656 0.0257 359.5557 
-0.0644 0.8658 0.0604 2.1079 358.5600 358.2935 6.9367 351.5359 1.3823 2.5552 359.7907 351.7672 356.1135 1.0724 7.5685 357.9344 2.5905 2.7794 347.4884 4.9651 8.0848 323.1599 355.7765 292.3988 342.5749 322.9906 4.8122 8.5729 357.1985 3.2812 0.0000 0.0000 0.0000 0.0000 0.0000 0.0000 0.0000 0.0000 0.0000 0.0000 0.0000 0.0000 0.0000 0.0000 0.0000 0.0000 0.0000 0.0000 0.0000 0.0000 0.0000 0.0000 0.0000 0.0000 0.0000 0.0000 0.0000 0.0000 0.0000 0.0000 0.0000 0.0000 0.0000 0.0000 0.0000 0.0000 0.0000 0.0000 0.0000 0.0000 0.0000 0.0000 0.0000 0.0000 0.0000 7.2125 352.2676 349.5771 52.3828 325.4511 359.3076 31.5629 347.7164 357.0164 350.3476 355.1227 353.1532 0.0000 0.0000 0.0000 0.0000 0.0000 0.0000 0.0000 0.0000 0.0000 0.0000 0.0000 0.0000 0.0000 0.0000 0.0000 0.0000 0.0000 0.0000 0.0000 0.0000 0.0000 0.0000 0.0000 0.0000 0.0000 0.0000 0.0000 0.0000 0.0000 0.0000 0.0000 0.0000 0.0000 0.0000 0.0000 0.0000 0.0000 0.0000 0.0000 0.0000 0.0000 0.0000 0.0000 0.0000 0.0000 3.6770 358.0756 6.6799 3.2031 18.6004 1.5119 1.8607 357.8200 355.1595 355.0263 0.0863 359.7544 357.0175 0.7264 356.3852 2.4648 17.2164 5.1785 349.4945 358.9118 0.8499 2.5598 0.0294 359.5557 
-0.0645 0.8658 0.0605 1.9822 358.6201 358.2845 6.9197 351.5936 1.4792 2.5712 359.6728 351.6820 356.0712 1.0136 7.8335 357.9266 2.5059 2.7124 347.4936 5.1555 8.1435 323.4489 356.5097 291.5294 343.3712 322.6259 4.7612 8.6966 357.1968 3.2119 0.0000 0.0000 0.0000 0.0000 0.0000 0.0000 0.0000 0.0000 0.0000 0.0000 0.0000 0.0000 0.0000 0.0000 0.0000 0.0000 0.0000 0.0000 0.0000 0.0000 0.0000 0.0000 0.0000 0.0000 0.0000 0.0000 0.0000 0.0000 0.0000 0.0000 0.0000 0.0000 0.0000 0.0000 0.0000 0.0000 0.0000 0.0000 0.0000 0.0000 0.0000 0.0000 0.0000 0.0000 0.0000 7.0270 352.0189 349.2959 52.9417 325.2368 358.1077 32.1947 347.1565 356.5922 350.4194 355.1117 353.0112 0.0000 0.0000 0.0000 0.0000 0.0000 0.0000 0.0000 0.0000 0.0000 0.0000 0.0000 0.0000 0.0000 0.0000 0.0000 0.0000 0.0000 0.0000 0.0000 0.0000 0.0000 0.0000 0.0000 0.0000 0.0000 0.0000 0.0000 0.0000 0.0000 0.0000 0.0000 0.0000 0.0000 0.0000 0.0000 0.0000 0.0000 0.0000 0.0000 0.0000 0.0000 0.0000 0.0000 0.0000 0.0000 3.7317 358.0461 6.6902 3.2954 18.5978 1.5283 1.8535 357.8109 355.1480 355.0275 0.0855 359.7571 357.1009 0.6493 356.4038 2.5430 17.2239 5.1846 349.4622 358.9373 0.9069 2.5540 0.0332 359.5558 
-0.0644 0.8658 0.0606 1.8709 358.6448 358.2642 6.8712 351.5846 1.5506 2.5767 359.5860 351.5805 356.0745 1.0485 8.0600 357.9585 2.5074 2.6139 347.5078 5.3472 8.1944 323.3908 357.2953 290.6588 344.2302 322.4862 4.4784 8.9385 357.2246 2.9376 0.0000 0.0000 0.0000 0.0000 0.0000 0.0000 0.0000 0.0000 0.0000 0.0000 0.0000 0.0000 0.0000 0.0000 0.0000 0.0000 0.0000 0.0000 0.0000 0.0000 0.0000 0.0000 0.0000 0.0000 0.0000 0.0000 0.0000 0.0000 0.0000 0.0000 0.0000 0.0000 0.0000 0.0000 0.0000 0.0000 0.0000 0.0000 0.0000 0.0000 0.0000 0.0000 0.0000 0.0000 0.0000 6.7941 351.8205 349.0619 53.2081 325.2743 357.0473 32.5172 346.8410 356.3462 350.4886 355.1058 352.8919 0.0000 0.0000 0.0000 0.0000 0.0000 0.0000 0.0000 0.0000 0.0000 0.0000 0.0000 0.0000 0.0000 0.0000 0.0000 0.0000 0.0000 0.0000 0.0000 0.0000 0.0000 0.0000 0.0000 0.0000 0.0000 0.0000 0.0000 0.0000 0.0000 0.0000 0.0000 0.0000 0.0000 0.0000 0.0000 0.0000 0.0000 0.0000 0.0000 0.0000 0.0000 0.0000 0.0000 0.0000 0.0000 3.7841 358.0417 6.6969 3.4053 18.5947 1.5455 1.8723 357.7850 355.1518 355.0255 0.0860 359.7576 357.1584 0.6240 356.4135 2.5735 17.2100 5.1818 349.5738 358.9040 0.7821 2.5541 0.0353 359.5561 
-0.0642 0.8658 0.0608 1.7606 358.6751 358.2430 6.8233 351.5735 1.6186 2.5823 359.4997 351.4792 356.0780 1.0834 8.2866 357.9906 2.5104 2.5166 347.5222 5.5366 8.2446 323.3207 358.0796 289.7883 345.0912 322.3502 4.1923 9.1773 357.2536 2.6650 0.0000 0.0000 0.0000 0.0000 0.0000 0.0000 0.0000 0.0000 0.0000 0.0000 0.0000 0.0000 0.0000 0.0000 0.0000 0.0000 0.0000 0.0000 0.0000 0.0000 0.0000 0.0000 0.0000 0.0000 0.0000 0.0000 0.0000 0.0000 0.0000 0.0000 0.0000 0.0000 0.0000 0.0000 0.0000 0.0000 0.0000 0.0000 0.0000 0.0000 0.0000 0.0000 0.0000 0.0000 0.0000 6.5619 351.6212 348.8286 53.4735 325.3159 355.9873 32.8419 346.5267 356.0978 350.5579 355.1000 352.7726 0.0000 0.0000 0.0000 0.0000 0.0000 0.0000 0.0000 0.0000 0.0000 0.0000 0.0000 0.0000 0.0000 0.0000 0.0000 0.0000 0.0000 0.0000 0.0000 0.0000 0.0000 0.0000 0.0000 0.0000 0.0000 0.0000 0.0000 0.0000 0.0000 0.0000 0.0000 0.0000 0.0000 0.0000 0.0000 0.0000 0.0000 0.0000 0.0000 0.0000 0.0000 0.0000 0.0000 0.0000 0.0000 3.8254 358.0433 6.7015 3.5060 18.5917 1.5610 1.8912 357.7591 355.1555 355.0234 0.0864 359.7581 357.2207 0.5943 356.4243 2.6295 17.1985 5.1810 349.6077 358.9317 0.7945 2.5541 0.0374 359.5563 
-0.0641 0.8658 0.0610 1.6503 358.7055 358.2219 6.7754 351.5625 1.6866 2.5881 359.4133 351.3779 356.0816 1.1183 8.5131 358.0226 2.5134 2.4193 347.5367 5.7259 8.2949 323.2386 358.8627 288.9172 345.9547 322.2175 3.9032 9.4160 357.2836 2.3924 0.0000 0.0000 0.0000 0.0000 0.0000 0.0000 0.0000 0.0000 0.0000 0.0000 0.0000 0.0000 0.0000 0.0000 0.0000 0.0000 0.0000 0.0000 0.0000 0.0000 0.0000 0.0000 0.0000 0.0000 0.0000 0.0000 0.0000 0.0000 0.0000 0.0000 0.0000 0.0000 0.0000 0.0000 0.0000 0.0000 0.0000 0.0000 0.0000 0.0000 0.0000 0.0000 0.0000 0.0000 0.0000 6.3304 351.4209 348.5959 53.7378 325.3615 354.9282 33.1685 346.2138 355.8473 350.6273 355.0942 352.6532 0.0000 0.0000 0.0000 0.0000 0.0000 0.0000 0.0000 0.0000 0.0000 0.0000 0.0000 0.0000 0.0000 0.0000 0.0000 0.0000 0.0000 0.0000 0.0000 0.0000 0.0000 0.0000 0.0000 0.0000 0.0000 0.0000 0.0000 0.0000 0.0000 0.0000 0.0000 0.0000 0.0000 0.0000 0.0000 0.0000 0.0000 0.0000 0.0000 0.0000 0.0000 0.0000 0.0000 0.0000 0.0000 3.8666 358.0449 6.7061 3.6067 18.5887 1.5764 1.9101 357.7333 355.1592 355.0213 0.0869 359.7585 357.2830 0.5644 356.4350 2.6856 17.1872 5.1802 349.6417 358.9593 0.8069 2.5542 0.0395 359.5566 
-0.0644 0.8659 0.0613 1.5132 358.7128 358.2005 6.6933 351.5648 1.7387 2.5792 359.3467 351.2879 356.0863 1.1531 8.7100 358.0314 2.5265 2.3382 347.5584 5.9373 8.3389 323.1993 359.5242 288.1007 346.2500 322.3727 3.6257 9.5834 357.3068 2.1365 0.0000 0.0000 0.0000 0.0000 0.0000 0.0000 0.0000 0.0000 0.0000 0.0000 0.0000 0.0000 0.0000 0.0000 0.0000 0.0000 0.0000 0.0000 0.0000 0.0000 0.0000 0.0000 0.0000 0.0000 0.0000 0.0000 0.0000 0.0000 0.0000 0.0000 0.0000 0.0000 0.0000 0.0000 0.0000 0.0000 0.0000 0.0000 0.0000 0.0000 0.0000 0.0000 0.0000 0.0000 0.0000 6.0974 351.2192 348.3804 53.9407 325.5029 353.9356 33.6272 345.8618 355.5973 350.7080 355.1063 352.6067 0.0000 0.0000 0.0000 0.0000 0.0000 0.0000 0.0000 0.0000 0.0000 0.0000 0.0000 0.0000 0.0000 0.0000 0.0000 0.0000 0.0000 0.0000 0.0000 0.0000 0.0000 0.0000 0.0000 0.0000 0.0000 0.0000 0.0000 0.0000 0.0000 0.0000 0.0000 0.0000 0.0000 0.0000 0.0000 0.0000 0.0000 0.0000 0.0000 0.0000 0.0000 0.0000 0.0000 0.0000 0.0000 3.9040 358.0747 6.7477 3.7006 18.5871 1.5862 1.9150 357.7587 355.1632 355.0217 0.0888 359.7603 357.3617 0.5498 356.4788 2.7515 17.1914 5.1806 349.6050 358.9632 0.8091 2.5519 0.0383 359.5576 
-0.0647 0.8660 0.0616 1.3786 358.7237 358.1765 6.6081 351.5664 1.7952 2.5704 359.2809 351.1989 356.0911 1.1876 8.9062 358.0407 2.5396 2.2557 347.5804 6.1492 8.3831 323.1507 0.1848 287.2841 346.5440 322.5289 3.3495 9.7501 357.3306 1.8814 0.0000 0.0000 0.0000 0.0000 0.0000 0.0000 0.0000 0.0000 0.0000 0.0000 0.0000 0.0000 0.0000 0.0000 0.0000 0.0000 0.0000 0.0000 0.0000 0.0000 0.0000 0.0000 0.0000 0.0000 0.0000 0.0000 0.0000 0.0000 0.0000 0.0000 0.0000 0.0000 0.0000 0.0000 0.0000 0.0000 0.0000 0.0000 0.0000 0.0000 0.0000 0.0000 0.0000 0.0000 0.0000 5.8655 351.0171 348.1661 54.1403 325.6472 352.9455 34.0878 345.5120 355.3443 350.7892 355.1184 352.5591 0.0000 0.0000 0.0000 0.0000 0.0000 0.0000 0.0000 0.0000 0.0000 0.0000 0.0000 0.0000 0.0000 0.0000 0.0000 0.0000 0.0000 0.0000 0.0000 0.0000 0.0000 0.0000 0.0000 0.0000 0.0000 0.0000 0.0000 0.0000 0.0000 0.0000 0.0000 0.0000 0.0000 0.0000 0.0000 0.0000 0.0000 0.0000 0.0000 0.0000 0.0000 0.0000 0.0000 0.0000 0.0000 3.9438 358.1049 6.7896 3.7926 18.5853 1.5956 1.9271 357.7743 355.1686 355.0221 0.0908 359.7620 357.4370 0.5368 356.5219 2.8273 17.1935 5.1809 349.6098 359.0008 0.8265 2.5497 0.0370 359.5586 
-0.0650 0.8661 0.0619 1.2441 358.7346 358.1526 6.5229 351.5681 1.8517 2.5617 359.2151 351.1098 356.0960 1.2222 9.1023 358.0499 2.5527 2.1732 347.6025 6.3611 8.4275 323.0926 0.8447 286.4668 346.8364 322.6863 3.0751 9.9167 357.3551 1.6264 0.0000 0.0000 0.0000 0.0000 0.0000 0.0000 0.0000 0.0000 0.0000 0.0000 0.0000 0.0000 0.0000 0.0000 0.0000 0.0000 0.0000 0.0000 0.0000 0.0000 0.0000 0.0000 0.0000 0.0000 0.0000 0.0000 0.0000 0.0000 0.0000 0.0000 0.0000 0.0000 0.0000 0.0000 0.0000 0.0000 0.0000 0.0000 0.0000 0.0000 0.0000 0.0000 0.0000 0.0000 0.0000 5.6344 350.8141 347.9526 54.3364 325.7943 351.9576 34.5508 345.1642 355.0878 350.8704 355.1306 352.5116 0.0000 0.0000 0.0000 0.0000 0.0000 0.0000 0.0000 0.0000 0.0000 0.0000 0.0000 0.0000 0.0000 0.0000 0.0000 0.0000 0.0000 0.0000 0.0000 0.0000 0.0000 0.0000 0.0000 0.0000 0.0000 0.0000 0.0000 0.0000 0.0000 0.0000 0.0000 0.0000 0.0000 0.0000 0.0000 0.0000 0.0000 0.0000 0.0000 0.0000 0.0000 0.0000 0.0000 0.0000 0.0000 3.9836 358.1349 6.8314 3.8846 18.5837 1.6050 1.9393 357.7898 355.1740 355.0225 0.0927 359.7637 357.5124 0.5238 356.5651 2.9031 17.1956 5.1811 349.6146 359.0384 0.8439 2.5475 0.0358 359.5595 
-0.0652 0.8661 0.0620 1.1028 358.7384 358.1456 6.4209 351.5558 1.9076 2.5437 359.1938 351.0125 356.1563 1.3421 9.2837 358.1034 2.5880 2.0747 347.6644 6.5654 8.4505 323.1664 1.3927 285.6943 347.0089 322.8828 2.9111 10.0921 357.3852 1.3638 0.0000 0.0000 0.0000 0.0000 0.0000 0.0000 0.0000 0.0000 0.0000 0.0000 0.0000 0.0000 0.0000 0.0000 0.0000 0.0000 0.0000 0.0000 0.0000 0.0000 0.0000 0.0000 0.0000 0.0000 0.0000 0.0000 0.0000 0.0000 0.0000 0.0000 0.0000 0.0000 0.0000 0.0000 0.0000 0.0000 0.0000 0.0000 0.0000 0.0000 0.0000 0.0000 0.0000 0.0000 0.0000 5.4058 350.6093 347.7158 54.5092 325.9470 350.9407 34.5878 345.0313 355.0233 350.9507 355.1302 352.4236 0.0000 0.0000 0.0000 0.0000 0.0000 0.0000 0.0000 0.0000 0.0000 0.0000 0.0000 0.0000 0.0000 0.0000 0.0000 0.0000 0.0000 0.0000 0.0000 0.0000 0.0000 0.0000 0.0000 0.0000 0.0000 0.0000 0.0000 0.0000 0.0000 0.0000 0.0000 0.0000 0.0000 0.0000 0.0000 0.0000 0.0000 0.0000 0.0000 0.0000 0.0000 0.0000 0.0000 0.0000 0.0000 4.0215 358.1555 6.8578 3.9877 18.5832 1.6063 1.9608 357.7948 355.1796 355.0265 0.0970 359.7637 357.5931 0.5062 356.5897 2.9683 17.1844 5.1860 349.6431 359.0415 0.8318 2.5513 0.0353 359.5600 
-0.0654 0.8662 0.0621 0.9554 358.7456 358.1310 6.3189 351.5437 1.9635 2.5258 359.1732 350.9161 356.2170 1.4617 9.4644 358.1570 2.6237 1.9749 347.7264 6.7700 8.4738 323.2329 1.9415 284.9224 347.1799 323.0796 2.7486 10.2672 357.4160 1.1014 0.0000 0.0000 0.0000 0.0000 0.0000 0.0000 0.0000 0.0000 0.0000 0.0000 0.0000 0.0000 0.0000 0.0000 0.0000 0.0000 0.0000 0.0000 0.0000 0.0000 0.0000 0.0000 0.0000 0.0000 0.0000 0.0000 0.0000 0.0000 0.0000 0.0000 0.0000 0.0000 0.0000 0.0000 0.0000 0.0000 0.0000 0.0000 0.0000 0.0000 0.0000 0.0000 0.0000 0.0000 0.0000 5.1783 350.4037 347.4800 54.6783 326.1021 349.9262 34.6249 344.8986 354.9586 351.0316 355.1299 352.3351 0.0000 0.0000 0.0000 0.0000 0.0000 0.0000 0.0000 0.0000 0.0000 0.0000 0.0000 0.0000 0.0000 0.0000 0.0000 0.0000 0.0000 0.0000 0.0000 0.0000 0.0000 0.0000 0.0000 0.0000 0.0000 0.0000 0.0000 0.0000 0.0000 0.0000 0.0000 0.0000 0.0000 0.0000 0.0000 0.0000 0.0000 0.0000 0.0000 0.0000 0.0000 0.0000 0.0000 0.0000 0.0000 4.0603 358.1768 6.8851 4.0857 18.5830 1.6071 1.9824 357.7997 355.1851 355.0305 0.1012 359.7637 357.6743 0.4885 356.6145 3.0358 17.1732 5.1910 349.6746 359.0688 0.8308 2.5552 0.0348 359.5604 
-0.0656 0.8662 0.0622 0.8079 358.7528 358.1164 6.2169 351.5317 2.0195 2.5080 359.1525 350.8198 356.2780 1.5810 9.6453 358.2106 2.6594 1.8750 347.7885 6.9746 8.4974 323.2921 2.4912 284.1508 347.3499 323.2768 2.5871 10.4422 357.4477 0.8391 0.0000 0.0000 0.0000 0.0000 0.0000 0.0000 0.0000 0.0000 0.0000 0.0000 0.0000 0.0000 0.0000 0.0000 0.0000 0.0000 0.0000 0.0000 0.0000 0.0000 0.0000 0.0000 0.0000 0.0000 0.0000 0.0000 0.0000 0.0000 0.0000 0.0000 0.0000 0.0000 0.0000 0.0000 0.0000 0.0000 0.0000 0.0000 0.0000 0.0000 0.0000 0.0000 0.0000 0.0000 0.0000 4.9514 350.1973 347.2449 54.8438 326.2597 348.9142 34.6622 344.7660 354.8938 351.1124 355.1298 352.2468 0.0000 0.0000 0.0000 0.0000 0.0000 0.0000 0.0000 0.0000 0.0000 0.0000 0.0000 0.0000 0.0000 0.0000 0.0000 0.0000 0.0000 0.0000 0.0000 0.0000 0.0000 0.0000 0.0000 0.0000 0.0000 0.0000 0.0000 0.0000 0.0000 0.0000 0.0000 0.0000 0.0000 0.0000 0.0000 0.0000 0.0000 0.0000 0.0000 0.0000 0.0000 0.0000 0.0000 0.0000 0.0000 4.0992 358.1981 6.9125 4.1838 18.5826 1.6079 2.0039 357.8047 355.1907 355.0346 0.1055 359.7637 357.7555 0.4708 356.6393 3.1034 17.1620 5.1959 349.7062 359.0961 0.8299 2.5591 0.0343 359.5608 
-0.0657 0.8662 0.0622 0.7722 358.7200 358.0929 6.1087 351.4962 2.0365 2.4915 359.1573 350.7297 356.2726 1.7312 9.9066 358.2009 2.7022 1.8156 347.8390 7.1650 8.5078 323.2942 2.9542 283.5561 347.4177 323.5111 2.4392 10.5513 357.4727 0.6453 0.0000 0.0000 0.0000 0.0000 0.0000 0.0000 0.0000 0.0000 0.0000 0.0000 0.0000 0.0000 0.0000 0.0000 0.0000 0.0000 0.0000 0.0000 0.0000 0.0000 0.0000 0.0000 0.0000 0.0000 0.0000 0.0000 0.0000 0.0000 0.0000 0.0000 0.0000 0.0000 0.0000 0.0000 0.0000 0.0000 0.0000 0.0000 0.0000 0.0000 0.0000 0.0000 0.0000 0.0000 0.0000 4.7402 350.0406 347.0619 54.8717 326.3727 348.0648 34.4345 344.7093 354.8808 351.1963 355.1297 352.1556 0.0000 0.0000 0.0000 0.0000 0.0000 0.0000 0.0000 0.0000 0.0000 0.0000 0.0000 0.0000 0.0000 0.0000 0.0000 0.0000 0.0000 0.0000 0.0000 0.0000 0.0000 0.0000 0.0000 0.0000 0.0000 0.0000 0.0000 0.0000 0.0000 0.0000 0.0000 0.0000 0.0000 0.0000 0.0000 0.0000 0.0000 0.0000 0.0000 0.0000 0.0000 0.0000 0.0000 0.0000 0.0000 4.1123 358.2361 6.9470 4.2428 18.5809 1.6143 2.0294 357.7984 355.1920 355.0448 0.1112 359.7698 357.8063 0.4962 356.6702 3.1367 17.1541 5.1972 349.6494 359.1045 0.8282 2.5599 0.0262 359.5603 
-0.0657 0.8663 0.0621 0.7328 358.6885 358.0667 6.0006 351.4607 2.0536 2.4748 359.1618 350.6383 356.2675 1.8810 10.1672 358.1917 2.7454 1.7550 347.8897 7.3563 8.5184 323.2914 3.4172 282.9612 347.4850 323.7460 2.2915 10.6598 357.4980 0.4525 0.0000 0.0000 0.0000 0.0000 0.0000 0.0000 0.0000 0.0000 0.0000 0.0000 0.0000 0.0000 0.0000 0.0000 0.0000 0.0000 0.0000 0.0000 0.0000 0.0000 0.0000 0.0000 0.0000 0.0000 0.0000 0.0000 0.0000 0.0000 0.0000 0.0000 0.0000 0.0000 0.0000 0.0000 0.0000 0.0000 0.0000 0.0000 0.0000 0.0000 0.0000 0.0000 0.0000 0.0000 0.0000 4.5289 349.8827 346.8788 54.8975 326.4859 347.2172 34.2065 344.6530 354.8683 351.2790 355.1296 352.0659 0.0000 0.0000 0.0000 0.0000 0.0000 0.0000 0.0000 0.0000 0.0000 0.0000 0.0000 0.0000 0.0000 0.0000 0.0000 0.0000 0.0000 0.0000 0.0000 0.0000 0.0000 0.0000 0.0000 0.0000 0.0000 0.0000 0.0000 0.0000 0.0000 0.0000 0.0000 0.0000 0.0000 0.0000 0.0000 0.0000 0.0000 0.0000 0.0000 0.0000 0.0000 0.0000 0.0000 0.0000 0.0000 4.1120 358.2667 6.9721 4.2919 18.5794 1.6205 2.0549 357.7919 355.1932 355.0550 0.1169 359.7759 357.8604 0.5209 356.7021 3.1710 17.1459 5.1984 349.6227 359.1391 0.8255 2.5607 0.0182 359.5598 
-0.0658 0.8663 0.0621 0.6935 358.6570 358.0404 5.8924 351.4252 2.0708 2.4580 359.1663 350.5469 356.2631 2.0308 10.4278 358.1825 2.7886 1.6944 347.9405 7.5476 8.5292 323.2839 3.8801 282.3659 347.5513 323.9811 2.1448 10.7681 357.5236 0.2597 0.0000 0.0000 0.0000 0.0000 0.0000 0.0000 0.0000 0.0000 0.0000 0.0000 0.0000 0.0000 0.0000 0.0000 0.0000 0.0000 0.0000 0.0000 0.0000 0.0000 0.0000 0.0000 0.0000 0.0000 0.0000 0.0000 0.0000 0.0000 0.0000 0.0000 0.0000 0.0000 0.0000 0.0000 0.0000 0.0000 0.0000 0.0000 0.0000 0.0000 0.0000 0.0000 0.0000 0.0000 0.0000 4.3180 349.7242 346.6964 54.9212 326.5994 346.3706 33.9785 344.5967 354.8560 351.3617 355.1298 351.9760 0.0000 0.0000 0.0000 0.0000 0.0000 0.0000 0.0000 0.0000 0.0000 0.0000 0.0000 0.0000 0.0000 0.0000 0.0000 0.0000 0.0000 0.0000 0.0000 0.0000 0.0000 0.0000 0.0000 0.0000 0.0000 0.0000 0.0000 0.0000 0.0000 0.0000 0.0000 0.0000 0.0000 0.0000 0.0000 0.0000 0.0000 0.0000 0.0000 0.0000 0.0000 0.0000 0.0000 0.0000 0.0000 4.1118 358.2974 6.9971 4.3411 18.5776 1.6268 2.0804 357.7856 355.1945 355.0652 0.1225 359.7821 357.9145 0.5455 356.7341 3.2053 17.1378 5.1998 349.5960 359.1737 0.8229 2.5615 0.0102 359.5593 
-0.0661 0.8663 0.0620 0.7113 358.6304 358.0240 5.8528 351.4015 2.0790 2.4592 359.1776 350.5425 356.2662 2.2104 10.5952 358.1445 2.8015 1.6474 348.0184 7.6861 8.5408 323.2223 4.1239 281.9290 347.6232 324.2369 2.0716 10.8956 357.5555 0.0534 0.0000 0.0000 0.0000 0.0000 0.0000 0.0000 0.0000 0.0000 0.0000 0.0000 0.0000 0.0000 0.0000 0.0000 0.0000 0.0000 0.0000 0.0000 0.0000 0.0000 0.0000 0.0000 0.0000 0.0000 0.0000 0.0000 0.0000 0.0000 0.0000 0.0000 0.0000 0.0000 0.0000 0.0000 0.0000 0.0000 0.0000 0.0000 0.0000 0.0000 0.0000 0.0000 0.0000 0.0000 0.0000 4.1437 349.6461 346.6367 54.7329 326.5493 345.8576 34.2001 344.2704 354.4090 351.4729 355.1144 351.8248 0.0000 0.0000 0.0000 0.0000 0.0000 0.0000 0.0000 0.0000 0.0000 0.0000 0.0000 0.0000 0.0000 0.0000 0.0000 0.0000 0.0000 0.0000 0.0000 0.0000 0.0000 0.0000 0.0000 0.0000 0.0000 0.0000 0.0000 0.0000 0.0000 0.0000 0.0000 0.0000 0.0000 0.0000 0.0000 0.0000 0.0000 0.0000 0.0000 0.0000 0.0000 0.0000 0.0000 0.0000 0.0000 4.0968 358.3214 7.0360 4.3301 18.5773 1.6280 2.0728 357.7998 355.2051 355.0533 0.1123 359.7721 357.9226 0.5828 356.7699 3.1848 17.1224 5.2052 349.5986 359.1403 0.8177 2.5618 0.0103 359.5586 
-0.0663 0.8663 0.0619 0.7344 358.6000 358.0045 5.8115 351.3773 2.0875 2.4600 359.1891 350.5360 356.2699 2.3895 10.7619 358.1064 2.8154 1.5988 348.0964 7.8243 8.5526 323.1588 4.3676 281.4913 347.6943 324.4923 1.9993 11.0227 357.5877 359.8475 0.0000 0.0000 0.0000 0.0000 0.0000 0.0000 0.0000 0.0000 0.0000 0.0000 0.0000 0.0000 0.0000 0.0000 0.0000 0.0000 0.0000 0.0000 0.0000 0.0000 0.0000 0.0000 0.0000 0.0000 0.0000 0.0000 0.0000 0.0000 0.0000 0.0000 0.0000 0.0000 0.0000 0.0000 0.0000 0.0000 0.0000 0.0000 0.0000 0.0000 0.0000 0.0000 0.0000 0.0000 0.0000 3.9696 349.5680 346.5775 54.5450 326.4978 345.3445 34.4247 343.9459 353.9600 351.5842 355.0994 351.6737 0.0000 0.0000 0.0000 0.0000 0.0000 0.0000 0.0000 0.0000 0.0000 0.0000 0.0000 0.0000 0.0000 0.0000 0.0000 0.0000 0.0000 0.0000 0.0000 0.0000 0.0000 0.0000 0.0000 0.0000 0.0000 0.0000 0.0000 0.0000 0.0000 0.0000 0.0000 0.0000 0.0000 0.0000 0.0000 0.0000 0.0000 0.0000 0.0000 0.0000 0.0000 0.0000 0.0000 0.0000 0.0000 4.0820 358.3383 7.0690 4.3164 18.5769 1.6288 2.0833 357.8096 355.2167 355.0608 0.1129 359.7738 357.9349 0.6219 356.8080 3.1659 17.1067 5.2106 349.5650 359.1537 0.8090 2.5622 0.0105 359.5579 
-0.0666 0.8663 0.0619 0.7575 358.5697 357.9850 5.7702 351.3530 2.0960 2.4607 359.2005 350.5294 356.2740 2.5686 10.9286 358.0681 2.8293 1.5503 348.1744 7.9624 8.5646 323.0934 4.6107 281.0533 347.7648 324.7478 1.9277 11.1497 357.6204 359.6418 0.0000 0.0000 0.0000 0.0000 0.0000 0.0000 0.0000 0.0000 0.0000 0.0000 0.0000 0.0000 0.0000 0.0000 0.0000 0.0000 0.0000 0.0000 0.0000 0.0000 0.0000 0.0000 0.0000 0.0000 0.0000 0.0000 0.0000 0.0000 0.0000 0.0000 0.0000 0.0000 0.0000 0.0000 0.0000 0.0000 0.0000 0.0000 0.0000 0.0000 0.0000 0.0000 0.0000 0.0000 0.0000 3.7955 349.4897 346.5185 54.3575 326.4449 344.8314 34.6524 343.6230 353.5089 351.6954 355.0846 351.5226 0.0000 0.0000 0.0000 0.0000 0.0000 0.0000 0.0000 0.0000 0.0000 0.0000 0.0000 0.0000 0.0000 0.0000 0.0000 0.0000 0.0000 0.0000 0.0000 0.0000 0.0000 0.0000 0.0000 0.0000 0.0000 0.0000 0.0000 0.0000 0.0000 0.0000 0.0000 0.0000 0.0000 0.0000 0.0000 0.0000 0.0000 0.0000 0.0000 0.0000 0.0000 0.0000 0.0000 0.0000 0.0000 4.0671 358.3553 7.1020 4.3028 18.5766 1.6296 2.0939 357.8193 355.2282 355.0683 0.1135 359.7755 357.9472 0.6610 356.8463 3.1470 17.0910 5.2161 349.5315 359.1670 0.8002 2.5625 0.0106 359.5572 
-0.0670 0.8663 0.0620 0.7636 358.5490 357.9759 5.7440 351.3536 2.1190 2.4640 359.2109 350.5476 356.2324 2.6783 11.0655 358.0164 2.8324 1.4971 348.2185 8.0622 8.5876 323.0950 4.7777 280.8167 347.7351 325.0935 1.8132 11.1957 357.6378 359.5335 0.0000 0.0000 0.0000 0.0000 0.0000 0.0000 0.0000 0.0000 0.0000 0.0000 0.0000 0.0000 0.0000 0.0000 0.0000 0.0000 0.0000 0.0000 0.0000 0.0000 0.0000 0.0000 0.0000 0.0000 0.0000 0.0000 0.0000 0.0000 0.0000 0.0000 0.0000 0.0000 0.0000 0.0000 0.0000 0.0000 0.0000 0.0000 0.0000 0.0000 0.0000 0.0000 0.0000 0.0000 0.0000 3.7013 349.3952 346.4296 54.3621 326.4001 344.4471 34.4101 343.5194 353.2749 351.7455 355.0678 351.3745 0.0000 0.0000 0.0000 0.0000 0.0000 0.0000 0.0000 0.0000 0.0000 0.0000 0.0000 0.0000 0.0000 0.0000 0.0000 0.0000 0.0000 0.0000 0.0000 0.0000 0.0000 0.0000 0.0000 0.0000 0.0000 0.0000 0.0000 0.0000 0.0000 0.0000 0.0000 0.0000 0.0000 0.0000 0.0000 0.0000 0.0000 0.0000 0.0000 0.0000 0.0000 0.0000 0.0000 0.0000 0.0000 4.0709 358.3831 7.1464 4.3031 18.5766 1.6280 2.0842 357.8133 355.2086 355.0730 0.1145 359.7786 357.9557 0.6860 356.8775 3.2031 17.1038 5.2145 349.5587 359.1419 0.8042 2.5613 0.0098 359.5569 
-0.0674 0.8663 0.0621 0.7598 358.5217 357.9626 5.7212 351.3563 2.1413 2.4668 359.2137 350.5700 356.1910 2.7890 11.2030 357.9662 2.8348 1.4461 348.2635 8.1635 8.6108 323.0957 4.9449 280.5796 347.7052 325.4413 1.6985 11.2419 357.6553 359.4248 0.0000 0.0000 0.0000 0.0000 0.0000 0.0000 0.0000 0.0000 0.0000 0.0000 0.0000 0.0000 0.0000 0.0000 0.0000 0.0000 0.0000 0.0000 0.0000 0.0000 0.0000 0.0000 0.0000 0.0000 0.0000 0.0000 0.0000 0.0000 0.0000 0.0000 0.0000 0.0000 0.0000 0.0000 0.0000 0.0000 0.0000 0.0000 0.0000 0.0000 0.0000 0.0000 0.0000 0.0000 0.0000 3.6079 349.3009 346.3410 54.3672 326.3555 344.0629 34.1684 343.4146 353.0411 351.7959 355.0511 351.2256 0.0000 0.0000 0.0000 0.0000 0.0000 0.0000 0.0000 0.0000 0.0000 0.0000 0.0000 0.0000 0.0000 0.0000 0.0000 0.0000 0.0000 0.0000 0.0000 0.0000 0.0000 0.0000 0.0000 0.0000 0.0000 0.0000 0.0000 0.0000 0.0000 0.0000 0.0000 0.0000 0.0000 0.0000 0.0000 0.0000 0.0000 0.0000 0.0000 0.0000 0.0000 0.0000 0.0000 0.0000 0.0000 4.0753 358.4101 7.1893 4.3036 18.5768 1.6263 2.0880 357.8197 355.2038 355.0776 0.1154 359.7816 357.9677 0.7216 356.9192 3.2412 17.1016 5.2180 349.5436 359.1339 0.7972 2.5602 0.0090 359.5566 
-0.0679 0.8663 0.0622 0.7560 358.4945 357.9494 5.6985 351.3589 2.1636 2.4695 359.2165 350.5925 356.1499 2.8997 11.3404 357.9160 2.8371 1.3951 348.3085 8.2647 8.6341 323.0958 5.1121 280.3424 347.6746 325.7891 1.5841 11.2881 357.6728 359.3160 0.0000 0.0000 0.0000 0.0000 0.0000 0.0000 0.0000 0.0000 0.0000 0.0000 0.0000 0.0000 0.0000 0.0000 0.0000 0.0000 0.0000 0.0000 0.0000 0.0000 0.0000 0.0000 0.0000 0.0000 0.0000 0.0000 0.0000 0.0000 0.0000 0.0000 0.0000 0.0000 0.0000 0.0000 0.0000 0.0000 0.0000 0.0000 0.0000 0.0000 0.0000 0.0000 0.0000 0.0000 0.0000 3.5145 349.2065 346.2526 54.3726 326.3109 343.6785 33.9270 343.3090 352.8076 351.8465 355.0345 351.0768 0.0000 0.0000 0.0000 0.0000 0.0000 0.0000 0.0000 0.0000 0.0000 0.0000 0.0000 0.0000 0.0000 0.0000 0.0000 0.0000 0.0000 0.0000 0.0000 0.0000 0.0000 0.0000 0.0000 0.0000 0.0000 0.0000 0.0000 0.0000 0.0000 0.0000 0.0000 0.0000 0.0000 0.0000 0.0000 0.0000 0.0000 0.0000 0.0000 0.0000 0.0000 0.0000 0.0000 0.0000 0.0000 4.0798 358.4372 7.2323 4.3040 18.5769 1.6246 2.0918 357.8261 355.1989 355.0822 0.1163 359.7847 357.9797 0.7571 356.9608 3.2793 17.0996 5.2216 349.5285 359.1256 0.7902 2.5591 0.0082 359.5562 
-0.0679 0.8663 0.0621 0.8807 358.4776 357.9519 5.6536 351.3499 2.1314 2.4559 359.2640 350.5863 356.1453 3.0003 11.3708 357.8598 2.8614 1.3596 348.3138 8.3093 8.6356 322.9704 5.1197 280.1756 347.5938 326.0587 1.5021 11.3074 357.6750 359.2735 0.0000 0.0000 0.0000 0.0000 0.0000 0.0000 0.0000 0.0000 0.0000 0.0000 0.0000 0.0000 0.0000 0.0000 0.0000 0.0000 0.0000 0.0000 0.0000 0.0000 0.0000 0.0000 0.0000 0.0000 0.0000 0.0000 0.0000 0.0000 0.0000 0.0000 0.0000 0.0000 0.0000 0.0000 0.0000 0.0000 0.0000 0.0000 0.0000 0.0000 0.0000 0.0000 0.0000 0.0000 0.0000 3.4142 349.2301 346.2674 53.9649 326.2987 343.6234 34.5375 342.9074 352.1608 351.9309 355.0204 350.9391 0.0000 0.0000 0.0000 0.0000 0.0000 0.0000 0.0000 0.0000 0.0000 0.0000 0.0000 0.0000 0.0000 0.0000 0.0000 0.0000 0.0000 0.0000 0.0000 0.0000 0.0000 0.0000 0.0000 0.0000 0.0000 0.0000 0.0000 0.0000 0.0000 0.0000 0.0000 0.0000 0.0000 0.0000 0.0000 0.0000 0.0000 0.0000 0.0000 0.0000 0.0000 0.0000 0.0000 0.0000 0.0000 4.0377 358.4345 7.2424 4.2623 18.5794 1.6098 2.0864 357.8320 355.2187 355.0836 0.1136 359.7868 357.9425 0.7941 356.9612 3.2078 17.0901 5.2207 349.5136 359.1253 0.7927 2.5579 0.0082 359.5553 
-0.0678 0.8663 0.0620 0.9877 358.4600 357.9540 5.6055 351.3412 2.1023 2.4440 359.3132 350.5934 356.1402 3.1023 11.4029 357.8084 2.8855 1.3289 348.3185 8.3528 8.6368 322.8450 5.1260 280.0100 347.5128 326.3290 1.4196 11.3269 357.6773 359.2307 0.0000 0.0000 0.0000 0.0000 0.0000 0.0000 0.0000 0.0000 0.0000 0.0000 0.0000 0.0000 0.0000 0.0000 0.0000 0.0000 0.0000 0.0000 0.0000 0.0000 0.0000 0.0000 0.0000 0.0000 0.0000 0.0000 0.0000 0.0000 0.0000 0.0000 0.0000 0.0000 0.0000 0.0000 0.0000 0.0000 0.0000 0.0000 0.0000 0.0000 0.0000 0.0000 0.0000 0.0000 0.0000 3.3140 349.2538 346.2822 53.5572 326.2861 343.5678 35.1537 342.5123 351.5080 352.0151 355.0067 350.8022 0.0000 0.0000 0.0000 0.0000 0.0000 0.0000 0.0000 0.0000 0.0000 0.0000 0.0000 0.0000 0.0000 0.0000 0.0000 0.0000 0.0000 0.0000 0.0000 0.0000 0.0000 0.0000 0.0000 0.0000 0.0000 0.0000 0.0000 0.0000 0.0000 0.0000 0.0000 0.0000 0.0000 0.0000 0.0000 0.0000 0.0000 0.0000 0.0000 0.0000 0.0000 0.0000 0.0000 0.0000 0.0000 3.9947 358.4264 7.2440 4.2207 18.5818 1.5949 2.0811 357.8379 355.2385 355.0850 0.1108 359.7888 357.9041 0.8276 356.9574 3.1531 17.0797 5.2215 349.4966 359.1239 0.7943 2.5567 0.0082 359.5543 
-0.0678 0.8663 0.0619 1.0947 358.4424 357.9562 5.5574 351.3325 2.0733 2.4320 359.3624 350.6005 356.1352 3.2043 11.4350 357.7570 2.9095 1.2983 348.3232 8.3963 8.6381 322.7196 5.1321 279.8444 347.4316 326.5994 1.3370 11.3464 357.6795 359.1878 0.0000 0.0000 0.0000 0.0000 0.0000 0.0000 0.0000 0.0000 0.0000 0.0000 0.0000 0.0000 0.0000 0.0000 0.0000 0.0000 0.0000 0.0000 0.0000 0.0000 0.0000 0.0000 0.0000 0.0000 0.0000 0.0000 0.0000 0.0000 0.0000 0.0000 0.0000 0.0000 0.0000 0.0000 0.0000 0.0000 0.0000 0.0000 0.0000 0.0000 0.0000 0.0000 0.0000 0.0000 0.0000 3.2139 349.2777 346.2970 53.1494 326.2732 343.5125 35.7760 342.1241 350.8494 352.0994 354.9931 350.6653 0.0000 0.0000 0.0000 0.0000 0.0000 0.0000 0.0000 0.0000 0.0000 0.0000 0.0000 0.0000 0.0000 0.0000 0.0000 0.0000 0.0000 0.0000 0.0000 0.0000 0.0000 0.0000 0.0000 0.0000 0.0000 0.0000 0.0000 0.0000 0.0000 0.0000 0.0000 0.0000 0.0000 0.0000 0.0000 0.0000 0.0000 0.0000 0.0000 0.0000 0.0000 0.0000 0.0000 0.0000 0.0000 3.9517 358.4184 7.2455 4.1791 18.5843 1.5801 2.0757 357.8438 355.2583 355.0864 0.1081 359.7909 357.8657 0.8612 356.9536 3.0983 17.0691 5.2222 349.4797 359.1226 0.7958 2.5556 0.0083 359.5533 
-0.0682 0.8663 0.0618 1.1643 358.4332 357.9632 5.4986 351.3651 2.0773 2.4116 359.3741 350.6675 356.1139 3.2137 11.4415 357.7224 2.9202 1.2439 348.3263 8.4168 8.6376 322.6295 5.1766 279.7797 347.3090 327.0117 1.2254 11.3441 357.6762 359.1845 0.0000 0.0000 0.0000 0.0000 0.0000 0.0000 0.0000 0.0000 0.0000 0.0000 0.0000 0.0000 0.0000 0.0000 0.0000 0.0000 0.0000 0.0000 0.0000 0.0000 0.0000 0.0000 0.0000 0.0000 0.0000 0.0000 0.0000 0.0000 0.0000 0.0000 0.0000 0.0000 0.0000 0.0000 0.0000 0.0000 0.0000 0.0000 0.0000 0.0000 0.0000 0.0000 0.0000 0.0000 0.0000 3.1522 349.2864 346.3185 52.8644 326.2855 343.4685 36.5724 342.0454 350.2189 352.1658 354.9839 350.4906 0.0000 0.0000 0.0000 0.0000 0.0000 0.0000 0.0000 0.0000 0.0000 0.0000 0.0000 0.0000 0.0000 0.0000 0.0000 0.0000 0.0000 0.0000 0.0000 0.0000 0.0000 0.0000 0.0000 0.0000 0.0000 0.0000 0.0000 0.0000 0.0000 0.0000 0.0000 0.0000 0.0000 0.0000 0.0000 0.0000 0.0000 0.0000 0.0000 0.0000 0.0000 0.0000 0.0000 0.0000 0.0000 3.9223 358.4161 7.2633 4.1227 18.5875 1.5597 2.0640 357.8616 355.2797 355.0890 0.1047 359.7949 357.8397 0.8900 356.9680 3.0767 17.0679 5.2178 349.4774 359.1064 0.8049 2.5531 0.0034 359.5517 
-0.0686 0.8663 0.0618 1.2354 358.4225 357.9704 5.4350 351.3968 2.0782 2.3890 359.3947 350.7358 356.0924 3.2264 11.4490 357.6895 2.9300 1.1906 348.3285 8.4298 8.6368 322.5394 5.2211 279.7151 347.1862 327.4234 1.1132 11.3454 357.6734 359.1733 0.0000 0.0000 0.0000 0.0000 0.0000 0.0000 0.0000 0.0000 0.0000 0.0000 0.0000 0.0000 0.0000 0.0000 0.0000 0.0000 0.0000 0.0000 0.0000 0.0000 0.0000 0.0000 0.0000 0.0000 0.0000 0.0000 0.0000 0.0000 0.0000 0.0000 0.0000 0.0000 0.0000 0.0000 0.0000 0.0000 0.0000 0.0000 0.0000 0.0000 0.0000 0.0000 0.0000 0.0000 0.0000 3.0893 349.2954 346.3400 52.5786 326.2976 343.4244 37.3702 341.9750 349.5869 352.2324 354.9748 350.3157 0.0000 0.0000 0.0000 0.0000 0.0000 0.0000 0.0000 0.0000 0.0000 0.0000 0.0000 0.0000 0.0000 0.0000 0.0000 0.0000 0.0000 0.0000 0.0000 0.0000 0.0000 0.0000 0.0000 0.0000 0.0000 0.0000 0.0000 0.0000 0.0000 0.0000 0.0000 0.0000 0.0000 0.0000 0.0000 0.0000 0.0000 0.0000 0.0000 0.0000 0.0000 0.0000 0.0000 0.0000 0.0000 3.8949 358.4140 7.2809 4.0950 18.5895 1.5496 2.0522 357.8792 355.3011 355.0916 0.1013 359.7990 357.8174 0.9158 356.9829 3.0530 17.0659 5.2134 349.4750 359.0903 0.8140 2.5507 -0.0016 359.5501 
-0.0689 0.8663 0.0618 1.3065 358.4118 357.9776 5.3713 351.4285 2.0791 2.3665 359.4153 350.8042 356.0709 3.2390 11.4566 357.6568 2.9397 1.1374 348.3307 8.4428 8.6361 322.4492 5.2654 279.6504 347.0221 327.8354 1.0242 11.3913 357.6710 359.1596 0.0000 0.0000 0.0000 0.0000 0.0000 0.0000 0.0000 0.0000 0.0000 0.0000 0.0000 0.0000 0.0000 0.0000 0.0000 0.0000 0.0000 0.0000 0.0000 0.0000 0.0000 0.0000 0.0000 0.0000 0.0000 0.0000 0.0000 0.0000 0.0000 0.0000 0.0000 0.0000 0.0000 0.0000 0.0000 0.0000 0.0000 0.0000 0.0000 0.0000 0.0000 0.0000 0.0000 0.0000 0.0000 3.0263 349.3044 346.3616 52.2929 326.3094 343.3802 38.1949 341.9177 348.9766 352.2704 354.9606 350.1014 0.0000 0.0000 0.0000 0.0000 0.0000 0.0000 0.0000 0.0000 0.0000 0.0000 0.0000 0.0000 0.0000 0.0000 0.0000 0.0000 0.0000 0.0000 0.0000 0.0000 0.0000 0.0000 0.0000 0.0000 0.0000 0.0000 0.0000 0.0000 0.0000 0.0000 0.0000 0.0000 0.0000 0.0000 0.0000 0.0000 0.0000 0.0000 0.0000 0.0000 0.0000 0.0000 0.0000 0.0000 0.0000 3.8674 358.4120 7.2986 4.0673 18.5912 1.5395 2.0405 357.8969 355.3225 355.0942 0.0979 359.8029 357.7950 0.9416 356.9977 3.0294 17.0641 5.2090 349.4727 359.0741 0.8231 2.5483 359.9935 359.5486 
-0.0687 0.8662 0.0612 1.3910 358.3983 357.9903 5.3068 351.4123 2.0600 2.3356 359.5011 350.9341 356.0896 3.2278 11.3793 357.6470 2.9797 1.1104 348.3434 8.4118 8.6124 322.3949 5.3117 279.6405 346.9005 328.1848 0.9385 11.3674 357.6667 359.1804 0.0000 0.0000 0.0000 0.0000 0.0000 0.0000 0.0000 0.0000 0.0000 0.0000 0.0000 0.0000 0.0000 0.0000 0.0000 0.0000 0.0000 0.0000 0.0000 0.0000 0.0000 0.0000 0.0000 0.0000 0.0000 0.0000 0.0000 0.0000 0.0000 0.0000 0.0000 0.0000 0.0000 0.0000 0.0000 0.0000 0.0000 0.0000 0.0000 0.0000 0.0000 0.0000 0.0000 0.0000 0.0000 2.9775 349.4403 346.4603 51.8629 326.3809 343.9865 38.5902 341.7892 348.7045 352.2311 354.9643 350.1640 0.0000 0.0000 0.0000 0.0000 0.0000 0.0000 0.0000 0.0000 0.0000 0.0000 0.0000 0.0000 0.0000 0.0000 0.0000 0.0000 0.0000 0.0000 0.0000 0.0000 0.0000 0.0000 0.0000 0.0000 0.0000 0.0000 0.0000 0.0000 0.0000 0.0000 0.0000 0.0000 0.0000 0.0000 0.0000 0.0000 0.0000 0.0000 0.0000 0.0000 0.0000 0.0000 0.0000 0.0000 0.0000 3.8322 358.3827 7.2883 3.9960 18.5962 1.5100 2.0431 357.8868 355.3433 355.0934 0.0918 359.8055 357.7743 0.9372 356.9738 3.0037 17.0609 5.2053 349.4726 359.0495 0.8254 2.5466 359.9901 359.5475 
-0.0685 0.8661 0.0606 1.4712 358.3901 357.9994 5.2418 351.3962 2.0410 2.3032 359.5887 351.0693 356.1126 3.2141 11.3005 357.6370 3.0197 1.0828 348.3552 8.3755 8.5890 322.3356 5.3603 279.6270 346.7786 328.5314 0.8520 11.3451 357.6590 359.1877 0.0000 0.0000 0.0000 0.0000 0.0000 0.0000 0.0000 0.0000 0.0000 0.0000 0.0000 0.0000 0.0000 0.0000 0.0000 0.0000 0.0000 0.0000 0.0000 0.0000 0.0000 0.0000 0.0000 0.0000 0.0000 0.0000 0.0000 0.0000 0.0000 0.0000 0.0000 0.0000 0.0000 0.0000 0.0000 0.0000 0.0000 0.0000 0.0000 0.0000 0.0000 0.0000 0.0000 0.0000 0.0000 2.9234 349.5771 346.5607 51.4350 326.4560 344.5917 38.9865 341.6627 348.4311 352.1918 354.9678 350.2267 0.0000 0.0000 0.0000 0.0000 0.0000 0.0000 0.0000 0.0000 0.0000 0.0000 0.0000 0.0000 0.0000 0.0000 0.0000 0.0000 0.0000 0.0000 0.0000 0.0000 0.0000 0.0000 0.0000 0.0000 0.0000 0.0000 0.0000 0.0000 0.0000 0.0000 0.0000 0.0000 0.0000 0.0000 0.0000 0.0000 0.0000 0.0000 0.0000 0.0000 0.0000 0.0000 0.0000 0.0000 0.0000 3.8168 358.3548 7.2653 3.9632 18.5988 1.4947 2.0457 357.8768 355.3641 355.0926 0.0858 359.8080 357.7571 0.9287 356.9474 2.9653 17.0568 5.1993 349.4728 359.0262 0.8268 2.5449 359.9868 359.5463 
-0.0683 0.8660 0.0600 1.5514 358.3820 358.0085 5.1768 351.3802 2.0219 2.2709 359.6764 351.2046 356.1356 3.2005 11.2217 357.6269 3.0598 1.0553 348.3671 8.3392 8.5656 322.2763 5.4089 279.6134 346.6968 328.8774 0.7423 11.2784 357.6508 359.1973 0.0000 0.0000 0.0000 0.0000 0.0000 0.0000 0.0000 0.0000 0.0000 0.0000 0.0000 0.0000 0.0000 0.0000 0.0000 0.0000 0.0000 0.0000 0.0000 0.0000 0.0000 0.0000 0.0000 0.0000 0.0000 0.0000 0.0000 0.0000 0.0000 0.0000 0.0000 0.0000 0.0000 0.0000 0.0000 0.0000 0.0000 0.0000 0.0000 0.0000 0.0000 0.0000 0.0000 0.0000 0.0000 2.8695 349.7139 346.6610 51.0084 326.5349 345.1956 39.3576 341.5325 348.1344 352.1816 354.9768 350.3282 0.0000 0.0000 0.0000 0.0000 0.0000 0.0000 0.0000 0.0000 0.0000 0.0000 0.0000 0.0000 0.0000 0.0000 0.0000 0.0000 0.0000 0.0000 0.0000 0.0000 0.0000 0.0000 0.0000 0.0000 0.0000 0.0000 0.0000 0.0000 0.0000 0.0000 0.0000 0.0000 0.0000 0.0000 0.0000 0.0000 0.0000 0.0000 0.0000 0.0000 0.0000 0.0000 0.0000 0.0000 0.0000 3.8013 358.3269 7.2423 3.9303 18.6014 1.4793 2.0484 357.8668 355.3848 355.0918 0.0797 359.8106 357.7399 0.9202 356.9212 2.9269 17.0527 5.1933 349.4729 359.0030 0.8282 2.5432 359.9834 359.5452 
-0.0685 0.8660 0.0596 1.5244 358.3224 358.0405 5.0904 351.3812 2.0158 2.2298 359.7486 351.4047 356.1732 3.1966 11.1246 357.6483 3.0872 0.9845 348.3312 8.2711 8.5523 322.1846 5.3211 279.8167 346.5859 329.1881 0.7063 11.3032 357.6403 359.2567 0.0000 0.0000 0.0000 0.0000 0.0000 0.0000 0.0000 0.0000 0.0000 0.0000 0.0000 0.0000 0.0000 0.0000 0.0000 0.0000 0.0000 0.0000 0.0000 0.0000 0.0000 0.0000 0.0000 0.0000 0.0000 0.0000 0.0000 0.0000 0.0000 0.0000 0.0000 0.0000 0.0000 0.0000 0.0000 0.0000 0.0000 0.0000 0.0000 0.0000 0.0000 0.0000 0.0000 0.0000 0.0000 2.9156 349.8391 346.7848 50.8117 326.3346 345.7181 41.5545 341.9315 346.7739 352.1961 354.9536 350.0614 0.0000 0.0000 0.0000 0.0000 0.0000 0.0000 0.0000 0.0000 0.0000 0.0000 0.0000 0.0000 0.0000 0.0000 0.0000 0.0000 0.0000 0.0000 0.0000 0.0000 0.0000 0.0000 0.0000 0.0000 0.0000 0.0000 0.0000 0.0000 0.0000 0.0000 0.0000 0.0000 0.0000 0.0000 0.0000 0.0000 0.0000 0.0000 0.0000 0.0000 0.0000 0.0000 0.0000 0.0000 0.0000 3.7949 358.3065 7.2183 3.9350 18.6012 1.4826 2.0428 357.8755 355.3898 355.0947 0.0692 359.8132 357.7334 0.9252 356.9041 2.9597 17.0519 5.2056 349.4685 358.9884 0.8228 2.5422 359.9827 359.5440 
-0.0686 0.8660 0.0592 1.5071 358.2834 358.0497 5.0069 351.3829 2.0106 2.1890 359.8208 351.6046 356.2107 3.1929 11.0281 357.6684 3.1196 0.9102 348.2961 8.2006 8.5375 322.0894 5.2362 280.0193 346.5149 329.4991 0.6471 11.2838 357.6294 359.3184 0.0000 0.0000 0.0000 0.0000 0.0000 0.0000 0.0000 0.0000 0.0000 0.0000 0.0000 0.0000 0.0000 0.0000 0.0000 0.0000 0.0000 0.0000 0.0000 0.0000 0.0000 0.0000 0.0000 0.0000 0.0000 0.0000 0.0000 0.0000 0.0000 0.0000 0.0000 0.0000 0.0000 0.0000 0.0000 0.0000 0.0000 0.0000 0.0000 0.0000 0.0000 0.0000 0.0000 0.0000 0.0000 2.9616 349.9650 346.9093 50.6120 326.1358 346.2431 43.7095 342.3745 345.4113 352.2412 354.9356 349.8313 0.0000 0.0000 0.0000 0.0000 0.0000 0.0000 0.0000 0.0000 0.0000 0.0000 0.0000 0.0000 0.0000 0.0000 0.0000 0.0000 0.0000 0.0000 0.0000 0.0000 0.0000 0.0000 0.0000 0.0000 0.0000 0.0000 0.0000 0.0000 0.0000 0.0000 0.0000 0.0000 0.0000 0.0000 0.0000 0.0000 0.0000 0.0000 0.0000 0.0000 0.0000 0.0000 0.0000 0.0000 0.0000 3.8068 358.3192 7.2215 3.9397 18.6009 1.4860 2.0372 357.8843 355.3947 355.0977 0.0588 359.8158 357.7381 0.9356 356.9039 2.9611 17.0479 5.2130 349.4640 358.9737 0.8173 2.5413 359.9821 359.5428 
-0.0688 0.8659 0.0587 1.4898 358.2444 358.0589 4.9234 351.3845 2.0054 2.1485 359.8931 351.8045 356.2482 3.1892 10.9316 357.6884 3.1520 0.8360 348.2610 8.1302 8.5228 321.9939 5.1516 280.2220 346.4438 329.8102 0.5877 11.2644 357.6184 359.3800 0.0000 0.0000 0.0000 0.0000 0.0000 0.0000 0.0000 0.0000 0.0000 0.0000 0.0000 0.0000 0.0000 0.0000 0.0000 0.0000 0.0000 0.0000 0.0000 0.0000 0.0000 0.0000 0.0000 0.0000 0.0000 0.0000 0.0000 0.0000 0.0000 0.0000 0.0000 0.0000 0.0000 0.0000 0.0000 0.0000 0.0000 0.0000 0.0000 0.0000 0.0000 0.0000 0.0000 0.0000 0.0000 3.0079 350.0908 347.0339 50.4097 325.9386 346.7701 45.8475 342.8657 344.0708 352.2864 354.9177 349.6011 0.0000 0.0000 0.0000 0.0000 0.0000 0.0000 0.0000 0.0000 0.0000 0.0000 0.0000 0.0000 0.0000 0.0000 0.0000 0.0000 0.0000 0.0000 0.0000 0.0000 0.0000 0.0000 0.0000 0.0000 0.0000 0.0000 0.0000 0.0000 0.0000 0.0000 0.0000 0.0000 0.0000 0.0000 0.0000 0.0000 0.0000 0.0000 0.0000 0.0000 0.0000 0.0000 0.0000 0.0000 0.0000 3.8187 358.3317 7.2246 3.9444 18.6006 1.4893 2.0317 357.8931 355.3997 355.1006 0.0484 359.8184 357.7427 0.9461 356.9038 2.9624 17.0436 5.2204 349.4596 358.9592 0.8118 2.5404 359.9814 359.5417 
-0.0689 0.8659 0.0582 1.4785 358.1909 358.0889 4.8328 351.3670 1.9875 2.0947 359.9865 352.0566 356.2791 3.1269 10.7825 357.7025 3.2116 0.7749 348.2135 8.0064 8.4831 321.8694 5.0412 280.5307 346.3272 330.1525 0.4974 11.2279 357.6004 359.4608 0.0000 0.0000 0.0000 0.0000 0.0000 0.0000 0.0000 0.0000 0.0000 0.0000 0.0000 0.0000 0.0000 0.0000 0.0000 0.0000 0.0000 0.0000 0.0000 0.0000 0.0000 0.0000 0.0000 0.0000 0.0000 0.0000 0.0000 0.0000 0.0000 0.0000 0.0000 0.0000 0.0000 0.0000 0.0000 0.0000 0.0000 0.0000 0.0000 0.0000 0.0000 0.0000 0.0000 0.0000 0.0000 3.0796 350.2872 347.2276 50.0372 325.7661 347.8573 47.8492 343.4431 343.0482 352.2700 354.8974 349.4655 0.0000 0.0000 0.0000 0.0000 0.0000 0.0000 0.0000 0.0000 0.0000 0.0000 0.0000 0.0000 0.0000 0.0000 0.0000 0.0000 0.0000 0.0000 0.0000 0.0000 0.0000 0.0000 0.0000 0.0000 0.0000 0.0000 0.0000 0.0000 0.0000 0.0000 0.0000 0.0000 0.0000 0.0000 0.0000 0.0000 0.0000 0.0000 0.0000 0.0000 0.0000 0.0000 0.0000 0.0000 0.0000 3.8188 358.3421 7.1970 3.9239 18.6041 1.4713 2.0419 357.9170 355.4523 355.0980 0.0418 359.8203 357.7326 0.9492 356.8795 2.9605 17.0482 5.2172 349.4663 358.9478 0.8343 2.5374 359.9786 359.5401 
-0.0689 0.8659 0.0577 1.4701 358.1470 358.1167 4.7419 351.3495 1.9696 2.0417 0.0793 352.3066 356.3096 3.0646 10.6347 357.7159 3.2701 0.7162 348.1671 7.8843 8.4438 321.7444 4.9315 280.8395 346.2104 330.4948 0.4065 11.1912 357.5824 359.5419 0.0000 0.0000 0.0000 0.0000 0.0000 0.0000 0.0000 0.0000 0.0000 0.0000 0.0000 0.0000 0.0000 0.0000 0.0000 0.0000 0.0000 0.0000 0.0000 0.0000 0.0000 0.0000 0.0000 0.0000 0.0000 0.0000 0.0000 0.0000 0.0000 0.0000 0.0000 0.0000 0.0000 0.0000 0.0000 0.0000 0.0000 0.0000 0.0000 0.0000 0.0000 0.0000 0.0000 0.0000 0.0000 3.1517 350.4827 347.4207 49.6599 325.5994 348.9481 49.8338 344.0540 342.0504 352.2536 354.8771 349.3307 0.0000 0.0000 0.0000 0.0000 0.0000 0.0000 0.0000 0.0000 0.0000 0.0000 0.0000 0.0000 0.0000 0.0000 0.0000 0.0000 0.0000 0.0000 0.0000 0.0000 0.0000 0.0000 0.0000 0.0000 0.0000 0.0000 0.0000 0.0000 0.0000 0.0000 0.0000 0.0000 0.0000 0.0000 0.0000 0.0000 0.0000 0.0000 0.0000 0.0000 0.0000 0.0000 0.0000 0.0000 0.0000 3.8188 358.3524 7.1694 3.9035 18.6078 1.4532 2.0521 357.9408 355.5049 355.0954 0.0352 359.8222 357.7224 0.9524 356.8552 2.9586 17.0526 5.2140 349.4730 358.9365 0.8569 2.5344 359.9758 359.5385 
-0.0689 0.8659 0.0572 1.4616 358.1031 358.1445 4.6509 351.3319 1.9517 1.9892 0.1723 352.5565 356.3403 3.0025 10.4869 357.7292 3.3286 0.6576 348.1207 7.7623 8.4047 321.6188 4.8224 281.1485 346.0934 330.8370 0.3150 11.1545 357.5645 359.6230 0.0000 0.0000 0.0000 0.0000 0.0000 0.0000 0.0000 0.0000 0.0000 0.0000 0.0000 0.0000 0.0000 0.0000 0.0000 0.0000 0.0000 0.0000 0.0000 0.0000 0.0000 0.0000 0.0000 0.0000 0.0000 0.0000 0.0000 0.0000 0.0000 0.0000 0.0000 0.0000 0.0000 0.0000 0.0000 0.0000 0.0000 0.0000 0.0000 0.0000 0.0000 0.0000 0.0000 0.0000 0.0000 3.2243 350.6780 347.6141 49.2781 325.4387 350.0423 51.8011 344.6977 341.0784 352.2372 354.8566 349.1960 0.0000 0.0000 0.0000 0.0000 0.0000 0.0000 0.0000 0.0000 0.0000 0.0000 0.0000 0.0000 0.0000 0.0000 0.0000 0.0000 0.0000 0.0000 0.0000 0.0000 0.0000 0.0000 0.0000 0.0000 0.0000 0.0000 0.0000 0.0000 0.0000 0.0000 0.0000 0.0000 0.0000 0.0000 0.0000 0.0000 0.0000 0.0000 0.0000 0.0000 0.0000 0.0000 0.0000 0.0000 0.0000 3.8189 358.3628 7.1418 3.8830 18.6114 1.4352 2.0624 357.9646 355.5575 355.0928 0.0286 359.8242 357.7122 0.9557 356.8309 2.9567 17.0569 5.2107 349.4798 358.9253 0.8795 2.5314 359.9730 359.5369 
-0.0685 0.8659 0.0566 1.4619 358.0414 358.1672 4.5316 351.3301 1.9285 1.9274 0.2610 352.8188 356.4133 2.9479 10.2958 357.7617 3.3485 0.6197 348.1242 7.4745 8.3904 322.0658 4.3010 282.4805 346.0442 330.8911 0.3040 11.0600 357.5309 359.7718 0.0000 0.0000 0.0000 0.0000 0.0000 0.0000 0.0000 0.0000 0.0000 0.0000 0.0000 0.0000 0.0000 0.0000 0.0000 0.0000 0.0000 0.0000 0.0000 0.0000 0.0000 0.0000 0.0000 0.0000 0.0000 0.0000 0.0000 0.0000 0.0000 0.0000 0.0000 0.0000 0.0000 0.0000 0.0000 0.0000 0.0000 0.0000 0.0000 0.0000 0.0000 0.0000 0.0000 0.0000 0.0000 3.2577 350.9458 347.8853 48.3504 325.4177 351.6150 54.5129 345.5626 340.0243 352.2418 354.8070 349.0071 0.0000 0.0000 0.0000 0.0000 0.0000 0.0000 0.0000 0.0000 0.0000 0.0000 0.0000 0.0000 0.0000 0.0000 0.0000 0.0000 0.0000 0.0000 0.0000 0.0000 0.0000 0.0000 0.0000 0.0000 0.0000 0.0000 0.0000 0.0000 0.0000 0.0000 0.0000 0.0000 0.0000 0.0000 0.0000 0.0000 0.0000 0.0000 0.0000 0.0000 0.0000 0.0000 0.0000 0.0000 0.0000 3.8423 358.3795 7.1008 3.8918 18.6098 1.4453 2.0685 357.9594 355.5443 355.0923 0.0283 359.8275 357.7094 0.9679 356.7622 2.9798 17.0627 5.2155 349.4869 358.9310 0.8928 2.5307 359.9660 359.5366 
-0.0681 0.8659 0.0560 1.4554 357.9817 358.1885 4.4083 351.3275 1.9045 1.8662 0.3497 353.0803 356.4861 2.8943 10.1065 357.7935 3.3652 0.5852 348.1273 7.1850 8.3757 322.5003 3.7695 283.8073 345.9950 330.9452 0.2930 10.9642 357.4969 359.9236 0.0000 0.0000 0.0000 0.0000 0.0000 0.0000 0.0000 0.0000 0.0000 0.0000 0.0000 0.0000 0.0000 0.0000 0.0000 0.0000 0.0000 0.0000 0.0000 0.0000 0.0000 0.0000 0.0000 0.0000 0.0000 0.0000 0.0000 0.0000 0.0000 0.0000 0.0000 0.0000 0.0000 0.0000 0.0000 0.0000 0.0000 0.0000 0.0000 0.0000 0.0000 0.0000 0.0000 0.0000 0.0000 3.2924 351.2133 348.1564 47.4223 325.4177 353.1879 57.1975 346.4743 339.0186 352.2465 354.7573 348.8171 0.0000 0.0000 0.0000 0.0000 0.0000 0.0000 0.0000 0.0000 0.0000 0.0000 0.0000 0.0000 0.0000 0.0000 0.0000 0.0000 0.0000 0.0000 0.0000 0.0000 0.0000 0.0000 0.0000 0.0000 0.0000 0.0000 0.0000 0.0000 0.0000 0.0000 0.0000 0.0000 0.0000 0.0000 0.0000 0.0000 0.0000 0.0000 0.0000 0.0000 0.0000 0.0000 0.0000 0.0000 0.0000 3.8658 358.3988 7.0531 3.8821 18.6113 1.4391 2.0803 357.9676 355.5604 355.0918 0.0279 359.8309 357.7130 0.9782 356.7090 3.0028 17.0681 5.2202 349.4940 358.9369 0.9060 2.5301 359.9590 359.5363 
-0.0676 0.8659 0.0554 1.4489 357.9221 358.2098 4.2849 351.3248 1.8805 1.8053 0.4387 353.3417 356.5591 2.8410 9.9172 357.8253 3.3818 0.5506 348.1303 6.8956 8.3609 322.9222 3.2281 285.1292 345.9458 330.9992 0.2819 10.8681 357.4632 0.0755 0.0000 0.0000 0.0000 0.0000 0.0000 0.0000 0.0000 0.0000 0.0000 0.0000 0.0000 0.0000 0.0000 0.0000 0.0000 0.0000 0.0000 0.0000 0.0000 0.0000 0.0000 0.0000 0.0000 0.0000 0.0000 0.0000 0.0000 0.0000 0.0000 0.0000 0.0000 0.0000 0.0000 0.0000 0.0000 0.0000 0.0000 0.0000 0.0000 0.0000 0.0000 0.0000 0.0000 0.0000 0.0000 3.3283 351.4807 348.4276 46.4946 325.4387 354.7604 59.8555 347.4304 338.0627 352.2514 354.7076 348.6272 0.0000 0.0000 0.0000 0.0000 0.0000 0.0000 0.0000 0.0000 0.0000 0.0000 0.0000 0.0000 0.0000 0.0000 0.0000 0.0000 0.0000 0.0000 0.0000 0.0000 0.0000 0.0000 0.0000 0.0000 0.0000 0.0000 0.0000 0.0000 0.0000 0.0000 0.0000 0.0000 0.0000 0.0000 0.0000 0.0000 0.0000 0.0000 0.0000 0.0000 0.0000 0.0000 0.0000 0.0000 0.0000 3.8892 358.4180 7.0054 3.8723 18.6130 1.4330 2.0921 357.9756 355.5765 355.0913 0.0276 359.8343 357.7166 0.9883 356.6558 3.0259 17.0740 5.2250 349.5011 358.9425 0.9193 2.5295 359.9520 359.5360 
-0.0672 0.8658 0.0547 1.4580 357.8355 358.2472 4.1788 351.3014 1.8569 1.7467 0.5206 353.6043 356.6208 2.8276 9.6747 357.8670 3.4239 0.5067 348.0485 6.4911 8.3720 323.5087 2.2219 286.7277 345.6694 331.3108 0.2458 10.7559 357.4062 0.3815 0.0000 0.0000 0.0000 0.0000 0.0000 0.0000 0.0000 0.0000 0.0000 0.0000 0.0000 0.0000 0.0000 0.0000 0.0000 0.0000 0.0000 0.0000 0.0000 0.0000 0.0000 0.0000 0.0000 0.0000 0.0000 0.0000 0.0000 0.0000 0.0000 0.0000 0.0000 0.0000 0.0000 0.0000 0.0000 0.0000 0.0000 0.0000 0.0000 0.0000 0.0000 0.0000 0.0000 0.0000 0.0000 3.4736 351.7174 348.6971 45.6578 325.4194 356.4777 60.4643 347.9376 337.5156 352.1938 354.6477 348.3773 0.0000 0.0000 0.0000 0.0000 0.0000 0.0000 0.0000 0.0000 0.0000 0.0000 0.0000 0.0000 0.0000 0.0000 0.0000 0.0000 0.0000 0.0000 0.0000 0.0000 0.0000 0.0000 0.0000 0.0000 0.0000 0.0000 0.0000 0.0000 0.0000 0.0000 0.0000 0.0000 0.0000 0.0000 0.0000 0.0000 0.0000 0.0000 0.0000 0.0000 0.0000 0.0000 0.0000 0.0000 0.0000 3.8959 358.4530 6.9420 3.8623 18.6150 1.4209 2.0956 357.9835 355.5929 355.0885 0.0231 359.8375 357.7039 1.0157 356.5752 3.0760 17.0936 5.2223 349.5219 358.9458 0.9444 2.5267 359.9391 359.5361 
-0.0668 0.8658 0.0539 1.4654 357.7523 358.2834 4.0723 351.2779 1.8333 1.6879 0.6035 353.8687 356.6826 2.8145 9.4321 357.9052 3.4641 0.4665 347.9666 6.0873 8.3836 324.0666 1.1997 288.3150 345.3962 331.6186 0.2088 10.6433 357.3497 0.6878 0.0000 0.0000 0.0000 0.0000 0.0000 0.0000 0.0000 0.0000 0.0000 0.0000 0.0000 0.0000 0.0000 0.0000 0.0000 0.0000 0.0000 0.0000 0.0000 0.0000 0.0000 0.0000 0.0000 0.0000 0.0000 0.0000 0.0000 0.0000 0.0000 0.0000 0.0000 0.0000 0.0000 0.0000 0.0000 0.0000 0.0000 0.0000 0.0000 0.0000 0.0000 0.0000 0.0000 0.0000 0.0000 3.6199 351.9533 348.9669 44.8203 325.4209 358.1956 61.0672 348.4504 336.9752 352.1365 354.5876 348.1272 0.0000 0.0000 0.0000 0.0000 0.0000 0.0000 0.0000 0.0000 0.0000 0.0000 0.0000 0.0000 0.0000 0.0000 0.0000 0.0000 0.0000 0.0000 0.0000 0.0000 0.0000 0.0000 0.0000 0.0000 0.0000 0.0000 0.0000 0.0000 0.0000 0.0000 0.0000 0.0000 0.0000 0.0000 0.0000 0.0000 0.0000 0.0000 0.0000 0.0000 0.0000 0.0000 0.0000 0.0000 0.0000 3.8982 358.4844 6.8871 3.8522 18.6172 1.4088 2.0991 357.9913 355.6094 355.0857 0.0185 359.8406 357.6902 1.0399 356.5109 3.0887 17.1042 5.2119 349.5428 358.9491 0.9695 2.5240 359.9262 359.5362 
-0.0664 0.8658 0.0532 1.4727 357.6691 358.3195 3.9658 351.2544 1.8096 1.6296 0.6866 354.1330 356.7445 2.8016 9.1894 357.9434 3.5044 0.4264 347.8847 5.6835 8.3958 324.5959 0.1626 289.8920 345.1237 331.9262 0.1701 10.5303 357.2939 0.9941 0.0000 0.0000 0.0000 0.0000 0.0000 0.0000 0.0000 0.0000 0.0000 0.0000 0.0000 0.0000 0.0000 0.0000 0.0000 0.0000 0.0000 0.0000 0.0000 0.0000 0.0000 0.0000 0.0000 0.0000 0.0000 0.0000 0.0000 0.0000 0.0000 0.0000 0.0000 0.0000 0.0000 0.0000 0.0000 0.0000 0.0000 0.0000 0.0000 0.0000 0.0000 0.0000 0.0000 0.0000 0.0000 3.7673 352.1885 349.2372 43.9833 325.4431 359.9131 61.6643 348.9687 336.4417 352.0796 354.5272 347.8769 0.0000 0.0000 0.0000 0.0000 0.0000 0.0000 0.0000 0.0000 0.0000 0.0000 0.0000 0.0000 0.0000 0.0000 0.0000 0.0000 0.0000 0.0000 0.0000 0.0000 0.0000 0.0000 0.0000 0.0000 0.0000 0.0000 0.0000 0.0000 0.0000 0.0000 0.0000 0.0000 0.0000 0.0000 0.0000 0.0000 0.0000 0.0000 0.0000 0.0000 0.0000 0.0000 0.0000 0.0000 0.0000 3.9006 358.5159 6.8322 3.8422 18.6194 1.3968 2.1026 357.9991 355.6259 355.0829 0.0140 359.8438 357.6763 1.0641 356.4467 3.1014 17.1149 5.2015 349.5636 358.9523 0.9946 2.5212 359.9133 359.5362 
-0.0663 0.8658 0.0526 1.5104 357.5817 358.3529 3.8649 351.2234 1.7943 1.5848 0.7280 354.4130 356.7813 2.8354 8.9816 357.9704 3.5708 0.3879 347.7476 5.2740 8.4092 325.2411 358.8991 291.4439 344.5897 331.9826 0.2393 10.3785 357.2283 1.4786 0.0000 0.0000 0.0000 0.0000 0.0000 0.0000 0.0000 0.0000 0.0000 0.0000 0.0000 0.0000 0.0000 0.0000 0.0000 0.0000 0.0000 0.0000 0.0000 0.0000 0.0000 0.0000 0.0000 0.0000 0.0000 0.0000 0.0000 0.0000 0.0000 0.0000 0.0000 0.0000 0.0000 0.0000 0.0000 0.0000 0.0000 0.0000 0.0000 0.0000 0.0000 0.0000 0.0000 0.0000 0.0000 3.9271 352.3653 349.4609 43.7826 325.3492 1.1655 62.6482 349.3446 335.9639 352.0536 354.4583 347.6450 0.0000 0.0000 0.0000 0.0000 0.0000 0.0000 0.0000 0.0000 0.0000 0.0000 0.0000 0.0000 0.0000 0.0000 0.0000 0.0000 0.0000 0.0000 0.0000 0.0000 0.0000 0.0000 0.0000 0.0000 0.0000 0.0000 0.0000 0.0000 0.0000 0.0000 0.0000 0.0000 0.0000 0.0000 0.0000 0.0000 0.0000 0.0000 0.0000 0.0000 0.0000 0.0000 0.0000 0.0000 0.0000 3.8995 358.5540 6.8055 3.7616 18.6307 1.3300 2.1164 358.0592 355.7412 355.0790 0.0142 359.8467 357.6511 1.1083 356.4003 3.0986 17.1231 5.1943 349.5639 358.9442 1.0225 2.5226 359.9254 359.5366 
-0.0663 0.8658 0.0520 1.5406 357.4955 358.3858 3.7633 351.1921 1.7788 1.5400 0.7698 354.6935 356.8180 2.8694 8.7742 357.9974 3.6373 0.3492 347.6104 4.8646 8.4236 325.8522 357.6188 292.9825 344.0565 332.0388 0.3078 10.2259 357.1639 1.9637 0.0000 0.0000 0.0000 0.0000 0.0000 0.0000 0.0000 0.0000 0.0000 0.0000 0.0000 0.0000 0.0000 0.0000 0.0000 0.0000 0.0000 0.0000 0.0000 0.0000 0.0000 0.0000 0.0000 0.0000 0.0000 0.0000 0.0000 0.0000 0.0000 0.0000 0.0000 0.0000 0.0000 0.0000 0.0000 0.0000 0.0000 0.0000 0.0000 0.0000 0.0000 0.0000 0.0000 0.0000 0.0000 4.0876 352.5416 349.6851 43.5793 325.2590 2.4195 63.6282 349.7288 335.4936 352.0281 354.3893 347.4133 0.0000 0.0000 0.0000 0.0000 0.0000 0.0000 0.0000 0.0000 0.0000 0.0000 0.0000 0.0000 0.0000 0.0000 0.0000 0.0000 0.0000 0.0000 0.0000 0.0000 0.0000 0.0000 0.0000 0.0000 0.0000 0.0000 0.0000 0.0000 0.0000 0.0000 0.0000 0.0000 0.0000 0.0000 0.0000 0.0000 0.0000 0.0000 0.0000 0.0000 0.0000 0.0000 0.0000 0.0000 0.0000 3.8984 358.5906 6.7816 3.7168 18.6343 1.3060 2.1118 358.0785 355.7701 355.0752 0.0144 359.8497 357.6283 1.1483 356.3653 3.0958 17.1314 5.1872 349.5643 358.9360 1.0503 2.5203 359.9206 359.5370 
-0.0663 0.8658 0.0514 1.5707 357.4093 358.4187 3.6618 351.1609 1.7634 1.4954 0.8118 354.9740 356.8545 2.9035 8.5668 358.0244 3.7039 0.3106 347.4733 4.4553 8.4389 326.4294 356.3227 294.5091 343.5239 332.0955 0.3755 10.0726 357.1008 2.4488 0.0000 0.0000 0.0000 0.0000 0.0000 0.0000 0.0000 0.0000 0.0000 0.0000 0.0000 0.0000 0.0000 0.0000 0.0000 0.0000 0.0000 0.0000 0.0000 0.0000 0.0000 0.0000 0.0000 0.0000 0.0000 0.0000 0.0000 0.0000 0.0000 0.0000 0.0000 0.0000 0.0000 0.0000 0.0000 0.0000 0.0000 0.0000 0.0000 0.0000 0.0000 0.0000 0.0000 0.0000 0.0000 4.2488 352.7173 349.9096 43.3735 325.1725 3.6751 64.6041 350.1207 335.0312 352.0030 354.3203 347.1815 0.0000 0.0000 0.0000 0.0000 0.0000 0.0000 0.0000 0.0000 0.0000 0.0000 0.0000 0.0000 0.0000 0.0000 0.0000 0.0000 0.0000 0.0000 0.0000 0.0000 0.0000 0.0000 0.0000 0.0000 0.0000 0.0000 0.0000 0.0000 0.0000 0.0000 0.0000 0.0000 0.0000 0.0000 0.0000 0.0000 0.0000 0.0000 0.0000 0.0000 0.0000 0.0000 0.0000 0.0000 0.0000 3.8971 358.6270 6.7576 3.6719 18.6382 1.2821 2.1071 358.0977 355.7990 355.0713 0.0146 359.8526 357.6055 1.1882 356.3304 3.0930 17.1397 5.1801 349.5646 358.9278 1.0782 2.5180 359.9158 359.5374 
-0.0662 0.8658 0.0513 1.6124 357.3035 358.4547 3.5722 351.1326 1.7144 1.4543 0.8956 355.3362 356.9561 2.9319 8.3019 358.0819 3.7513 0.3023 347.3230 4.0369 8.4794 327.2249 355.4027 296.1035 343.5437 331.8314 0.5485 9.9724 357.0540 2.8549 0.0000 0.0000 0.0000 0.0000 0.0000 0.0000 0.0000 0.0000 0.0000 0.0000 0.0000 0.0000 0.0000 0.0000 0.0000 0.0000 0.0000 0.0000 0.0000 0.0000 0.0000 0.0000 0.0000 0.0000 0.0000 0.0000 0.0000 0.0000 0.0000 0.0000 0.0000 0.0000 0.0000 0.0000 0.0000 0.0000 0.0000 0.0000 0.0000 0.0000 0.0000 0.0000 0.0000 0.0000 0.0000 4.3419 353.0422 350.2259 42.6350 325.5396 5.5720 64.9526 350.5573 335.0770 351.9823 354.2791 347.0967 0.0000 0.0000 0.0000 0.0000 0.0000 0.0000 0.0000 0.0000 0.0000 0.0000 0.0000 0.0000 0.0000 0.0000 0.0000 0.0000 0.0000 0.0000 0.0000 0.0000 0.0000 0.0000 0.0000 0.0000 0.0000 0.0000 0.0000 0.0000 0.0000 0.0000 0.0000 0.0000 0.0000 0.0000 0.0000 0.0000 0.0000 0.0000 0.0000 0.0000 0.0000 0.0000 0.0000 0.0000 0.0000 3.9151 358.7210 6.7266 3.6316 18.6412 1.2643 2.0872 358.1476 355.8494 355.0585 0.0124 359.8548 357.5745 1.2937 356.2737 3.1048 17.1487 5.1877 349.5517 358.9110 1.0925 2.5160 359.9099 359.5374 
-0.0662 0.8658 0.0511 1.6481 357.1983 358.4905 3.4828 351.1043 1.6655 1.4138 0.9797 355.6986 357.0575 2.9606 8.0377 358.1391 3.7979 0.2944 347.1729 3.6197 8.5210 327.9956 354.4612 297.6873 343.5345 331.5676 0.7266 9.9031 357.0058 3.2725 0.0000 0.0000 0.0000 0.0000 0.0000 0.0000 0.0000 0.0000 0.0000 0.0000 0.0000 0.0000 0.0000 0.0000 0.0000 0.0000 0.0000 0.0000 0.0000 0.0000 0.0000 0.0000 0.0000 0.0000 0.0000 0.0000 0.0000 0.0000 0.0000 0.0000 0.0000 0.0000 0.0000 0.0000 0.0000 0.0000 0.0000 0.0000 0.0000 0.0000 0.0000 0.0000 0.0000 0.0000 0.0000 4.4368 353.3665 350.5424 41.9149 325.9264 7.4541 65.3216 351.0030 335.1556 351.9379 354.2320 346.9700 0.0000 0.0000 0.0000 0.0000 0.0000 0.0000 0.0000 0.0000 0.0000 0.0000 0.0000 0.0000 0.0000 0.0000 0.0000 0.0000 0.0000 0.0000 0.0000 0.0000 0.0000 0.0000 0.0000 0.0000 0.0000 0.0000 0.0000 0.0000 0.0000 0.0000 0.0000 0.0000 0.0000 0.0000 0.0000 0.0000 0.0000 0.0000 0.0000 0.0000 0.0000 0.0000 0.0000 0.0000 0.0000 3.9331 358.8093 6.6992 3.5978 18.6442 1.2500 2.0734 358.1712 355.8607 355.0457 0.0101 359.8569 357.5505 1.3869 356.2278 3.1165 17.1575 5.1953 349.5388 358.8944 1.1067 2.5141 359.9041 359.5374 
-0.0662 0.8658 0.0510 1.6837 357.0931 358.5263 3.3935 351.0760 1.6166 1.3738 1.0640 356.0610 357.1587 2.9898 7.7736 358.1963 3.8445 0.2866 347.0225 3.2026 8.5636 328.7411 353.4988 299.2609 343.5529 331.3034 0.8992 9.8016 356.9601 3.6805 0.0000 0.0000 0.0000 0.0000 0.0000 0.0000 0.0000 0.0000 0.0000 0.0000 0.0000 0.0000 0.0000 0.0000 0.0000 0.0000 0.0000 0.0000 0.0000 0.0000 0.0000 0.0000 0.0000 0.0000 0.0000 0.0000 0.0000 0.0000 0.0000 0.0000 0.0000 0.0000 0.0000 0.0000 0.0000 0.0000 0.0000 0.0000 0.0000 0.0000 0.0000 0.0000 0.0000 0.0000 0.0000 4.5333 353.6902 350.8592 41.2138 326.3326 9.3216 65.6703 351.4393 335.2074 351.9174 354.1907 346.8854 0.0000 0.0000 0.0000 0.0000 0.0000 0.0000 0.0000 0.0000 0.0000 0.0000 0.0000 0.0000 0.0000 0.0000 0.0000 0.0000 0.0000 0.0000 0.0000 0.0000 0.0000 0.0000 0.0000 0.0000 0.0000 0.0000 0.0000 0.0000 0.0000 0.0000 0.0000 0.0000 0.0000 0.0000 0.0000 0.0000 0.0000 0.0000 0.0000 0.0000 0.0000 0.0000 0.0000 0.0000 0.0000 3.9512 358.8977 6.6718 3.5641 18.6469 1.2357 2.0597 358.1949 355.8721 355.0329 0.0079 359.8590 357.5265 1.4799 356.1819 3.1283 17.1666 5.2030 349.5260 358.8776 1.1210 2.5121 359.8982 359.5374 
-0.0657 0.8658 0.0505 1.6726 356.9741 358.5406 3.2329 351.0216 1.5323 1.3155 1.1216 356.4804 357.2442 3.0176 7.4995 358.2433 3.9230 0.2709 346.8423 2.8007 8.6169 328.6363 352.1053 300.7611 343.0124 331.3083 0.9879 9.6879 356.9138 4.0924 0.0000 0.0000 0.0000 0.0000 0.0000 0.0000 0.0000 0.0000 0.0000 0.0000 0.0000 0.0000 0.0000 0.0000 0.0000 0.0000 0.0000 0.0000 0.0000 0.0000 0.0000 0.0000 0.0000 0.0000 0.0000 0.0000 0.0000 0.0000 0.0000 0.0000 0.0000 0.0000 0.0000 0.0000 0.0000 0.0000 0.0000 0.0000 0.0000 0.0000 0.0000 0.0000 0.0000 0.0000 0.0000 4.6361 354.0293 351.1914 40.8469 326.7239 11.2946 65.4802 351.3944 335.1928 351.9341 354.1425 346.7469 0.0000 0.0000 0.0000 0.0000 0.0000 0.0000 0.0000 0.0000 0.0000 0.0000 0.0000 0.0000 0.0000 0.0000 0.0000 0.0000 0.0000 0.0000 0.0000 0.0000 0.0000 0.0000 0.0000 0.0000 0.0000 0.0000 0.0000 0.0000 0.0000 0.0000 0.0000 0.0000 0.0000 0.0000 0.0000 0.0000 0.0000 0.0000 0.0000 0.0000 0.0000 0.0000 0.0000 0.0000 0.0000 3.9542 358.9886 6.6394 3.5511 18.6479 1.2278 2.0719 358.1897 355.9066 355.0491 0.0143 359.8658 357.5259 1.5631 356.1297 3.1436 17.1677 5.2075 349.5217 358.8893 1.1440 2.5080 359.8957 359.5375 
-0.0653 0.8658 0.0500 1.6552 356.8536 358.5554 3.0756 350.9680 1.4500 1.2577 1.1798 356.9001 357.3292 3.0458 7.2264 358.2886 4.0002 0.2554 346.6620 2.3996 8.6714 328.4941 350.7149 302.2695 342.4719 331.3137 1.0764 9.5738 356.8682 4.5046 0.0000 0.0000 0.0000 0.0000 0.0000 0.0000 0.0000 0.0000 0.0000 0.0000 0.0000 0.0000 0.0000 0.0000 0.0000 0.0000 0.0000 0.0000 0.0000 0.0000 0.0000 0.0000 0.0000 0.0000 0.0000 0.0000 0.0000 0.0000 0.0000 0.0000 0.0000 0.0000 0.0000 0.0000 0.0000 0.0000 0.0000 0.0000 0.0000 0.0000 0.0000 0.0000 0.0000 0.0000 0.0000 4.7408 354.3679 351.5242 40.4978 327.1255 13.2557 65.2901 351.3504 335.1785 351.9516 354.0956 346.6111 0.0000 0.0000 0.0000 0.0000 0.0000 0.0000 0.0000 0.0000 0.0000 0.0000 0.0000 0.0000 0.0000 0.0000 0.0000 0.0000 0.0000 0.0000 0.0000 0.0000 0.0000 0.0000 0.0000 0.0000 0.0000 0.0000 0.0000 0.0000 0.0000 0.0000 0.0000 0.0000 0.0000 0.0000 0.0000 0.0000 0.0000 0.0000 0.0000 0.0000 0.0000 0.0000 0.0000 0.0000 0.0000 3.9580 359.0833 6.6059 3.5239 18.6499 1.2138 2.0793 358.1930 355.9451 355.0418 0.0166 359.8765 357.5268 1.6401 356.0806 3.1590 17.1689 5.2121 349.5175 358.9008 1.1671 2.5039 359.8931 359.5376 
-0.0649 0.8658 0.0496 1.6379 356.7330 358.5702 2.9183 350.9142 1.3679 1.2003 1.2384 357.3198 357.4141 3.0743 6.9534 358.3339 4.0774 0.2400 346.4813 1.9987 8.7272 328.3142 349.3287 303.7879 341.9315 331.3199 1.1648 9.4593 356.8235 4.9169 0.0000 0.0000 0.0000 0.0000 0.0000 0.0000 0.0000 0.0000 0.0000 0.0000 0.0000 0.0000 0.0000 0.0000 0.0000 0.0000 0.0000 0.0000 0.0000 0.0000 0.0000 0.0000 0.0000 0.0000 0.0000 0.0000 0.0000 0.0000 0.0000 0.0000 0.0000 0.0000 0.0000 0.0000 0.0000 0.0000 0.0000 0.0000 0.0000 0.0000 0.0000 0.0000 0.0000 0.0000 0.0000 4.8474 354.7058 351.8574 40.1669 327.5369 15.2050 65.0999 351.3064 335.1642 351.9693 354.0489 346.4754 0.0000 0.0000 0.0000 0.0000 0.0000 0.0000 0.0000 0.0000 0.0000 0.0000 0.0000 0.0000 0.0000 0.0000 0.0000 0.0000 0.0000 0.0000 0.0000 0.0000 0.0000 0.0000 0.0000 0.0000 0.0000 0.0000 0.0000 0.0000 0.0000 0.0000 0.0000 0.0000 0.0000 0.0000 0.0000 0.0000 0.0000 0.0000 0.0000 0.0000 0.0000 0.0000 0.0000 0.0000 0.0000 3.9617 359.1780 6.5725 3.4967 18.6520 1.1999 2.0866 358.1962 355.9836 355.0344 0.0189 359.8872 357.5277 1.7172 356.0314 3.1744 17.1701 5.2167 349.5133 358.9124 1.1902 2.4997 359.8905 359.5377 
-0.0647 0.8658 0.0495 1.6106 356.6345 358.5781 2.7231 350.8615 1.2659 1.1355 1.3155 357.8072 357.5477 3.0769 6.6997 358.4106 4.1388 0.2276 346.3417 1.6754 8.7811 328.3246 348.4076 305.0179 341.8704 331.0516 1.3281 9.4194 356.7964 5.1807 0.0000 0.0000 0.0000 0.0000 0.0000 0.0000 0.0000 0.0000 0.0000 0.0000 0.0000 0.0000 0.0000 0.0000 0.0000 0.0000 0.0000 0.0000 0.0000 0.0000 0.0000 0.0000 0.0000 0.0000 0.0000 0.0000 0.0000 0.0000 0.0000 0.0000 0.0000 0.0000 0.0000 0.0000 0.0000 0.0000 0.0000 0.0000 0.0000 0.0000 0.0000 0.0000 0.0000 0.0000 0.0000 4.9597 355.1032 352.1956 40.0063 328.2804 16.9959 64.7266 351.1586 335.6029 351.9914 354.0417 346.6086 0.0000 0.0000 0.0000 0.0000 0.0000 0.0000 0.0000 0.0000 0.0000 0.0000 0.0000 0.0000 0.0000 0.0000 0.0000 0.0000 0.0000 0.0000 0.0000 0.0000 0.0000 0.0000 0.0000 0.0000 0.0000 0.0000 0.0000 0.0000 0.0000 0.0000 0.0000 0.0000 0.0000 0.0000 0.0000 0.0000 0.0000 0.0000 0.0000 0.0000 0.0000 0.0000 0.0000 0.0000 0.0000 3.9729 359.2790 6.5630 3.4996 18.6529 1.1957 2.0889 358.1933 355.9929 355.0482 0.0067 359.8755 357.5319 1.8138 355.9989 3.1928 17.1699 5.2283 349.5093 358.9141 1.1998 2.5009 359.8865 359.5377 
-0.0646 0.8658 0.0495 1.5890 356.5353 358.5862 2.5268 350.8080 1.1635 1.0714 1.3930 358.2939 357.6812 3.0801 6.4465 358.4857 4.1977 0.2156 346.2017 1.3519 8.8359 328.3147 347.4863 306.2522 341.8082 330.7834 1.4921 9.3791 356.7694 5.4453 0.0000 0.0000 0.0000 0.0000 0.0000 0.0000 0.0000 0.0000 0.0000 0.0000 0.0000 0.0000 0.0000 0.0000 0.0000 0.0000 0.0000 0.0000 0.0000 0.0000 0.0000 0.0000 0.0000 0.0000 0.0000 0.0000 0.0000 0.0000 0.0000 0.0000 0.0000 0.0000 0.0000 0.0000 0.0000 0.0000 0.0000 0.0000 0.0000 0.0000 0.0000 0.0000 0.0000 0.0000 0.0000 5.0743 355.5001 352.5345 39.8741 329.0277 18.7703 64.3539 351.0141 336.0428 352.0133 354.0347 346.7431 0.0000 0.0000 0.0000 0.0000 0.0000 0.0000 0.0000 0.0000 0.0000 0.0000 0.0000 0.0000 0.0000 0.0000 0.0000 0.0000 0.0000 0.0000 0.0000 0.0000 0.0000 0.0000 0.0000 0.0000 0.0000 0.0000 0.0000 0.0000 0.0000 0.0000 0.0000 0.0000 0.0000 0.0000 0.0000 0.0000 0.0000 0.0000 0.0000 0.0000 0.0000 0.0000 0.0000 0.0000 0.0000 3.9842 359.3827 6.5528 3.5040 18.6535 1.1922 2.0924 358.1909 356.0084 355.0465 -0.0007 359.8862 357.5359 1.9020 355.9719 3.2113 17.1694 5.2397 349.5054 358.9158 1.2094 2.5020 359.8825 359.5377 
-0.0644 0.8658 0.0495 1.5675 356.4360 358.5942 2.3306 350.7542 1.0612 1.0079 1.4711 358.7806 357.8147 3.0838 6.1933 358.5609 4.2566 0.2038 346.0613 1.0285 8.8914 328.2844 346.5654 307.4912 341.7451 330.5153 1.6568 9.3387 356.7427 5.7098 0.0000 0.0000 0.0000 0.0000 0.0000 0.0000 0.0000 0.0000 0.0000 0.0000 0.0000 0.0000 0.0000 0.0000 0.0000 0.0000 0.0000 0.0000 0.0000 0.0000 0.0000 0.0000 0.0000 0.0000 0.0000 0.0000 0.0000 0.0000 0.0000 0.0000 0.0000 0.0000 0.0000 0.0000 0.0000 0.0000 0.0000 0.0000 0.0000 0.0000 0.0000 0.0000 0.0000 0.0000 0.0000 5.1912 355.8963 352.8740 39.7698 329.7781 20.5289 63.9799 350.8723 336.4837 352.0352 354.0278 346.8774 0.0000 0.0000 0.0000 0.0000 0.0000 0.0000 0.0000 0.0000 0.0000 0.0000 0.0000 0.0000 0.0000 0.0000 0.0000 0.0000 0.0000 0.0000 0.0000 0.0000 0.0000 0.0000 0.0000 0.0000 0.0000 0.0000 0.0000 0.0000 0.0000 0.0000 0.0000 0.0000 0.0000 0.0000 0.0000 0.0000 0.0000 0.0000 0.0000 0.0000 0.0000 0.0000 0.0000 0.0000 0.0000 3.9955 359.4862 6.5425 3.5084 18.6542 1.1888 2.0958 358.1884 356.0238 355.0448 359.9919 359.8970 357.5399 1.9900 355.9448 3.2297 17.1692 5.2513 349.5014 358.9174 1.2190 2.5031 359.8785 359.5376 
-0.0638 0.8658 0.0498 1.5091 356.3703 358.6031 2.1098 350.7461 0.9550 0.9329 1.5091 359.2047 357.9533 3.0501 5.9213 358.6556 4.2605 0.1871 346.0492 0.7611 8.9079 328.5227 345.4044 308.5884 340.7096 329.7412 2.4062 9.1205 356.6928 6.2237 0.0000 0.0000 0.0000 0.0000 0.0000 0.0000 0.0000 0.0000 0.0000 0.0000 0.0000 0.0000 0.0000 0.0000 0.0000 0.0000 0.0000 0.0000 0.0000 0.0000 0.0000 0.0000 0.0000 0.0000 0.0000 0.0000 0.0000 0.0000 0.0000 0.0000 0.0000 0.0000 0.0000 0.0000 0.0000 0.0000 0.0000 0.0000 0.0000 0.0000 0.0000 0.0000 0.0000 0.0000 0.0000 5.2223 356.3871 353.2784 39.2945 330.6175 22.5406 64.1609 350.9546 336.7497 352.0866 354.0175 346.9457 0.0000 0.0000 0.0000 0.0000 0.0000 0.0000 0.0000 0.0000 0.0000 0.0000 0.0000 0.0000 0.0000 0.0000 0.0000 0.0000 0.0000 0.0000 0.0000 0.0000 0.0000 0.0000 0.0000 0.0000 0.0000 0.0000 0.0000 0.0000 0.0000 0.0000 0.0000 0.0000 0.0000 0.0000 0.0000 0.0000 0.0000 0.0000 0.0000 0.0000 0.0000 0.0000 0.0000 0.0000 0.0000 4.0044 359.5852 6.4979 3.5394 18.6546 1.1853 2.1206 358.1609 356.0440 355.0412 0.0198 359.8746 357.5730 2.0722 355.8856 3.2580 17.1699 5.2556 349.5081 358.9233 1.2458 2.5017 359.8760 359.5357 
-0.0632 0.8658 0.0500 1.4531 356.3075 358.6118 1.8889 350.7377 0.8488 0.8582 1.5474 359.6279 358.0918 3.0171 5.6498 358.7490 4.2632 0.1706 346.0374 0.4945 8.9243 328.7391 344.2390 309.6868 339.6805 328.9773 3.1816 8.8738 356.6483 6.7158 0.0000 0.0000 0.0000 0.0000 0.0000 0.0000 0.0000 0.0000 0.0000 0.0000 0.0000 0.0000 0.0000 0.0000 0.0000 0.0000 0.0000 0.0000 0.0000 0.0000 0.0000 0.0000 0.0000 0.0000 0.0000 0.0000 0.0000 0.0000 0.0000 0.0000 0.0000 0.0000 0.0000 0.0000 0.0000 0.0000 0.0000 0.0000 0.0000 0.0000 0.0000 0.0000 0.0000 0.0000 0.0000 5.2569 356.8777 353.6829 38.8570 331.4706 24.5276 64.3222 351.0274 336.9859 352.1614 354.0130 347.0580 0.0000 0.0000 0.0000 0.0000 0.0000 0.0000 0.0000 0.0000 0.0000 0.0000 0.0000 0.0000 0.0000 0.0000 0.0000 0.0000 0.0000 0.0000 0.0000 0.0000 0.0000 0.0000 0.0000 0.0000 0.0000 0.0000 0.0000 0.0000 0.0000 0.0000 0.0000 0.0000 0.0000 0.0000 0.0000 0.0000 0.0000 0.0000 0.0000 0.0000 0.0000 0.0000 0.0000 0.0000 0.0000 4.0131 359.6831 6.4534 3.5704 18.6551 1.1819 2.1453 358.1333 356.0641 355.0334 0.0297 359.8784 357.6053 2.1395 355.8309 3.2862 17.1706 5.2600 349.5148 358.9292 1.2726 2.5002 359.8735 359.5338 
-0.0625 0.8658 0.0503 1.3972 356.2447 358.6206 1.6681 350.7288 0.7427 0.7839 1.5863 0.0511 358.2305 2.9848 5.3783 358.8423 4.2659 0.1541 346.0254 0.2279 8.9408 328.9334 343.0697 310.7873 338.6040 328.2268 3.9769 8.6552 356.6024 7.2284 0.0000 0.0000 0.0000 0.0000 0.0000 0.0000 0.0000 0.0000 0.0000 0.0000 0.0000 0.0000 0.0000 0.0000 0.0000 0.0000 0.0000 0.0000 0.0000 0.0000 0.0000 0.0000 0.0000 0.0000 0.0000 0.0000 0.0000 0.0000 0.0000 0.0000 0.0000 0.0000 0.0000 0.0000 0.0000 0.0000 0.0000 0.0000 0.0000 0.0000 0.0000 0.0000 0.0000 0.0000 0.0000 5.2950 357.3681 354.0876 38.4566 332.3363 26.4914 64.5038 351.1079 337.2526 352.2129 354.0025 347.1277 0.0000 0.0000 0.0000 0.0000 0.0000 0.0000 0.0000 0.0000 0.0000 0.0000 0.0000 0.0000 0.0000 0.0000 0.0000 0.0000 0.0000 0.0000 0.0000 0.0000 0.0000 0.0000 0.0000 0.0000 0.0000 0.0000 0.0000 0.0000 0.0000 0.0000 0.0000 0.0000 0.0000 0.0000 0.0000 0.0000 0.0000 0.0000 0.0000 0.0000 0.0000 0.0000 0.0000 0.0000 0.0000 4.0218 359.7811 6.4089 3.6014 18.6555 1.1784 2.1700 358.1057 356.0843 355.0256 0.0396 359.8823 357.6375 2.2069 355.7763 3.3145 17.1713 5.2644 349.5215 358.9352 1.2994 2.4988 359.8709 359.5320 
-0.0621 0.8658 0.0502 1.3357 356.1981 358.6158 1.5529 350.7050 0.6160 0.7401 1.6361 0.5170 358.3631 2.9498 5.0981 358.9286 4.2511 0.1678 346.0506 -0.0052 8.9556 328.8537 342.2578 311.9185 337.3398 327.6464 4.5895 8.4728 356.5745 7.5858 0.0000 0.0000 0.0000 0.0000 0.0000 0.0000 0.0000 0.0000 0.0000 0.0000 0.0000 0.0000 0.0000 0.0000 0.0000 0.0000 0.0000 0.0000 0.0000 0.0000 0.0000 0.0000 0.0000 0.0000 0.0000 0.0000 0.0000 0.0000 0.0000 0.0000 0.0000 0.0000 0.0000 0.0000 0.0000 0.0000 0.0000 0.0000 0.0000 0.0000 0.0000 0.0000 0.0000 0.0000 0.0000 5.3892 357.8812 354.5026 38.2154 333.4172 28.5205 64.1028 350.8391 337.3314 352.2974 354.0073 347.2140 0.0000 0.0000 0.0000 0.0000 0.0000 0.0000 0.0000 0.0000 0.0000 0.0000 0.0000 0.0000 0.0000 0.0000 0.0000 0.0000 0.0000 0.0000 0.0000 0.0000 0.0000 0.0000 0.0000 0.0000 0.0000 0.0000 0.0000 0.0000 0.0000 0.0000 0.0000 0.0000 0.0000 0.0000 0.0000 0.0000 0.0000 0.0000 0.0000 0.0000 0.0000 0.0000 0.0000 0.0000 0.0000 4.0173 359.8371 6.3912 3.6418 18.6559 1.1750 2.1981 358.0882 356.0976 355.0383 0.0232 359.8707 357.6533 2.2373 355.7531 3.3382 17.1676 5.2675 349.5327 358.9503 1.3182 2.4995 359.8677 359.5317 
-0.0618 0.8658 0.0502 1.2795 356.1562 358.6104 1.4394 350.6811 0.4901 0.6967 1.6863 0.9829 358.4958 2.9156 4.8182 359.0115 4.2362 0.1821 346.0757 359.7607 8.9703 328.7567 341.4473 313.0563 336.0601 327.0775 5.2209 8.2905 356.5477 7.9427 0.0000 0.0000 0.0000 0.0000 0.0000 0.0000 0.0000 0.0000 0.0000 0.0000 0.0000 0.0000 0.0000 0.0000 0.0000 0.0000 0.0000 0.0000 0.0000 0.0000 0.0000 0.0000 0.0000 0.0000 0.0000 0.0000 0.0000 0.0000 0.0000 0.0000 0.0000 0.0000 0.0000 0.0000 0.0000 0.0000 0.0000 0.0000 0.0000 0.0000 0.0000 0.0000 0.0000 0.0000 0.0000 5.4870 358.3932 354.9181 38.0190 334.5050 30.5257 63.7009 350.5707 337.4120 352.3820 354.0119 347.3005 0.0000 0.0000 0.0000 0.0000 0.0000 0.0000 0.0000 0.0000 0.0000 0.0000 0.0000 0.0000 0.0000 0.0000 0.0000 0.0000 0.0000 0.0000 0.0000 0.0000 0.0000 0.0000 0.0000 0.0000 0.0000 0.0000 0.0000 0.0000 0.0000 0.0000 0.0000 0.0000 0.0000 0.0000 0.0000 0.0000 0.0000 0.0000 0.0000 0.0000 0.0000 0.0000 0.0000 0.0000 0.0000 4.0125 359.8890 6.3755 3.6601 18.6559 1.1739 2.2261 358.0707 356.1110 355.0300 0.0333 359.8695 357.6637 2.2566 355.7389 3.3620 17.1639 5.2706 349.5438 358.9655 1.3369 2.5002 359.8646 359.5314 
-0.0614 0.8658 0.0502 1.2233 356.1142 358.6050 1.3260 350.6569 0.3642 0.6537 1.7368 1.4488 358.6285 2.8820 4.5383 359.0945 4.2213 0.1964 346.1008 359.5266 8.9849 328.6422 340.6388 314.2012 334.7648 326.5206 5.8713 8.1078 356.5220 8.2996 0.0000 0.0000 0.0000 0.0000 0.0000 0.0000 0.0000 0.0000 0.0000 0.0000 0.0000 0.0000 0.0000 0.0000 0.0000 0.0000 0.0000 0.0000 0.0000 0.0000 0.0000 0.0000 0.0000 0.0000 0.0000 0.0000 0.0000 0.0000 0.0000 0.0000 0.0000 0.0000 0.0000 0.0000 0.0000 0.0000 0.0000 0.0000 0.0000 0.0000 0.0000 0.0000 0.0000 0.0000 0.0000 5.5885 358.9045 355.3344 37.8662 335.5982 32.5091 63.2984 350.3029 337.4946 352.4666 354.0164 347.3868 0.0000 0.0000 0.0000 0.0000 0.0000 0.0000 0.0000 0.0000 0.0000 0.0000 0.0000 0.0000 0.0000 0.0000 0.0000 0.0000 0.0000 0.0000 0.0000 0.0000 0.0000 0.0000 0.0000 0.0000 0.0000 0.0000 0.0000 0.0000 0.0000 0.0000 0.0000 0.0000 0.0000 0.0000 0.0000 0.0000 0.0000 0.0000 0.0000 0.0000 0.0000 0.0000 0.0000 0.0000 0.0000 4.0076 359.9407 6.3597 3.6784 18.6561 1.1729 2.2542 358.0532 356.1243 355.0217 0.0435 359.8683 357.6741 2.2759 355.7247 3.3857 17.1601 5.2736 349.5550 358.9808 1.3556 2.5008 359.8614 359.5312 
-0.0605 0.8658 0.0501 1.2204 356.1054 358.6014 1.2092 350.6388 0.2328 0.6067 1.7737 1.8958 358.7415 2.8709 4.2510 359.1623 4.2067 0.2275 346.1838 359.2641 9.0650 328.4572 339.4949 315.5826 331.7301 326.0770 7.1075 7.9332 356.4787 8.6891 0.0000 0.0000 0.0000 0.0000 0.0000 0.0000 0.0000 0.0000 0.0000 0.0000 0.0000 0.0000 0.0000 0.0000 0.0000 0.0000 0.0000 0.0000 0.0000 0.0000 0.0000 0.0000 0.0000 0.0000 0.0000 0.0000 0.0000 0.0000 0.0000 0.0000 0.0000 0.0000 0.0000 0.0000 0.0000 0.0000 0.0000 0.0000 0.0000 0.0000 0.0000 0.0000 0.0000 0.0000 0.0000 5.5968 359.4302 355.6459 37.7263 336.7624 34.1370 62.4259 349.8839 337.8459 352.4252 354.0454 347.7877 0.0000 0.0000 0.0000 0.0000 0.0000 0.0000 0.0000 0.0000 0.0000 0.0000 0.0000 0.0000 0.0000 0.0000 0.0000 0.0000 0.0000 0.0000 0.0000 0.0000 0.0000 0.0000 0.0000 0.0000 0.0000 0.0000 0.0000 0.0000 0.0000 0.0000 0.0000 0.0000 0.0000 0.0000 0.0000 0.0000 0.0000 0.0000 0.0000 0.0000 0.0000 0.0000 0.0000 0.0000 0.0000 3.9882 359.9629 6.3126 3.7372 18.6567 1.1669 2.2757 358.0250 356.1613 355.0377 0.0276 359.8720 357.6971 2.3113 355.6512 3.3823 17.1606 5.2643 349.5768 359.0095 1.3876 2.5043 359.8488 359.5291 
-0.0597 0.8658 0.0500 1.2212 356.1031 358.5986 1.0929 350.6206 0.1017 0.5600 1.8110 2.3426 358.8543 2.8605 3.9640 359.2296 4.1922 0.2585 346.2666 359.0004 9.1447 328.2412 338.3554 316.9788 328.6700 325.6885 8.3753 7.7582 356.4366 9.0787 0.0000 0.0000 0.0000 0.0000 0.0000 0.0000 0.0000 0.0000 0.0000 0.0000 0.0000 0.0000 0.0000 0.0000 0.0000 0.0000 0.0000 0.0000 0.0000 0.0000 0.0000 0.0000 0.0000 0.0000 0.0000 0.0000 0.0000 0.0000 0.0000 0.0000 0.0000 0.0000 0.0000 0.0000 0.0000 0.0000 0.0000 0.0000 0.0000 0.0000 0.0000 0.0000 0.0000 0.0000 0.0000 5.6079 359.9556 355.9573 37.6233 337.9297 35.7481 61.5501 349.4703 338.2042 352.3849 354.0750 348.1893 0.0000 0.0000 0.0000 0.0000 0.0000 0.0000 0.0000 0.0000 0.0000 0.0000 0.0000 0.0000 0.0000 0.0000 0.0000 0.0000 0.0000 0.0000 0.0000 0.0000 0.0000 0.0000 0.0000 0.0000 0.0000 0.0000 0.0000 0.0000 0.0000 0.0000 0.0000 0.0000 0.0000 0.0000 0.0000 0.0000 0.0000 0.0000 0.0000 0.0000 0.0000 0.0000 0.0000 0.0000 0.0000 3.9705 359.9678 6.2708 3.7489 18.6570 1.1636 2.2972 357.9967 356.1983 355.0377 0.0314 359.8734 357.6980 2.3059 355.6079 3.3789 17.1610 5.2548 349.5987 359.0382 1.4196 2.5078 359.8362 359.5270 
-0.0588 0.8658 0.0499 1.2219 356.1007 358.5958 0.9766 350.6021 359.9707 0.5136 1.8486 2.7894 358.9672 2.8506 3.6770 359.2969 4.1776 0.2894 346.3491 358.7365 9.2242 327.9933 337.2213 318.3910 325.5872 325.3565 9.6711 7.5827 356.3957 9.4683 0.0000 0.0000 0.0000 0.0000 0.0000 0.0000 0.0000 0.0000 0.0000 0.0000 0.0000 0.0000 0.0000 0.0000 0.0000 0.0000 0.0000 0.0000 0.0000 0.0000 0.0000 0.0000 0.0000 0.0000 0.0000 0.0000 0.0000 0.0000 0.0000 0.0000 0.0000 0.0000 0.0000 0.0000 0.0000 0.0000 0.0000 0.0000 0.0000 0.0000 0.0000 0.0000 0.0000 0.0000 0.0000 5.6219 0.4810 356.2689 37.5563 339.0992 37.3440 60.6704 349.0620 338.5694 352.3448 354.1047 348.5909 0.0000 0.0000 0.0000 0.0000 0.0000 0.0000 0.0000 0.0000 0.0000 0.0000 0.0000 0.0000 0.0000 0.0000 0.0000 0.0000 0.0000 0.0000 0.0000 0.0000 0.0000 0.0000 0.0000 0.0000 0.0000 0.0000 0.0000 0.0000 0.0000 0.0000 0.0000 0.0000 0.0000 0.0000 0.0000 0.0000 0.0000 0.0000 0.0000 0.0000 0.0000 0.0000 0.0000 0.0000 0.0000 3.9527 359.9727 6.2290 3.7606 18.6572 1.1602 2.3186 357.9686 356.2353 355.0377 0.0351 359.8748 357.6989 2.3003 355.5645 3.3755 17.1617 5.2455 349.6206 359.0669 1.4516 2.5112 359.8237 359.5250 
-0.0589 0.8658 0.0500 1.2342 356.1233 358.5748 0.9016 350.6236 359.8258 0.4786 1.8235 3.1620 359.0531 2.7962 3.3801 359.3417 4.1032 0.3263 346.4655 358.4147 9.3801 328.0323 336.1377 320.1477 321.8425 325.3039 11.4575 7.4163 356.3487 9.9257 0.0000 0.0000 0.0000 0.0000 0.0000 0.0000 0.0000 0.0000 0.0000 0.0000 0.0000 0.0000 0.0000 0.0000 0.0000 0.0000 0.0000 0.0000 0.0000 0.0000 0.0000 0.0000 0.0000 0.0000 0.0000 0.0000 0.0000 0.0000 0.0000 0.0000 0.0000 0.0000 0.0000 0.0000 0.0000 0.0000 0.0000 0.0000 0.0000 0.0000 0.0000 0.0000 0.0000 0.0000 0.0000 5.7097 0.9455 356.5200 37.4315 340.4287 38.8027 58.8277 348.5991 339.2567 352.3119 354.1663 349.1921 0.0000 0.0000 0.0000 0.0000 0.0000 0.0000 0.0000 0.0000 0.0000 0.0000 0.0000 0.0000 0.0000 0.0000 0.0000 0.0000 0.0000 0.0000 0.0000 0.0000 0.0000 0.0000 0.0000 0.0000 0.0000 0.0000 0.0000 0.0000 0.0000 0.0000 0.0000 0.0000 0.0000 0.0000 0.0000 0.0000 0.0000 0.0000 0.0000 0.0000 0.0000 0.0000 0.0000 0.0000 0.0000 3.8820 359.9616 6.2014 3.7957 18.6593 1.1387 2.3218 357.9607 356.2406 355.0403 0.0474 359.8708 357.6587 2.2871 355.5426 3.3625 17.1633 5.2455 349.6287 359.0688 1.4583 2.5097 359.8272 359.5257 
-0.0589 0.8658 0.0502 1.2716 356.1516 358.5606 0.8269 350.6450 359.6813 0.4435 1.7985 3.5335 359.1394 2.7422 3.0828 359.3890 4.0283 0.3642 346.5813 358.0921 9.5356 328.0350 335.0536 321.9186 318.0975 325.3469 13.2433 7.2493 356.3031 10.3832 0.0000 0.0000 0.0000 0.0000 0.0000 0.0000 0.0000 0.0000 0.0000 0.0000 0.0000 0.0000 0.0000 0.0000 0.0000 0.0000 0.0000 0.0000 0.0000 0.0000 0.0000 0.0000 0.0000 0.0000 0.0000 0.0000 0.0000 0.0000 0.0000 0.0000 0.0000 0.0000 0.0000 0.0000 0.0000 0.0000 0.0000 0.0000 0.0000 0.0000 0.0000 0.0000 0.0000 0.0000 0.0000 5.7997 1.4095 356.7719 37.3434 341.7607 40.2467 56.9766 348.1580 339.9605 352.2798 354.2283 349.7929 0.0000 0.0000 0.0000 0.0000 0.0000 0.0000 0.0000 0.0000 0.0000 0.0000 0.0000 0.0000 0.0000 0.0000 0.0000 0.0000 0.0000 0.0000 0.0000 0.0000 0.0000 0.0000 0.0000 0.0000 0.0000 0.0000 0.0000 0.0000 0.0000 0.0000 0.0000 0.0000 0.0000 0.0000 0.0000 0.0000 0.0000 0.0000 0.0000 0.0000 0.0000 0.0000 0.0000 0.0000 0.0000 3.8278 359.9461 6.2128 3.7719 18.6598 1.1342 2.3249 357.9529 356.2459 355.0429 0.0598 359.8669 357.6179 2.2783 355.5539 3.3494 17.1648 5.2456 349.6367 359.0708 1.4650 2.5127 359.8145 359.5238 
-0.0589 0.8658 0.0504 1.3089 356.1799 358.5465 0.7521 350.6661 359.5368 0.4083 1.7737 3.9051 359.2261 2.6887 2.7855 359.4362 3.9533 0.4021 346.6963 357.7691 9.6905 328.0005 333.9699 323.7054 314.3602 325.4855 15.0187 7.0818 356.2585 10.8408 0.0000 0.0000 0.0000 0.0000 0.0000 0.0000 0.0000 0.0000 0.0000 0.0000 0.0000 0.0000 0.0000 0.0000 0.0000 0.0000 0.0000 0.0000 0.0000 0.0000 0.0000 0.0000 0.0000 0.0000 0.0000 0.0000 0.0000 0.0000 0.0000 0.0000 0.0000 0.0000 0.0000 0.0000 0.0000 0.0000 0.0000 0.0000 0.0000 0.0000 0.0000 0.0000 0.0000 0.0000 0.0000 5.8917 1.8732 357.0245 37.2911 343.0944 41.6780 55.1174 347.7391 340.6802 352.2486 354.2906 350.3935 0.0000 0.0000 0.0000 0.0000 0.0000 0.0000 0.0000 0.0000 0.0000 0.0000 0.0000 0.0000 0.0000 0.0000 0.0000 0.0000 0.0000 0.0000 0.0000 0.0000 0.0000 0.0000 0.0000 0.0000 0.0000 0.0000 0.0000 0.0000 0.0000 0.0000 0.0000 0.0000 0.0000 0.0000 0.0000 0.0000 0.0000 0.0000 0.0000 0.0000 0.0000 0.0000 0.0000 0.0000 0.0000 3.7736 359.9306 6.2241 3.7480 18.6603 1.1297 2.3280 357.9451 356.2513 355.0455 0.0721 359.8629 357.5770 2.2694 355.5652 3.3363 17.1665 5.2457 349.6447 359.0728 1.4717 2.5157 359.8018 359.5219 
-0.0584 0.8658 0.0506 1.3775 356.2346 358.5374 0.6709 350.7036 359.3564 0.3849 1.6933 4.4563 359.3113 2.6820 2.3795 359.4813 3.9225 0.4271 346.7985 357.2324 10.1113 327.2072 332.9284 326.6341 313.2500 325.5454 15.1145 7.0153 356.2400 11.0877 0.0000 0.0000 0.0000 0.0000 0.0000 0.0000 0.0000 0.0000 0.0000 0.0000 0.0000 0.0000 0.0000 0.0000 0.0000 0.0000 0.0000 0.0000 0.0000 0.0000 0.0000 0.0000 0.0000 0.0000 0.0000 0.0000 0.0000 0.0000 0.0000 0.0000 0.0000 0.0000 0.0000 0.0000 0.0000 0.0000 0.0000 0.0000 0.0000 0.0000 0.0000 0.0000 0.0000 0.0000 0.0000 6.0503 2.3486 357.2267 37.6435 344.6609 43.1712 51.9219 347.1834 341.7851 352.2822 354.3587 350.8172 0.0000 0.0000 0.0000 0.0000 0.0000 0.0000 0.0000 0.0000 0.0000 0.0000 0.0000 0.0000 0.0000 0.0000 0.0000 0.0000 0.0000 0.0000 0.0000 0.0000 0.0000 0.0000 0.0000 0.0000 0.0000 0.0000 0.0000 0.0000 0.0000 0.0000 0.0000 0.0000 0.0000 0.0000 0.0000 0.0000 0.0000 0.0000 0.0000 0.0000 0.0000 0.0000 0.0000 0.0000 0.0000 3.7111 359.8795 6.1890 3.7586 18.6601 1.1295 2.3667 357.8999 356.2812 355.0451 0.0659 359.8701 357.5418 2.2331 355.5374 3.2722 17.1683 5.2354 349.6390 359.1032 1.5343 2.5150 359.8002 359.5210 
-0.0578 0.8658 0.0508 1.4419 356.2910 358.5276 0.5904 350.7405 359.1774 0.3609 1.6131 5.0064 359.3967 2.6758 1.9730 359.5265 3.8914 0.4521 346.8969 356.6944 10.5316 326.3473 331.9249 329.6060 312.1409 325.6067 15.2088 6.9484 356.2216 11.3348 0.0000 0.0000 0.0000 0.0000 0.0000 0.0000 0.0000 0.0000 0.0000 0.0000 0.0000 0.0000 0.0000 0.0000 0.0000 0.0000 0.0000 0.0000 0.0000 0.0000 0.0000 0.0000 0.0000 0.0000 0.0000 0.0000 0.0000 0.0000 0.0000 0.0000 0.0000 0.0000 0.0000 0.0000 0.0000 0.0000 0.0000 0.0000 0.0000 0.0000 0.0000 0.0000 0.0000 0.0000 0.0000 6.2107 2.8235 357.4304 38.0353 346.2180 44.6638 48.7096 346.6888 342.9238 352.3164 354.4265 351.2411 0.0000 0.0000 0.0000 0.0000 0.0000 0.0000 0.0000 0.0000 0.0000 0.0000 0.0000 0.0000 0.0000 0.0000 0.0000 0.0000 0.0000 0.0000 0.0000 0.0000 0.0000 0.0000 0.0000 0.0000 0.0000 0.0000 0.0000 0.0000 0.0000 0.0000 0.0000 0.0000 0.0000 0.0000 0.0000 0.0000 0.0000 0.0000 0.0000 0.0000 0.0000 0.0000 0.0000 0.0000 0.0000 3.6605 359.8318 6.1515 3.7170 18.6609 1.1193 2.4055 357.8547 356.3111 355.0486 0.0785 359.8713 357.5144 2.1985 355.5074 3.2286 17.1678 5.2251 349.6334 359.1336 1.5970 2.5155 359.7933 359.5194 
-0.0573 0.8658 0.0509 1.5063 356.3474 358.5177 0.5097 350.7772 358.9984 0.3361 1.5332 5.5566 359.4822 2.6702 1.5664 359.5717 3.8604 0.4770 346.9915 356.1556 10.9513 325.4210 330.9626 332.6228 311.0327 325.6696 15.3015 6.8815 356.2033 11.5821 0.0000 0.0000 0.0000 0.0000 0.0000 0.0000 0.0000 0.0000 0.0000 0.0000 0.0000 0.0000 0.0000 0.0000 0.0000 0.0000 0.0000 0.0000 0.0000 0.0000 0.0000 0.0000 0.0000 0.0000 0.0000 0.0000 0.0000 0.0000 0.0000 0.0000 0.0000 0.0000 0.0000 0.0000 0.0000 0.0000 0.0000 0.0000 0.0000 0.0000 0.0000 0.0000 0.0000 0.0000 0.0000 6.3729 3.2979 357.6354 38.4660 347.7648 46.1579 45.4818 346.2569 344.0928 352.3513 354.4942 351.6650 0.0000 0.0000 0.0000 0.0000 0.0000 0.0000 0.0000 0.0000 0.0000 0.0000 0.0000 0.0000 0.0000 0.0000 0.0000 0.0000 0.0000 0.0000 0.0000 0.0000 0.0000 0.0000 0.0000 0.0000 0.0000 0.0000 0.0000 0.0000 0.0000 0.0000 0.0000 0.0000 0.0000 0.0000 0.0000 0.0000 0.0000 0.0000 0.0000 0.0000 0.0000 0.0000 0.0000 0.0000 0.0000 3.6099 359.7841 6.1140 3.6754 18.6618 1.1092 2.4442 357.8095 356.3409 355.0522 0.0912 359.8724 357.4871 2.1639 355.4775 3.1850 17.1672 5.2148 349.6278 359.1640 1.6597 2.5160 359.7864 359.5178 
-0.0569 0.8659 0.0511 1.6438 356.4166 358.5233 0.3895 350.8169 358.7622 0.2879 1.4385 6.1714 359.5738 2.7227 1.0428 359.6362 3.8307 0.5102 347.1863 355.6229 11.4390 324.0809 330.3471 335.7240 310.3933 325.6367 15.4590 6.8304 356.2211 11.5898 0.0000 0.0000 0.0000 0.0000 0.0000 0.0000 0.0000 0.0000 0.0000 0.0000 0.0000 0.0000 0.0000 0.0000 0.0000 0.0000 0.0000 0.0000 0.0000 0.0000 0.0000 0.0000 0.0000 0.0000 0.0000 0.0000 0.0000 0.0000 0.0000 0.0000 0.0000 0.0000 0.0000 0.0000 0.0000 0.0000 0.0000 0.0000 0.0000 0.0000 0.0000 0.0000 0.0000 0.0000 0.0000 6.4942 3.9019 357.7632 38.9446 349.8751 47.9055 41.4069 345.9408 345.6074 352.2980 354.5981 352.5600 0.0000 0.0000 0.0000 0.0000 0.0000 0.0000 0.0000 0.0000 0.0000 0.0000 0.0000 0.0000 0.0000 0.0000 0.0000 0.0000 0.0000 0.0000 0.0000 0.0000 0.0000 0.0000 0.0000 0.0000 0.0000 0.0000 0.0000 0.0000 0.0000 0.0000 0.0000 0.0000 0.0000 0.0000 0.0000 0.0000 0.0000 0.0000 0.0000 0.0000 0.0000 0.0000 0.0000 0.0000 0.0000 3.5528 359.7083 6.0803 3.6447 18.6619 1.1091 2.3811 357.8933 356.3181 355.0487 0.0931 359.8701 357.4279 2.1334 355.4639 3.1443 17.1776 5.2059 349.6200 359.1448 1.5874 2.5162 359.7833 359.5171 
-0.0565 0.8660 0.0513 1.7838 356.4924 358.5278 0.2694 350.8560 358.5265 0.2388 1.3443 6.7860 359.6650 2.7759 0.5185 359.7027 3.7995 0.5444 347.3767 355.0884 11.9254 322.6965 329.7961 338.8593 309.7534 325.6053 15.6173 6.7790 356.2388 11.5985 0.0000 0.0000 0.0000 0.0000 0.0000 0.0000 0.0000 0.0000 0.0000 0.0000 0.0000 0.0000 0.0000 0.0000 0.0000 0.0000 0.0000 0.0000 0.0000 0.0000 0.0000 0.0000 0.0000 0.0000 0.0000 0.0000 0.0000 0.0000 0.0000 0.0000 0.0000 0.0000 0.0000 0.0000 0.0000 0.0000 0.0000 0.0000 0.0000 0.0000 0.0000 0.0000 0.0000 0.0000 0.0000 6.6173 4.5064 357.8927 39.4851 351.9700 49.6606 37.3204 345.7295 347.1452 352.2469 354.7029 353.4549 0.0000 0.0000 0.0000 0.0000 0.0000 0.0000 0.0000 0.0000 0.0000 0.0000 0.0000 0.0000 0.0000 0.0000 0.0000 0.0000 0.0000 0.0000 0.0000 0.0000 0.0000 0.0000 0.0000 0.0000 0.0000 0.0000 0.0000 0.0000 0.0000 0.0000 0.0000 0.0000 0.0000 0.0000 0.0000 0.0000 0.0000 0.0000 0.0000 0.0000 0.0000 0.0000 0.0000 0.0000 0.0000 3.4900 359.6271 6.0425 3.5711 18.6629 1.0985 2.3725 357.9135 356.3374 355.0485 0.1062 359.8689 357.3586 2.0903 355.4395 3.0722 17.1876 5.1896 349.6029 359.1761 1.6191 2.5164 359.7802 359.5164 
-0.0561 0.8661 0.0516 1.9238 356.5681 358.5324 0.1492 350.8947 358.2907 0.1887 1.2507 7.4007 359.7558 2.8300 -0.0057 359.7692 3.7683 0.5786 347.5627 354.5524 12.4103 321.2717 329.3119 342.0258 309.1132 325.5753 15.7761 6.7277 356.2565 11.6072 0.0000 0.0000 0.0000 0.0000 0.0000 0.0000 0.0000 0.0000 0.0000 0.0000 0.0000 0.0000 0.0000 0.0000 0.0000 0.0000 0.0000 0.0000 0.0000 0.0000 0.0000 0.0000 0.0000 0.0000 0.0000 0.0000 0.0000 0.0000 0.0000 0.0000 0.0000 0.0000 0.0000 0.0000 0.0000 0.0000 0.0000 0.0000 0.0000 0.0000 0.0000 0.0000 0.0000 0.0000 0.0000 6.7418 5.1106 358.0236 40.0875 354.0475 51.4276 33.2271 345.6243 348.6980 352.1979 354.8085 354.3496 0.0000 0.0000 0.0000 0.0000 0.0000 0.0000 0.0000 0.0000 0.0000 0.0000 0.0000 0.0000 0.0000 0.0000 0.0000 0.0000 0.0000 0.0000 0.0000 0.0000 0.0000 0.0000 0.0000 0.0000 0.0000 0.0000 0.0000 0.0000 0.0000 0.0000 0.0000 0.0000 0.0000 0.0000 0.0000 0.0000 0.0000 0.0000 0.0000 0.0000 0.0000 0.0000 0.0000 0.0000 0.0000 3.4272 359.5459 6.0048 3.4974 18.6639 1.0879 2.3638 357.9338 356.3566 355.0482 0.1193 359.8676 357.2894 2.0471 355.4150 3.0001 17.1977 5.1733 349.5858 359.2073 1.6508 2.5167 359.7771 359.5156 
-0.0559 0.8662 0.0517 2.0517 356.6534 358.5234 0.0356 350.9492 358.0816 0.1340 1.1188 7.9730 359.8345 2.8935 359.5183 359.8157 3.7199 0.6169 347.8541 354.1378 12.8643 320.0053 329.1204 344.9917 308.8460 325.2902 16.1652 6.6462 356.2887 11.5763 0.0000 0.0000 0.0000 0.0000 0.0000 0.0000 0.0000 0.0000 0.0000 0.0000 0.0000 0.0000 0.0000 0.0000 0.0000 0.0000 0.0000 0.0000 0.0000 0.0000 0.0000 0.0000 0.0000 0.0000 0.0000 0.0000 0.0000 0.0000 0.0000 0.0000 0.0000 0.0000 0.0000 0.0000 0.0000 0.0000 0.0000 0.0000 0.0000 0.0000 0.0000 0.0000 0.0000 0.0000 0.0000 6.8909 5.5544 358.0908 40.5819 355.5797 52.6378 29.8308 345.1418 349.5128 352.0650 354.9178 355.1665 0.0000 0.0000 0.0000 0.0000 0.0000 0.0000 0.0000 0.0000 0.0000 0.0000 0.0000 0.0000 0.0000 0.0000 0.0000 0.0000 0.0000 0.0000 0.0000 0.0000 0.0000 0.0000 0.0000 0.0000 0.0000 0.0000 0.0000 0.0000 0.0000 0.0000 0.0000 0.0000 0.0000 0.0000 0.0000 0.0000 0.0000 0.0000 0.0000 0.0000 0.0000 0.0000 0.0000 0.0000 0.0000 3.3649 359.4540 5.9877 3.4285 18.6645 1.0819 2.3505 357.9629 356.3626 355.0541 0.1161 359.8669 357.2440 1.9951 355.4118 2.9476 17.2027 5.1653 349.5929 359.2192 1.6430 2.5184 359.7712 359.5151 
-0.0556 0.8664 0.0518 2.1805 356.7389 358.5146 359.9215 351.0033 357.8718 0.0781 0.9876 8.5449 359.9127 2.9577 359.0424 359.8651 3.6700 0.6567 348.1423 353.7210 13.3165 318.7268 328.9855 347.9669 308.5760 325.0061 16.5571 6.5676 356.3199 11.5450 0.0000 0.0000 0.0000 0.0000 0.0000 0.0000 0.0000 0.0000 0.0000 0.0000 0.0000 0.0000 0.0000 0.0000 0.0000 0.0000 0.0000 0.0000 0.0000 0.0000 0.0000 0.0000 0.0000 0.0000 0.0000 0.0000 0.0000 0.0000 0.0000 0.0000 0.0000 0.0000 0.0000 0.0000 0.0000 0.0000 0.0000 0.0000 0.0000 0.0000 0.0000 0.0000 0.0000 0.0000 0.0000 7.0405 5.9978 358.1591 41.1077 357.1012 53.8591 26.4205 344.7064 350.3600 351.9343 355.0290 355.9830 0.0000 0.0000 0.0000 0.0000 0.0000 0.0000 0.0000 0.0000 0.0000 0.0000 0.0000 0.0000 0.0000 0.0000 0.0000 0.0000 0.0000 0.0000 0.0000 0.0000 0.0000 0.0000 0.0000 0.0000 0.0000 0.0000 0.0000 0.0000 0.0000 0.0000 0.0000 0.0000 0.0000 0.0000 0.0000 0.0000 0.0000 0.0000 0.0000 0.0000 0.0000 0.0000 0.0000 0.0000 0.0000 3.3016 359.3608 5.9700 3.3697 18.6649 1.0774 2.3372 357.9920 356.3687 355.0599 0.1232 359.8651 357.1938 1.9400 355.4070 2.8884 17.2090 5.1559 349.5889 359.2513 1.6558 2.5202 359.7654 359.5145 
-0.0554 0.8665 0.0520 2.3092 356.8244 358.5058 359.8073 351.0570 357.6619 0.0208 0.8569 9.1168 359.9903 3.0226 358.5665 359.9146 3.6201 0.6964 348.4275 353.3019 13.7670 317.4405 328.9078 350.9482 308.3026 324.7234 16.9521 6.4890 356.3510 11.5137 0.0000 0.0000 0.0000 0.0000 0.0000 0.0000 0.0000 0.0000 0.0000 0.0000 0.0000 0.0000 0.0000 0.0000 0.0000 0.0000 0.0000 0.0000 0.0000 0.0000 0.0000 0.0000 0.0000 0.0000 0.0000 0.0000 0.0000 0.0000 0.0000 0.0000 0.0000 0.0000 0.0000 0.0000 0.0000 0.0000 0.0000 0.0000 0.0000 0.0000 0.0000 0.0000 0.0000 0.0000 0.0000 7.1907 6.4410 358.2288 41.6653 358.6110 55.0930 22.9972 344.3199 351.2367 351.8057 355.1420 356.7991 0.0000 0.0000 0.0000 0.0000 0.0000 0.0000 0.0000 0.0000 0.0000 0.0000 0.0000 0.0000 0.0000 0.0000 0.0000 0.0000 0.0000 0.0000 0.0000 0.0000 0.0000 0.0000 0.0000 0.0000 0.0000 0.0000 0.0000 0.0000 0.0000 0.0000 0.0000 0.0000 0.0000 0.0000 0.0000 0.0000 0.0000 0.0000 0.0000 0.0000 0.0000 0.0000 0.0000 0.0000 0.0000 3.2383 359.2675 5.9525 3.3109 18.6655 1.0730 2.3238 358.0210 356.3746 355.0656 0.1304 359.8633 357.1435 1.8850 355.4022 2.8291 17.2149 5.1464 349.5848 359.2836 1.6687 2.5219 359.7595 359.5139 
-0.0552 0.8666 0.0522 2.5087 356.9229 358.5187 359.7579 351.1293 357.5431 359.9769 0.7257 9.4889 0.0875 3.0251 358.1011 359.9662 3.5234 0.7223 348.8085 353.0684 14.0863 316.6797 329.1725 353.5013 307.0000 324.1905 18.0212 6.3182 356.3922 11.3629 0.0000 0.0000 0.0000 0.0000 0.0000 0.0000 0.0000 0.0000 0.0000 0.0000 0.0000 0.0000 0.0000 0.0000 0.0000 0.0000 0.0000 0.0000 0.0000 0.0000 0.0000 0.0000 0.0000 0.0000 0.0000 0.0000 0.0000 0.0000 0.0000 0.0000 0.0000 0.0000 0.0000 0.0000 0.0000 0.0000 0.0000 0.0000 0.0000 0.0000 0.0000 0.0000 0.0000 0.0000 0.0000 7.3335 6.8521 358.2645 42.3447 359.7240 56.3404 20.7084 343.4904 351.6426 351.6747 355.2627 357.6302 0.0000 0.0000 0.0000 0.0000 0.0000 0.0000 0.0000 0.0000 0.0000 0.0000 0.0000 0.0000 0.0000 0.0000 0.0000 0.0000 0.0000 0.0000 0.0000 0.0000 0.0000 0.0000 0.0000 0.0000 0.0000 0.0000 0.0000 0.0000 0.0000 0.0000 0.0000 0.0000 0.0000 0.0000 0.0000 0.0000 0.0000 0.0000 0.0000 0.0000 0.0000 0.0000 0.0000 0.0000 0.0000 3.1457 359.1522 5.9242 3.1977 18.6681 1.0489 2.3176 358.0482 356.3997 355.0675 0.1414 359.8599 357.0558 1.8245 355.3903 2.7379 17.2379 5.1176 349.5752 359.3165 1.7158 2.5224 359.7532 359.5120 
-0.0551 0.8666 0.0523 2.7062 357.0222 358.5316 359.7083 351.2016 357.4240 359.9321 0.5949 9.8610 0.1847 3.0285 357.6354 0.0164 3.4284 0.7468 349.1882 352.8328 14.4041 315.9355 329.4660 356.0429 305.6767 323.6770 19.1123 6.1515 356.4313 11.2137 0.0000 0.0000 0.0000 0.0000 0.0000 0.0000 0.0000 0.0000 0.0000 0.0000 0.0000 0.0000 0.0000 0.0000 0.0000 0.0000 0.0000 0.0000 0.0000 0.0000 0.0000 0.0000 0.0000 0.0000 0.0000 0.0000 0.0000 0.0000 0.0000 0.0000 0.0000 0.0000 0.0000 0.0000 0.0000 0.0000 0.0000 0.0000 0.0000 0.0000 0.0000 0.0000 0.0000 0.0000 0.0000 7.4764 7.2627 358.3012 43.0482 0.8217 57.6010 18.4035 342.6769 352.0865 351.5461 355.3853 358.4609 0.0000 0.0000 0.0000 0.0000 0.0000 0.0000 0.0000 0.0000 0.0000 0.0000 0.0000 0.0000 0.0000 0.0000 0.0000 0.0000 0.0000 0.0000 0.0000 0.0000 0.0000 0.0000 0.0000 0.0000 0.0000 0.0000 0.0000 0.0000 0.0000 0.0000 0.0000 0.0000 0.0000 0.0000 0.0000 0.0000 0.0000 0.0000 0.0000 0.0000 0.0000 0.0000 0.0000 0.0000 0.0000 3.0527 359.0362 5.8960 3.1007 18.6707 1.0260 2.3114 358.0753 356.4247 355.0694 0.1525 359.8565 356.9674 1.7630 355.3784 2.6607 17.2596 5.0911 349.5695 359.3178 1.7502 2.5229 359.7469 359.5100 
-0.0549 0.8667 0.0525 2.9038 357.1215 358.5445 359.6585 351.2737 357.3050 359.8864 0.4643 10.2331 0.2819 3.0327 357.1696 0.0664 3.3333 0.7712 349.5669 352.5952 14.7205 315.2095 329.7875 358.5720 304.3555 323.1776 20.2457 5.9626 356.4746 11.0208 0.0000 0.0000 0.0000 0.0000 0.0000 0.0000 0.0000 0.0000 0.0000 0.0000 0.0000 0.0000 0.0000 0.0000 0.0000 0.0000 0.0000 0.0000 0.0000 0.0000 0.0000 0.0000 0.0000 0.0000 0.0000 0.0000 0.0000 0.0000 0.0000 0.0000 0.0000 0.0000 0.0000 0.0000 0.0000 0.0000 0.0000 0.0000 0.0000 0.0000 0.0000 0.0000 0.0000 0.0000 0.0000 7.6197 7.6732 358.3391 43.7761 1.9036 58.8755 16.0543 341.8773 352.5737 351.4534 355.5103 359.2951 0.0000 0.0000 0.0000 0.0000 0.0000 0.0000 0.0000 0.0000 0.0000 0.0000 0.0000 0.0000 0.0000 0.0000 0.0000 0.0000 0.0000 0.0000 0.0000 0.0000 0.0000 0.0000 0.0000 0.0000 0.0000 0.0000 0.0000 0.0000 0.0000 0.0000 0.0000 0.0000 0.0000 0.0000 0.0000 0.0000 0.0000 0.0000 0.0000 0.0000 0.0000 0.0000 0.0000 0.0000 0.0000 2.9599 358.9202 5.8680 3.0037 18.6731 1.0031 2.3052 358.1024 356.4498 355.0712 0.1635 359.8531 356.8791 1.7017 355.3666 2.5835 17.2810 5.0645 349.5638 359.3193 1.7847 2.5234 359.7407 359.5081 
-0.0547 0.8668 0.0529 3.1912 357.2148 358.5730 359.7365 351.3163 357.2590 359.8654 0.3826 10.2627 0.3341 3.0269 356.8260 0.0653 3.2985 0.8143 349.8789 352.3972 14.9008 314.6452 329.8460 0.1941 303.2111 322.7386 21.3622 5.8587 356.5163 10.7542 0.0000 0.0000 0.0000 0.0000 0.0000 0.0000 0.0000 0.0000 0.0000 0.0000 0.0000 0.0000 0.0000 0.0000 0.0000 0.0000 0.0000 0.0000 0.0000 0.0000 0.0000 0.0000 0.0000 0.0000 0.0000 0.0000 0.0000 0.0000 0.0000 0.0000 0.0000 0.0000 0.0000 0.0000 0.0000 0.0000 0.0000 0.0000 0.0000 0.0000 0.0000 0.0000 0.0000 0.0000 0.0000 7.7968 8.0650 358.3556 44.7025 2.7018 60.3488 14.7523 341.9265 353.2393 351.1475 355.6549 0.3552 0.0000 0.0000 0.0000 0.0000 0.0000 0.0000 0.0000 0.0000 0.0000 0.0000 0.0000 0.0000 0.0000 0.0000 0.0000 0.0000 0.0000 0.0000 0.0000 0.0000 0.0000 0.0000 0.0000 0.0000 0.0000 0.0000 0.0000 0.0000 0.0000 0.0000 0.0000 0.0000 0.0000 0.0000 0.0000 0.0000 0.0000 0.0000 0.0000 0.0000 0.0000 0.0000 0.0000 0.0000 0.0000 2.8244 358.8099 5.8149 2.8570 18.6758 0.9786 2.3013 358.1502 356.4613 355.0740 0.1718 359.8519 356.7491 1.6751 355.3366 2.4517 17.3000 5.0303 349.5389 359.3259 1.8161 2.5224 359.7346 359.5073 
-0.0545 0.8669 0.0532 3.4807 357.3109 358.6018 359.8148 351.3584 357.2141 359.8442 0.3010 10.2924 0.3865 3.0214 356.4821 0.0634 3.2650 0.8570 350.1906 352.1981 15.0803 314.0834 329.9183 1.8144 302.0499 322.3176 22.4958 5.7565 356.5571 10.4895 0.0000 0.0000 0.0000 0.0000 0.0000 0.0000 0.0000 0.0000 0.0000 0.0000 0.0000 0.0000 0.0000 0.0000 0.0000 0.0000 0.0000 0.0000 0.0000 0.0000 0.0000 0.0000 0.0000 0.0000 0.0000 0.0000 0.0000 0.0000 0.0000 0.0000 0.0000 0.0000 0.0000 0.0000 0.0000 0.0000 0.0000 0.0000 0.0000 0.0000 0.0000 0.0000 0.0000 0.0000 0.0000 7.9741 8.4566 358.3733 45.6498 3.4758 61.8360 13.4515 341.9898 353.9042 350.8452 355.8050 1.4145 0.0000 0.0000 0.0000 0.0000 0.0000 0.0000 0.0000 0.0000 0.0000 0.0000 0.0000 0.0000 0.0000 0.0000 0.0000 0.0000 0.0000 0.0000 0.0000 0.0000 0.0000 0.0000 0.0000 0.0000 0.0000 0.0000 0.0000 0.0000 0.0000 0.0000 0.0000 0.0000 0.0000 0.0000 0.0000 0.0000 0.0000 0.0000 0.0000 0.0000 0.0000 0.0000 0.0000 0.0000 0.0000 2.6873 358.6973 5.7616 2.7136 18.6784 0.9548 2.2950 358.2081 356.4822 355.0768 0.1800 359.8507 356.6192 1.6484 355.3066 2.3250 17.3173 4.9978 349.5137 359.3327 1.8489 2.5213 359.7285 359.5065 
-0.0543 0.8670 0.0536 3.7703 357.4068 358.6306 359.8931 351.4006 357.1691 359.8231 0.2193 10.3221 0.4389 3.0163 356.1381 0.0616 3.2316 0.8997 350.5018 351.9980 15.2588 313.5246 330.0043 3.4325 300.8719 321.9151 23.6467 5.6541 356.5975 10.2247 0.0000 0.0000 0.0000 0.0000 0.0000 0.0000 0.0000 0.0000 0.0000 0.0000 0.0000 0.0000 0.0000 0.0000 0.0000 0.0000 0.0000 0.0000 0.0000 0.0000 0.0000 0.0000 0.0000 0.0000 0.0000 0.0000 0.0000 0.0000 0.0000 0.0000 0.0000 0.0000 0.0000 0.0000 0.0000 0.0000 0.0000 0.0000 0.0000 0.0000 0.0000 0.0000 0.0000 0.0000 0.0000 8.1517 8.8482 358.3923 46.6179 4.2249 63.3371 12.1523 342.0673 354.5681 350.5467 355.9605 2.4729 0.0000 0.0000 0.0000 0.0000 0.0000 0.0000 0.0000 0.0000 0.0000 0.0000 0.0000 0.0000 0.0000 0.0000 0.0000 0.0000 0.0000 0.0000 0.0000 0.0000 0.0000 0.0000 0.0000 0.0000 0.0000 0.0000 0.0000 0.0000 0.0000 0.0000 0.0000 0.0000 0.0000 0.0000 0.0000 0.0000 0.0000 0.0000 0.0000 0.0000 0.0000 0.0000 0.0000 0.0000 0.0000 2.5504 358.5846 5.7086 2.5701 18.6808 0.9310 2.2887 358.2661 356.5031 355.0795 0.1882 359.8495 356.4893 1.6217 355.2768 2.1983 17.3346 4.9653 349.4885 359.3395 1.8818 2.5203 359.7224 359.5057 
-0.0541 0.8672 0.0538 4.0995 357.4886 358.6765 0.0332 351.4743 357.1693 359.8299 0.1206 10.2440 0.4551 3.0162 355.9749 0.0493 3.1771 0.9611 350.7757 351.9007 15.3480 313.5738 330.0978 4.3354 297.8534 321.8949 25.8543 5.6128 356.6346 9.8851 0.0000 0.0000 0.0000 0.0000 0.0000 0.0000 0.0000 0.0000 0.0000 0.0000 0.0000 0.0000 0.0000 0.0000 0.0000 0.0000 0.0000 0.0000 0.0000 0.0000 0.0000 0.0000 0.0000 0.0000 0.0000 0.0000 0.0000 0.0000 0.0000 0.0000 0.0000 0.0000 0.0000 0.0000 0.0000 0.0000 0.0000 0.0000 0.0000 0.0000 0.0000 0.0000 0.0000 0.0000 0.0000 8.2174 9.1266 358.3550 46.8184 4.6373 64.0871 11.8719 341.9199 354.8901 350.4404 356.0992 3.3856 0.0000 0.0000 0.0000 0.0000 0.0000 0.0000 0.0000 0.0000 0.0000 0.0000 0.0000 0.0000 0.0000 0.0000 0.0000 0.0000 0.0000 0.0000 0.0000 0.0000 0.0000 0.0000 0.0000 0.0000 0.0000 0.0000 0.0000 0.0000 0.0000 0.0000 0.0000 0.0000 0.0000 0.0000 0.0000 0.0000 0.0000 0.0000 0.0000 0.0000 0.0000 0.0000 0.0000 0.0000 0.0000 2.4268 358.4643 5.6484 2.3918 18.6837 0.9032 2.2782 358.3063 356.4940 355.0833 0.1934 359.8494 356.3214 1.5993 355.2323 2.0659 17.3532 4.9433 349.4633 359.3420 1.8930 2.5166 359.7137 359.5063 
-0.0540 0.8673 0.0540 4.4289 357.5724 358.7230 0.1716 351.5472 357.1707 359.8367 0.0211 10.1661 0.4715 3.0161 355.8103 0.0372 3.1253 1.0190 351.0491 351.8033 15.4365 313.6246 330.1906 5.2372 294.8373 321.9665 28.0597 5.5712 356.6714 9.5457 0.0000 0.0000 0.0000 0.0000 0.0000 0.0000 0.0000 0.0000 0.0000 0.0000 0.0000 0.0000 0.0000 0.0000 0.0000 0.0000 0.0000 0.0000 0.0000 0.0000 0.0000 0.0000 0.0000 0.0000 0.0000 0.0000 0.0000 0.0000 0.0000 0.0000 0.0000 0.0000 0.0000 0.0000 0.0000 0.0000 0.0000 0.0000 0.0000 0.0000 0.0000 0.0000 0.0000 0.0000 0.0000 8.2833 9.4057 358.3182 47.0244 5.0469 64.8389 11.5905 341.7740 355.2132 350.3370 356.2397 4.2981 0.0000 0.0000 0.0000 0.0000 0.0000 0.0000 0.0000 0.0000 0.0000 0.0000 0.0000 0.0000 0.0000 0.0000 0.0000 0.0000 0.0000 0.0000 0.0000 0.0000 0.0000 0.0000 0.0000 0.0000 0.0000 0.0000 0.0000 0.0000 0.0000 0.0000 0.0000 0.0000 0.0000 0.0000 0.0000 0.0000 0.0000 0.0000 0.0000 0.0000 0.0000 0.0000 0.0000 0.0000 0.0000 2.3020 358.3427 5.5880 2.2120 18.6867 0.8753 2.2645 358.3772 356.4959 355.0872 0.1987 359.8493 356.1530 1.5766 355.1878 1.9368 17.3716 4.9223 349.4288 359.3467 1.9163 2.5129 359.7051 359.5070 
-0.0539 0.8674 0.0542 4.7584 357.6562 358.7694 0.3100 351.6201 357.1722 359.8436 359.9217 10.0882 0.4879 3.0161 355.6457 0.0250 3.0736 1.0770 351.3224 351.7054 15.5247 313.6771 330.2827 6.1383 291.8318 322.1293 30.2543 5.5294 356.7080 9.2062 0.0000 0.0000 0.0000 0.0000 0.0000 0.0000 0.0000 0.0000 0.0000 0.0000 0.0000 0.0000 0.0000 0.0000 0.0000 0.0000 0.0000 0.0000 0.0000 0.0000 0.0000 0.0000 0.0000 0.0000 0.0000 0.0000 0.0000 0.0000 0.0000 0.0000 0.0000 0.0000 0.0000 0.0000 0.0000 0.0000 0.0000 0.0000 0.0000 0.0000 0.0000 0.0000 0.0000 0.0000 0.0000 8.3491 9.6848 358.2816 47.2360 5.4538 65.5927 11.3083 341.6298 355.5376 350.2366 356.3816 5.2102 0.0000 0.0000 0.0000 0.0000 0.0000 0.0000 0.0000 0.0000 0.0000 0.0000 0.0000 0.0000 0.0000 0.0000 0.0000 0.0000 0.0000 0.0000 0.0000 0.0000 0.0000 0.0000 0.0000 0.0000 0.0000 0.0000 0.0000 0.0000 0.0000 0.0000 0.0000 0.0000 0.0000 0.0000 0.0000 0.0000 0.0000 0.0000 0.0000 0.0000 0.0000 0.0000 0.0000 0.0000 0.0000 2.1773 358.2209 5.5278 2.0321 18.6894 0.8473 2.2507 358.4481 356.4978 355.0910 0.2039 359.8493 355.9846 1.5539 355.1434 1.8076 17.3896 4.9011 349.3943 359.3517 1.9396 2.5093 359.6965 359.5076 
-0.0537 0.8675 0.0544 4.9422 357.6877 358.8175 0.5060 351.6820 357.2232 359.8826 359.8785 9.9084 0.4187 3.0479 355.5668 359.9653 3.0491 1.1524 351.5278 351.6782 15.5112 313.9047 330.1921 6.3922 288.5042 322.7226 32.3325 5.5407 356.7303 8.8802 0.0000 0.0000 0.0000 0.0000 0.0000 0.0000 0.0000 0.0000 0.0000 0.0000 0.0000 0.0000 0.0000 0.0000 0.0000 0.0000 0.0000 0.0000 0.0000 0.0000 0.0000 0.0000 0.0000 0.0000 0.0000 0.0000 0.0000 0.0000 0.0000 0.0000 0.0000 0.0000 0.0000 0.0000 0.0000 0.0000 0.0000 0.0000 0.0000 0.0000 0.0000 0.0000 0.0000 0.0000 0.0000 8.3477 9.8988 358.2919 47.4182 5.7416 66.0933 11.5120 341.9899 355.8906 350.1677 356.4587 5.6393 0.0000 0.0000 0.0000 0.0000 0.0000 0.0000 0.0000 0.0000 0.0000 0.0000 0.0000 0.0000 0.0000 0.0000 0.0000 0.0000 0.0000 0.0000 0.0000 0.0000 0.0000 0.0000 0.0000 0.0000 0.0000 0.0000 0.0000 0.0000 0.0000 0.0000 0.0000 0.0000 0.0000 0.0000 0.0000 0.0000 0.0000 0.0000 0.0000 0.0000 0.0000 0.0000 0.0000 0.0000 0.0000 2.0980 358.1714 5.4576 1.8808 18.6915 0.8252 2.2436 358.5086 356.5351 355.0914 0.2028 359.8494 355.8832 1.5531 355.0865 1.6893 17.4017 4.8774 349.3455 359.3395 1.9926 2.5096 359.6902 359.5082 
-0.0534 0.8676 0.0545 5.1259 357.7201 358.8661 0.7019 351.7437 357.2744 359.9217 359.8351 9.7283 0.3494 3.0796 355.4889 359.9060 3.0263 1.2260 351.7339 351.6508 15.4979 314.1320 330.1007 6.6460 285.2332 323.4099 34.3472 5.5520 356.7528 8.5541 0.0000 0.0000 0.0000 0.0000 0.0000 0.0000 0.0000 0.0000 0.0000 0.0000 0.0000 0.0000 0.0000 0.0000 0.0000 0.0000 0.0000 0.0000 0.0000 0.0000 0.0000 0.0000 0.0000 0.0000 0.0000 0.0000 0.0000 0.0000 0.0000 0.0000 0.0000 0.0000 0.0000 0.0000 0.0000 0.0000 0.0000 0.0000 0.0000 0.0000 0.0000 0.0000 0.0000 0.0000 0.0000 8.3465 10.1132 358.3022 47.6032 6.0280 66.5954 11.7177 342.3488 356.2444 350.0994 356.5363 6.0684 0.0000 0.0000 0.0000 0.0000 0.0000 0.0000 0.0000 0.0000 0.0000 0.0000 0.0000 0.0000 0.0000 0.0000 0.0000 0.0000 0.0000 0.0000 0.0000 0.0000 0.0000 0.0000 0.0000 0.0000 0.0000 0.0000 0.0000 0.0000 0.0000 0.0000 0.0000 0.0000 0.0000 0.0000 0.0000 0.0000 0.0000 0.0000 0.0000 0.0000 0.0000 0.0000 0.0000 0.0000 0.0000 2.0191 358.1221 5.3876 1.7308 18.6935 0.8032 2.2390 358.5564 356.5719 355.0918 0.2016 359.8495 355.7795 1.5519 355.0290 1.5733 17.4135 4.8542 349.2929 359.3278 2.0482 2.5100 359.6840 359.5088 
-0.0531 0.8676 0.0546 5.3097 357.7525 358.9148 0.8977 351.8052 357.3257 359.9609 359.7917 9.5481 0.2801 3.1111 355.4109 359.8466 3.0036 1.2997 351.9401 351.6235 15.4845 314.3591 330.0085 6.8997 282.0246 324.1874 36.2917 5.5631 356.7753 8.2281 0.0000 0.0000 0.0000 0.0000 0.0000 0.0000 0.0000 0.0000 0.0000 0.0000 0.0000 0.0000 0.0000 0.0000 0.0000 0.0000 0.0000 0.0000 0.0000 0.0000 0.0000 0.0000 0.0000 0.0000 0.0000 0.0000 0.0000 0.0000 0.0000 0.0000 0.0000 0.0000 0.0000 0.0000 0.0000 0.0000 0.0000 0.0000 0.0000 0.0000 0.0000 0.0000 0.0000 0.0000 0.0000 8.3453 10.3277 358.3125 47.7908 6.3127 67.0987 11.9253 342.7065 356.5987 350.0320 356.6144 6.4974 0.0000 0.0000 0.0000 0.0000 0.0000 0.0000 0.0000 0.0000 0.0000 0.0000 0.0000 0.0000 0.0000 0.0000 0.0000 0.0000 0.0000 0.0000 0.0000 0.0000 0.0000 0.0000 0.0000 0.0000 0.0000 0.0000 0.0000 0.0000 0.0000 0.0000 0.0000 0.0000 0.0000 0.0000 0.0000 0.0000 0.0000 0.0000 0.0000 0.0000 0.0000 0.0000 0.0000 0.0000 0.0000 1.9403 358.0726 5.3177 1.5808 18.6955 0.7813 2.2344 358.6041 356.6088 355.0922 0.2005 359.8495 355.6758 1.5506 354.9715 1.4573 17.4253 4.8310 349.2404 359.3160 2.1037 2.5103 359.6777 359.5094 
-0.0529 0.8676 0.0547 5.3954 357.7930 358.9484 1.0472 351.8784 357.3669 0.0021 359.7645 9.3949 0.2424 3.1677 355.4084 359.8129 2.9812 1.3657 351.9955 351.5885 15.4238 314.5530 329.7107 6.8197 277.9905 325.9462 38.5021 5.6308 356.7870 7.9166 0.0000 0.0000 0.0000 0.0000 0.0000 0.0000 0.0000 0.0000 0.0000 0.0000 0.0000 0.0000 0.0000 0.0000 0.0000 0.0000 0.0000 0.0000 0.0000 0.0000 0.0000 0.0000 0.0000 0.0000 0.0000 0.0000 0.0000 0.0000 0.0000 0.0000 0.0000 0.0000 0.0000 0.0000 0.0000 0.0000 0.0000 0.0000 0.0000 0.0000 0.0000 0.0000 0.0000 0.0000 0.0000 8.3245 10.4666 358.3313 47.8779 6.4397 67.4260 12.1008 342.9312 356.8695 349.9495 356.6651 6.6865 0.0000 0.0000 0.0000 0.0000 0.0000 0.0000 0.0000 0.0000 0.0000 0.0000 0.0000 0.0000 0.0000 0.0000 0.0000 0.0000 0.0000 0.0000 0.0000 0.0000 0.0000 0.0000 0.0000 0.0000 0.0000 0.0000 0.0000 0.0000 0.0000 0.0000 0.0000 0.0000 0.0000 0.0000 0.0000 0.0000 0.0000 0.0000 0.0000 0.0000 0.0000 0.0000 0.0000 0.0000 0.0000 1.8997 358.0316 5.2644 1.4559 18.6960 0.7755 2.2669 358.5029 356.5757 355.0949 0.2050 359.8486 355.6154 1.5314 354.9357 1.3891 17.4282 4.8206 349.2410 359.2641 2.0852 2.5101 359.6786 359.5124 
-0.0526 0.8675 0.0548 5.4826 357.8305 358.9777 1.1976 351.9517 357.4086 0.0430 359.7377 9.2431 0.2028 3.2251 355.4036 359.7804 2.9594 1.4303 352.0521 351.5534 15.3629 314.7482 329.4130 6.7386 274.1221 327.8259 40.5157 5.6985 356.7991 7.6049 0.0000 0.0000 0.0000 0.0000 0.0000 0.0000 0.0000 0.0000 0.0000 0.0000 0.0000 0.0000 0.0000 0.0000 0.0000 0.0000 0.0000 0.0000 0.0000 0.0000 0.0000 0.0000 0.0000 0.0000 0.0000 0.0000 0.0000 0.0000 0.0000 0.0000 0.0000 0.0000 0.0000 0.0000 0.0000 0.0000 0.0000 0.0000 0.0000 0.0000 0.0000 0.0000 0.0000 0.0000 0.0000 8.3037 10.6041 358.3500 47.9659 6.5663 67.7536 12.2774 343.1553 357.1408 349.8671 356.7161 6.8759 0.0000 0.0000 0.0000 0.0000 0.0000 0.0000 0.0000 0.0000 0.0000 0.0000 0.0000 0.0000 0.0000 0.0000 0.0000 0.0000 0.0000 0.0000 0.0000 0.0000 0.0000 0.0000 0.0000 0.0000 0.0000 0.0000 0.0000 0.0000 0.0000 0.0000 0.0000 0.0000 0.0000 0.0000 0.0000 0.0000 0.0000 0.0000 0.0000 0.0000 0.0000 0.0000 0.0000 0.0000 0.0000 1.8587 357.9902 5.2108 1.3275 18.6966 0.7691 2.2972 358.4262 356.5616 355.0977 0.2094 359.8477 355.5447 1.5119 354.8941 1.3107 17.4322 4.8082 349.1838 359.1993 2.1279 2.5099 359.6794 359.5153 
-0.0524 0.8674 0.0550 5.5700 357.8681 359.0069 1.3480 352.0248 357.4504 0.0841 359.7111 9.0912 0.1632 3.2825 355.3988 359.7479 2.9375 1.4948 352.1088 351.5183 15.3020 314.9444 329.1156 6.6560 270.4108 329.8133 42.3375 5.7661 356.8116 7.2933 0.0000 0.0000 0.0000 0.0000 0.0000 0.0000 0.0000 0.0000 0.0000 0.0000 0.0000 0.0000 0.0000 0.0000 0.0000 0.0000 0.0000 0.0000 0.0000 0.0000 0.0000 0.0000 0.0000 0.0000 0.0000 0.0000 0.0000 0.0000 0.0000 0.0000 0.0000 0.0000 0.0000 0.0000 0.0000 0.0000 0.0000 0.0000 0.0000 0.0000 0.0000 0.0000 0.0000 0.0000 0.0000 8.2830 10.7417 358.3687 48.0546 6.6923 68.0815 12.4550 343.3786 357.4124 349.7850 356.7674 7.0652 0.0000 0.0000 0.0000 0.0000 0.0000 0.0000 0.0000 0.0000 0.0000 0.0000 0.0000 0.0000 0.0000 0.0000 0.0000 0.0000 0.0000 0.0000 0.0000 0.0000 0.0000 0.0000 0.0000 0.0000 0.0000 0.0000 0.0000 0.0000 0.0000 0.0000 0.0000 0.0000 0.0000 0.0000 0.0000 0.0000 0.0000 0.0000 0.0000 0.0000 0.0000 0.0000 0.0000 0.0000 0.0000 1.8177 357.9487 5.1571 1.1991 18.6971 0.7628 2.3274 358.3497 356.5474 355.1004 0.2139 359.8467 355.4739 1.4925 354.8525 1.2322 17.4360 4.7958 349.1265 359.1347 2.1706 2.5097 359.6803 359.5182 
-0.0524 0.8673 0.0550 5.5732 357.8785 359.0244 1.4117 352.0665 357.4863 0.1123 359.7343 8.9283 0.1311 3.3824 355.4187 359.7259 2.9653 1.5333 352.2114 351.5089 15.2038 315.3324 328.8269 6.1639 266.8065 332.3712 43.3686 5.9291 356.8111 7.0272 0.0000 0.0000 0.0000 0.0000 0.0000 0.0000 0.0000 0.0000 0.0000 0.0000 0.0000 0.0000 0.0000 0.0000 0.0000 0.0000 0.0000 0.0000 0.0000 0.0000 0.0000 0.0000 0.0000 0.0000 0.0000 0.0000 0.0000 0.0000 0.0000 0.0000 0.0000 0.0000 0.0000 0.0000 0.0000 0.0000 0.0000 0.0000 0.0000 0.0000 0.0000 0.0000 0.0000 0.0000 0.0000 8.2161 10.8217 358.3672 47.9730 6.9639 68.2502 12.8793 343.7330 357.7450 349.7153 356.7789 6.9855 0.0000 0.0000 0.0000 0.0000 0.0000 0.0000 0.0000 0.0000 0.0000 0.0000 0.0000 0.0000 0.0000 0.0000 0.0000 0.0000 0.0000 0.0000 0.0000 0.0000 0.0000 0.0000 0.0000 0.0000 0.0000 0.0000 0.0000 0.0000 0.0000 0.0000 0.0000 0.0000 0.0000 0.0000 0.0000 0.0000 0.0000 0.0000 0.0000 0.0000 0.0000 0.0000 0.0000 0.0000 0.0000 1.8477 357.9481 5.1482 1.1621 18.6971 0.7624 2.2385 358.4862 356.5454 355.1023 0.2145 359.8467 355.4858 1.4884 354.8332 1.2353 17.4312 4.8085 349.1942 359.1693 2.0900 2.5090 359.6715 359.5194 
-0.0524 0.8672 0.0551 5.5790 357.8915 359.0439 1.4760 352.1084 357.5223 0.1404 359.7575 8.7654 0.1016 3.4787 355.4389 359.7042 2.9932 1.5713 352.3129 351.5005 15.1069 315.7239 328.5420 5.6684 263.3333 334.9803 44.1971 6.0918 356.8113 6.7620 0.0000 0.0000 0.0000 0.0000 0.0000 0.0000 0.0000 0.0000 0.0000 0.0000 0.0000 0.0000 0.0000 0.0000 0.0000 0.0000 0.0000 0.0000 0.0000 0.0000 0.0000 0.0000 0.0000 0.0000 0.0000 0.0000 0.0000 0.0000 0.0000 0.0000 0.0000 0.0000 0.0000 0.0000 0.0000 0.0000 0.0000 0.0000 0.0000 0.0000 0.0000 0.0000 0.0000 0.0000 0.0000 8.1495 10.8995 358.3652 47.8925 7.2360 68.4194 13.3045 344.0845 358.0789 349.6456 356.7903 6.9059 0.0000 0.0000 0.0000 0.0000 0.0000 0.0000 0.0000 0.0000 0.0000 0.0000 0.0000 0.0000 0.0000 0.0000 0.0000 0.0000 0.0000 0.0000 0.0000 0.0000 0.0000 0.0000 0.0000 0.0000 0.0000 0.0000 0.0000 0.0000 0.0000 0.0000 0.0000 0.0000 0.0000 0.0000 0.0000 0.0000 0.0000 0.0000 0.0000 0.0000 0.0000 0.0000 0.0000 0.0000 0.0000 1.8660 357.9356 5.1240 1.1057 18.6976 0.7610 2.2272 358.4260 356.5072 355.1042 0.2151 359.8466 355.4759 1.4783 354.8011 1.2034 17.4285 4.8158 349.1664 359.0957 2.0806 2.5083 359.6628 359.5205 
-0.0524 0.8671 0.0552 5.5848 357.9044 359.0634 1.5403 352.1503 357.5584 0.1685 359.7808 8.6025 0.0721 3.5749 355.4591 359.6825 3.0212 1.6094 352.4144 351.4922 15.0099 316.1194 328.2601 5.1691 259.9709 337.6292 44.8365 6.2545 356.8121 6.4968 0.0000 0.0000 0.0000 0.0000 0.0000 0.0000 0.0000 0.0000 0.0000 0.0000 0.0000 0.0000 0.0000 0.0000 0.0000 0.0000 0.0000 0.0000 0.0000 0.0000 0.0000 0.0000 0.0000 0.0000 0.0000 0.0000 0.0000 0.0000 0.0000 0.0000 0.0000 0.0000 0.0000 0.0000 0.0000 0.0000 0.0000 0.0000 0.0000 0.0000 0.0000 0.0000 0.0000 0.0000 0.0000 8.0829 10.9772 358.3632 47.8126 7.5083 68.5883 13.7311 344.4335 358.4148 349.5758 356.8015 6.8263 0.0000 0.0000 0.0000 0.0000 0.0000 0.0000 0.0000 0.0000 0.0000 0.0000 0.0000 0.0000 0.0000 0.0000 0.0000 0.0000 0.0000 0.0000 0.0000 0.0000 0.0000 0.0000 0.0000 0.0000 0.0000 0.0000 0.0000 0.0000 0.0000 0.0000 0.0000 0.0000 0.0000 0.0000 0.0000 0.0000 0.0000 0.0000 0.0000 0.0000 0.0000 0.0000 0.0000 0.0000 0.0000 1.8843 357.9233 5.0998 1.0493 18.6975 0.7596 2.2160 358.3661 356.4690 355.1060 0.2157 359.8466 355.4660 1.4681 354.7689 1.1715 17.4256 4.8230 349.1386 359.0222 2.0713 2.5076 359.6540 359.5217 
-0.0530 0.8670 0.0553 5.5832 357.8884 359.0714 1.5795 352.1684 357.6050 0.1863 359.8038 8.4674 0.0526 3.7027 355.5364 359.6864 3.0353 1.6295 352.4552 351.5265 14.8759 316.5646 327.9280 4.4197 256.9001 340.3014 44.8300 6.5196 356.7993 6.3090 0.0000 0.0000 0.0000 0.0000 0.0000 0.0000 0.0000 0.0000 0.0000 0.0000 0.0000 0.0000 0.0000 0.0000 0.0000 0.0000 0.0000 0.0000 0.0000 0.0000 0.0000 0.0000 0.0000 0.0000 0.0000 0.0000 0.0000 0.0000 0.0000 0.0000 0.0000 0.0000 0.0000 0.0000 0.0000 0.0000 0.0000 0.0000 0.0000 0.0000 0.0000 0.0000 0.0000 0.0000 0.0000 7.9722 10.9917 358.3669 47.6358 7.7534 68.6372 13.8370 344.2823 358.4196 349.5466 356.7972 6.7552 0.0000 0.0000 0.0000 0.0000 0.0000 0.0000 0.0000 0.0000 0.0000 0.0000 0.0000 0.0000 0.0000 0.0000 0.0000 0.0000 0.0000 0.0000 0.0000 0.0000 0.0000 0.0000 0.0000 0.0000 0.0000 0.0000 0.0000 0.0000 0.0000 0.0000 0.0000 0.0000 0.0000 0.0000 0.0000 0.0000 0.0000 0.0000 0.0000 0.0000 0.0000 0.0000 0.0000 0.0000 0.0000 1.8780 357.9554 5.1631 1.0311 18.6968 0.7707 2.2240 358.4583 356.4900 355.1036 0.2137 359.8442 355.4744 1.5054 354.8534 1.1880 17.4268 4.8234 349.1488 359.0652 2.0593 2.5067 359.6460 359.5229 
-0.0536 0.8670 0.0555 5.5817 357.8765 359.0854 1.6177 352.1858 357.6510 0.2039 359.8267 8.3340 0.0334 3.8303 355.6136 359.6913 3.0481 1.6480 352.4963 351.5609 14.7416 317.0162 327.6011 3.6650 253.8766 342.9695 44.6733 6.7839 356.7873 6.1226 0.0000 0.0000 0.0000 0.0000 0.0000 0.0000 0.0000 0.0000 0.0000 0.0000 0.0000 0.0000 0.0000 0.0000 0.0000 0.0000 0.0000 0.0000 0.0000 0.0000 0.0000 0.0000 0.0000 0.0000 0.0000 0.0000 0.0000 0.0000 0.0000 0.0000 0.0000 0.0000 0.0000 0.0000 0.0000 0.0000 0.0000 0.0000 0.0000 0.0000 0.0000 0.0000 0.0000 0.0000 0.0000 7.8613 11.0067 358.3705 47.4588 7.9996 68.6860 13.9430 344.1307 358.4242 349.5188 356.7926 6.6857 0.0000 0.0000 0.0000 0.0000 0.0000 0.0000 0.0000 0.0000 0.0000 0.0000 0.0000 0.0000 0.0000 0.0000 0.0000 0.0000 0.0000 0.0000 0.0000 0.0000 0.0000 0.0000 0.0000 0.0000 0.0000 0.0000 0.0000 0.0000 0.0000 0.0000 0.0000 0.0000 0.0000 0.0000 0.0000 0.0000 0.0000 0.0000 0.0000 0.0000 0.0000 0.0000 0.0000 0.0000 0.0000 1.8962 357.9710 5.1939 0.9987 18.6959 0.7814 2.2145 358.4576 356.4518 355.1012 0.2117 359.8417 355.4667 1.5263 354.8859 1.1731 17.4253 4.8310 349.1275 359.0248 2.0368 2.5058 359.6380 359.5241 
-0.0541 0.8669 0.0557 5.5803 357.8645 359.0995 1.6558 352.2032 357.6970 0.2213 359.8495 8.2006 0.0144 3.9578 355.6907 359.6962 3.0610 1.6665 352.5374 351.5955 14.6072 317.4745 327.2794 2.9045 250.8850 345.6264 44.3733 7.0482 356.7761 5.9361 0.0000 0.0000 0.0000 0.0000 0.0000 0.0000 0.0000 0.0000 0.0000 0.0000 0.0000 0.0000 0.0000 0.0000 0.0000 0.0000 0.0000 0.0000 0.0000 0.0000 0.0000 0.0000 0.0000 0.0000 0.0000 0.0000 0.0000 0.0000 0.0000 0.0000 0.0000 0.0000 0.0000 0.0000 0.0000 0.0000 0.0000 0.0000 0.0000 0.0000 0.0000 0.0000 0.0000 0.0000 0.0000 7.7504 11.0216 358.3741 47.2819 8.2460 68.7341 14.0489 343.9792 358.4284 349.4910 356.7879 6.6162 0.0000 0.0000 0.0000 0.0000 0.0000 0.0000 0.0000 0.0000 0.0000 0.0000 0.0000 0.0000 0.0000 0.0000 0.0000 0.0000 0.0000 0.0000 0.0000 0.0000 0.0000 0.0000 0.0000 0.0000 0.0000 0.0000 0.0000 0.0000 0.0000 0.0000 0.0000 0.0000 0.0000 0.0000 0.0000 0.0000 0.0000 0.0000 0.0000 0.0000 0.0000 0.0000 0.0000 0.0000 0.0000 1.9144 357.9865 5.2248 0.9662 18.6952 0.7921 2.2051 358.4569 356.4136 355.0988 0.2098 359.8393 355.4590 1.5472 354.9184 1.1581 17.4236 4.8385 349.1062 358.9845 2.0143 2.5049 359.6300 359.5254 
-0.0544 0.8668 0.0559 5.4998 357.8775 359.0734 1.6459 352.1994 357.7171 0.2390 359.9209 8.0079 0.0251 4.0379 355.7647 359.7328 3.0880 1.6694 352.5931 351.5828 14.4741 317.6477 326.8714 2.3137 248.9150 347.5870 43.9176 7.3514 356.7808 5.8177 0.0000 0.0000 0.0000 0.0000 0.0000 0.0000 0.0000 0.0000 0.0000 0.0000 0.0000 0.0000 0.0000 0.0000 0.0000 0.0000 0.0000 0.0000 0.0000 0.0000 0.0000 0.0000 0.0000 0.0000 0.0000 0.0000 0.0000 0.0000 0.0000 0.0000 0.0000 0.0000 0.0000 0.0000 0.0000 0.0000 0.0000 0.0000 0.0000 0.0000 0.0000 0.0000 0.0000 0.0000 0.0000 7.6676 11.0134 358.3491 47.1830 8.4337 68.8296 14.2140 343.9633 358.4550 349.4872 356.7858 6.5482 0.0000 0.0000 0.0000 0.0000 0.0000 0.0000 0.0000 0.0000 0.0000 0.0000 0.0000 0.0000 0.0000 0.0000 0.0000 0.0000 0.0000 0.0000 0.0000 0.0000 0.0000 0.0000 0.0000 0.0000 0.0000 0.0000 0.0000 0.0000 0.0000 0.0000 0.0000 0.0000 0.0000 0.0000 0.0000 0.0000 0.0000 0.0000 0.0000 0.0000 0.0000 0.0000 0.0000 0.0000 0.0000 1.9509 358.0133 5.2472 1.0204 18.6940 0.8055 2.2235 358.4039 356.4378 355.0997 0.2097 359.8382 355.5095 1.5553 354.9394 1.1639 17.4127 4.8488 349.1078 358.9630 2.0026 2.5032 359.6290 359.5254 
-0.0547 0.8667 0.0562 5.4161 357.8786 359.0613 1.6413 352.1981 357.7436 0.2563 359.9921 7.8167 0.0360 4.1178 355.8385 359.7687 3.1130 1.6695 352.6485 351.5699 14.3417 317.8270 326.4648 1.7184 246.9429 349.5313 43.3971 7.6548 356.7861 5.6993 0.0000 0.0000 0.0000 0.0000 0.0000 0.0000 0.0000 0.0000 0.0000 0.0000 0.0000 0.0000 0.0000 0.0000 0.0000 0.0000 0.0000 0.0000 0.0000 0.0000 0.0000 0.0000 0.0000 0.0000 0.0000 0.0000 0.0000 0.0000 0.0000 0.0000 0.0000 0.0000 0.0000 0.0000 0.0000 0.0000 0.0000 0.0000 0.0000 0.0000 0.0000 0.0000 0.0000 0.0000 0.0000 7.5846 11.0052 358.3242 47.0841 8.6218 68.9249 14.3796 343.9466 358.4814 349.4831 356.7837 6.4795 0.0000 0.0000 0.0000 0.0000 0.0000 0.0000 0.0000 0.0000 0.0000 0.0000 0.0000 0.0000 0.0000 0.0000 0.0000 0.0000 0.0000 0.0000 0.0000 0.0000 0.0000 0.0000 0.0000 0.0000 0.0000 0.0000 0.0000 0.0000 0.0000 0.0000 0.0000 0.0000 0.0000 0.0000 0.0000 0.0000 0.0000 0.0000 0.0000 0.0000 0.0000 0.0000 0.0000 0.0000 0.0000 1.9922 358.0441 5.2776 1.0643 18.6925 0.8222 2.2293 358.3499 356.4110 355.1006 0.2096 359.8372 355.5591 1.5660 354.9644 1.1696 17.4018 4.8590 349.1102 358.9430 1.9918 2.5015 359.6280 359.5255 
-0.0550 0.8666 0.0564 5.3324 357.8798 359.0491 1.6368 352.1968 357.7702 0.2734 0.0633 7.6255 0.0471 4.1976 355.9123 359.8046 3.1380 1.6696 352.7040 351.5573 14.2093 318.0121 326.0597 1.1186 244.9641 351.4573 42.8126 7.9582 356.7919 5.5808 0.0000 0.0000 0.0000 0.0000 0.0000 0.0000 0.0000 0.0000 0.0000 0.0000 0.0000 0.0000 0.0000 0.0000 0.0000 0.0000 0.0000 0.0000 0.0000 0.0000 0.0000 0.0000 0.0000 0.0000 0.0000 0.0000 0.0000 0.0000 0.0000 0.0000 0.0000 0.0000 0.0000 0.0000 0.0000 0.0000 0.0000 0.0000 0.0000 0.0000 0.0000 0.0000 0.0000 0.0000 0.0000 7.5017 10.9969 358.2993 46.9855 8.8101 69.0199 14.5452 343.9299 358.5078 349.4791 356.7815 6.4107 0.0000 0.0000 0.0000 0.0000 0.0000 0.0000 0.0000 0.0000 0.0000 0.0000 0.0000 0.0000 0.0000 0.0000 0.0000 0.0000 0.0000 0.0000 0.0000 0.0000 0.0000 0.0000 0.0000 0.0000 0.0000 0.0000 0.0000 0.0000 0.0000 0.0000 0.0000 0.0000 0.0000 0.0000 0.0000 0.0000 0.0000 0.0000 0.0000 0.0000 0.0000 0.0000 0.0000 0.0000 0.0000 2.0334 358.0748 5.3079 1.1082 18.6910 0.8390 2.2351 358.2961 356.3842 355.1014 0.2095 359.8361 355.6087 1.5767 354.9894 1.1754 17.3908 4.8693 349.1126 358.9230 1.9810 2.4997 359.6270 359.5255 
-0.0553 0.8665 0.0567 5.2580 357.8889 359.0813 1.6676 352.2129 357.8380 0.2969 0.1178 7.4280 0.0799 4.1756 355.9982 359.8468 3.1046 1.6347 352.7145 351.5927 14.0467 318.4544 325.7543 0.4133 243.1048 353.0271 42.2965 8.2100 356.8010 5.4974 0.0000 0.0000 0.0000 0.0000 0.0000 0.0000 0.0000 0.0000 0.0000 0.0000 0.0000 0.0000 0.0000 0.0000 0.0000 0.0000 0.0000 0.0000 0.0000 0.0000 0.0000 0.0000 0.0000 0.0000 0.0000 0.0000 0.0000 0.0000 0.0000 0.0000 0.0000 0.0000 0.0000 0.0000 0.0000 0.0000 0.0000 0.0000 0.0000 0.0000 0.0000 0.0000 0.0000 0.0000 0.0000 7.4290 10.9904 358.3004 46.9245 8.9252 69.0850 14.6947 343.8807 358.4807 349.4769 356.7741 6.2941 0.0000 0.0000 0.0000 0.0000 0.0000 0.0000 0.0000 0.0000 0.0000 0.0000 0.0000 0.0000 0.0000 0.0000 0.0000 0.0000 0.0000 0.0000 0.0000 0.0000 0.0000 0.0000 0.0000 0.0000 0.0000 0.0000 0.0000 0.0000 0.0000 0.0000 0.0000 0.0000 0.0000 0.0000 0.0000 0.0000 0.0000 0.0000 0.0000 0.0000 0.0000 0.0000 0.0000 0.0000 0.0000 2.0415 358.0956 5.3060 1.1355 18.6907 0.8437 2.2503 358.2987 356.3870 355.1031 0.2110 359.8348 355.6394 1.5790 354.9985 1.1850 17.3890 4.8713 349.1263 358.8103 1.9365 2.4986 359.6298 359.5258 
-0.0555 0.8663 0.0570 5.1802 357.8994 359.0990 1.6985 352.2288 357.9063 0.3204 0.1729 7.2288 0.1129 4.1550 356.0853 359.8906 3.0724 1.5998 352.7243 351.6283 13.8858 318.9030 325.4530 359.7020 241.2369 354.5798 41.7315 8.4613 356.8104 5.4143 0.0000 0.0000 0.0000 0.0000 0.0000 0.0000 0.0000 0.0000 0.0000 0.0000 0.0000 0.0000 0.0000 0.0000 0.0000 0.0000 0.0000 0.0000 0.0000 0.0000 0.0000 0.0000 0.0000 0.0000 0.0000 0.0000 0.0000 0.0000 0.0000 0.0000 0.0000 0.0000 0.0000 0.0000 0.0000 0.0000 0.0000 0.0000 0.0000 0.0000 0.0000 0.0000 0.0000 0.0000 0.0000 7.3586 10.9841 358.3022 46.8637 9.0404 69.1501 14.8453 343.8315 358.4535 349.4748 356.7666 6.1763 0.0000 0.0000 0.0000 0.0000 0.0000 0.0000 0.0000 0.0000 0.0000 0.0000 0.0000 0.0000 0.0000 0.0000 0.0000 0.0000 0.0000 0.0000 0.0000 0.0000 0.0000 0.0000 0.0000 0.0000 0.0000 0.0000 0.0000 0.0000 0.0000 0.0000 0.0000 0.0000 0.0000 0.0000 0.0000 0.0000 0.0000 0.0000 0.0000 0.0000 0.0000 0.0000 0.0000 0.0000 0.0000 2.0603 358.1244 5.3118 1.1772 18.6897 0.8539 2.2703 358.2576 356.3680 355.1048 0.2126 359.8336 355.6651 1.5802 355.0050 1.1947 17.3872 4.8733 349.1334 358.7535 1.9221 2.4975 359.6327 359.5261 
-0.0558 0.8662 0.0573 5.1024 357.9100 359.1167 1.7293 352.2447 357.9745 0.3437 0.2281 7.0296 0.1459 4.1343 356.1725 359.9345 3.0401 1.5648 352.7339 351.6639 13.7250 319.3577 325.1564 358.9853 239.3578 356.1134 41.1177 8.7124 356.8202 5.3312 0.0000 0.0000 0.0000 0.0000 0.0000 0.0000 0.0000 0.0000 0.0000 0.0000 0.0000 0.0000 0.0000 0.0000 0.0000 0.0000 0.0000 0.0000 0.0000 0.0000 0.0000 0.0000 0.0000 0.0000 0.0000 0.0000 0.0000 0.0000 0.0000 0.0000 0.0000 0.0000 0.0000 0.0000 0.0000 0.0000 0.0000 0.0000 0.0000 0.0000 0.0000 0.0000 0.0000 0.0000 0.0000 7.2882 10.9778 358.3040 46.8030 9.1556 69.2150 14.9959 343.7823 358.4261 349.4726 356.7592 6.0586 0.0000 0.0000 0.0000 0.0000 0.0000 0.0000 0.0000 0.0000 0.0000 0.0000 0.0000 0.0000 0.0000 0.0000 0.0000 0.0000 0.0000 0.0000 0.0000 0.0000 0.0000 0.0000 0.0000 0.0000 0.0000 0.0000 0.0000 0.0000 0.0000 0.0000 0.0000 0.0000 0.0000 0.0000 0.0000 0.0000 0.0000 0.0000 0.0000 0.0000 0.0000 0.0000 0.0000 0.0000 0.0000 2.0790 358.1531 5.3176 1.2188 18.6888 0.8641 2.2902 358.2164 356.3489 355.1064 0.2141 359.8323 355.6908 1.5814 355.0115 1.2043 17.3852 4.8752 349.1405 358.6968 1.9077 2.4964 359.6355 359.5264 
-0.0560 0.8661 0.0573 5.0348 357.9122 359.0950 1.7697 352.2640 358.0253 0.3771 0.2855 6.8139 0.1420 4.1109 356.2839 359.9727 2.9962 1.5578 352.7305 351.7221 13.5457 319.9431 324.8994 358.0378 237.8166 357.2466 40.1989 8.9851 356.8126 5.3882 0.0000 0.0000 0.0000 0.0000 0.0000 0.0000 0.0000 0.0000 0.0000 0.0000 0.0000 0.0000 0.0000 0.0000 0.0000 0.0000 0.0000 0.0000 0.0000 0.0000 0.0000 0.0000 0.0000 0.0000 0.0000 0.0000 0.0000 0.0000 0.0000 0.0000 0.0000 0.0000 0.0000 0.0000 0.0000 0.0000 0.0000 0.0000 0.0000 0.0000 0.0000 0.0000 0.0000 0.0000 0.0000 7.2114 10.9576 358.3128 46.7725 9.2309 69.2212 15.2746 343.9901 358.5177 349.4600 356.7565 5.9932 0.0000 0.0000 0.0000 0.0000 0.0000 0.0000 0.0000 0.0000 0.0000 0.0000 0.0000 0.0000 0.0000 0.0000 0.0000 0.0000 0.0000 0.0000 0.0000 0.0000 0.0000 0.0000 0.0000 0.0000 0.0000 0.0000 0.0000 0.0000 0.0000 0.0000 0.0000 0.0000 0.0000 0.0000 0.0000 0.0000 0.0000 0.0000 0.0000 0.0000 0.0000 0.0000 0.0000 0.0000 0.0000 2.0883 358.1518 5.3371 1.2496 18.6884 0.8681 2.3034 358.1895 356.3440 355.1065 0.2131 359.8301 355.7195 1.5683 355.0351 1.1983 17.3636 4.8871 349.1591 358.6554 1.8881 2.4969 359.6380 359.5266 
-0.0563 0.8660 0.0574 4.9639 357.9236 359.0888 1.8130 352.2848 358.0826 0.4104 0.3433 6.5968 0.1395 4.0866 356.3991 0.0086 2.9539 1.5525 352.7270 351.7806 13.3652 320.5353 324.6504 357.0840 236.2584 358.3548 39.2509 9.2579 356.8047 5.4452 0.0000 0.0000 0.0000 0.0000 0.0000 0.0000 0.0000 0.0000 0.0000 0.0000 0.0000 0.0000 0.0000 0.0000 0.0000 0.0000 0.0000 0.0000 0.0000 0.0000 0.0000 0.0000 0.0000 0.0000 0.0000 0.0000 0.0000 0.0000 0.0000 0.0000 0.0000 0.0000 0.0000 0.0000 0.0000 0.0000 0.0000 0.0000 0.0000 0.0000 0.0000 0.0000 0.0000 0.0000 0.0000 7.1327 10.9372 358.3217 46.7426 9.3048 69.2266 15.5550 344.1969 358.6100 349.4473 356.7538 5.9271 0.0000 0.0000 0.0000 0.0000 0.0000 0.0000 0.0000 0.0000 0.0000 0.0000 0.0000 0.0000 0.0000 0.0000 0.0000 0.0000 0.0000 0.0000 0.0000 0.0000 0.0000 0.0000 0.0000 0.0000 0.0000 0.0000 0.0000 0.0000 0.0000 0.0000 0.0000 0.0000 0.0000 0.0000 0.0000 0.0000 0.0000 0.0000 0.0000 0.0000 0.0000 0.0000 0.0000 0.0000 0.0000 2.1023 358.1579 5.3582 1.2831 18.6879 0.8728 2.3185 358.1586 356.3373 355.1066 0.2120 359.8279 355.7434 1.5551 355.0575 1.1922 17.3416 4.8989 349.1775 358.6158 1.8689 2.4973 359.6405 359.5268 
-0.0565 0.8660 0.0574 4.8930 357.9350 359.0826 1.8564 352.3055 358.1399 0.4436 0.4012 6.3798 0.1369 4.0622 356.5143 0.0446 2.9115 1.5473 352.7233 351.8391 13.1848 321.1345 324.4095 356.1244 234.6827 359.4367 38.2736 9.5306 356.7966 5.5021 0.0000 0.0000 0.0000 0.0000 0.0000 0.0000 0.0000 0.0000 0.0000 0.0000 0.0000 0.0000 0.0000 0.0000 0.0000 0.0000 0.0000 0.0000 0.0000 0.0000 0.0000 0.0000 0.0000 0.0000 0.0000 0.0000 0.0000 0.0000 0.0000 0.0000 0.0000 0.0000 0.0000 0.0000 0.0000 0.0000 0.0000 0.0000 0.0000 0.0000 0.0000 0.0000 0.0000 0.0000 0.0000 7.0540 10.9169 358.3307 46.7128 9.3787 69.2320 15.8355 344.4033 358.7032 349.4346 356.7510 5.8610 0.0000 0.0000 0.0000 0.0000 0.0000 0.0000 0.0000 0.0000 0.0000 0.0000 0.0000 0.0000 0.0000 0.0000 0.0000 0.0000 0.0000 0.0000 0.0000 0.0000 0.0000 0.0000 0.0000 0.0000 0.0000 0.0000 0.0000 0.0000 0.0000 0.0000 0.0000 0.0000 0.0000 0.0000 0.0000 0.0000 0.0000 0.0000 0.0000 0.0000 0.0000 0.0000 0.0000 0.0000 0.0000 2.1164 358.1639 5.3792 1.3166 18.6874 0.8775 2.3335 358.1278 356.3306 355.1067 0.2109 359.8257 355.7673 1.5418 355.0798 1.1862 17.3199 4.9108 349.1958 358.5762 1.8497 2.4978 359.6429 359.5270 
-0.0568 0.8660 0.0574 4.8164 357.9315 359.0944 1.9316 352.3351 358.2005 0.4798 0.4811 6.2000 0.1459 3.9858 356.6592 0.0910 2.8044 1.5742 352.7234 351.9768 12.9713 322.0955 324.2776 354.6736 233.5092 359.8386 37.3639 9.6732 356.7689 5.6062 0.0000 0.0000 0.0000 0.0000 0.0000 0.0000 0.0000 0.0000 0.0000 0.0000 0.0000 0.0000 0.0000 0.0000 0.0000 0.0000 0.0000 0.0000 0.0000 0.0000 0.0000 0.0000 0.0000 0.0000 0.0000 0.0000 0.0000 0.0000 0.0000 0.0000 0.0000 0.0000 0.0000 0.0000 0.0000 0.0000 0.0000 0.0000 0.0000 0.0000 0.0000 0.0000 0.0000 0.0000 0.0000 6.9750 10.9013 358.3618 46.7031 9.4112 69.1764 16.0323 344.5002 358.7196 349.4230 356.7425 5.7951 0.0000 0.0000 0.0000 0.0000 0.0000 0.0000 0.0000 0.0000 0.0000 0.0000 0.0000 0.0000 0.0000 0.0000 0.0000 0.0000 0.0000 0.0000 0.0000 0.0000 0.0000 0.0000 0.0000 0.0000 0.0000 0.0000 0.0000 0.0000 0.0000 0.0000 0.0000 0.0000 0.0000 0.0000 0.0000 0.0000 0.0000 0.0000 0.0000 0.0000 0.0000 0.0000 0.0000 0.0000 0.0000 2.1353 358.1703 5.3969 1.3498 18.6875 0.8782 2.3178 358.1610 356.3380 355.1081 0.2107 359.8232 355.7867 1.5257 355.0836 1.2215 17.3647 4.8882 349.1803 358.6242 1.8743 2.4976 359.6498 359.5275 
-0.0570 0.8659 0.0574 4.7431 357.9364 359.1016 2.0093 352.3658 358.2643 0.5160 0.5614 6.0193 0.1546 3.9087 356.8075 0.1343 2.7009 1.6016 352.7231 352.1149 12.7569 323.0620 324.1654 353.2178 232.3297 0.2216 36.4460 9.8167 356.7408 5.7104 0.0000 0.0000 0.0000 0.0000 0.0000 0.0000 0.0000 0.0000 0.0000 0.0000 0.0000 0.0000 0.0000 0.0000 0.0000 0.0000 0.0000 0.0000 0.0000 0.0000 0.0000 0.0000 0.0000 0.0000 0.0000 0.0000 0.0000 0.0000 0.0000 0.0000 0.0000 0.0000 0.0000 0.0000 0.0000 0.0000 0.0000 0.0000 0.0000 0.0000 0.0000 0.0000 0.0000 0.0000 0.0000 6.8944 10.8853 358.3932 46.6952 9.4390 69.1204 16.2294 344.5974 358.7364 349.4105 356.7337 5.7243 0.0000 0.0000 0.0000 0.0000 0.0000 0.0000 0.0000 0.0000 0.0000 0.0000 0.0000 0.0000 0.0000 0.0000 0.0000 0.0000 0.0000 0.0000 0.0000 0.0000 0.0000 0.0000 0.0000 0.0000 0.0000 0.0000 0.0000 0.0000 0.0000 0.0000 0.0000 0.0000 0.0000 0.0000 0.0000 0.0000 0.0000 0.0000 0.0000 0.0000 0.0000 0.0000 0.0000 0.0000 0.0000 2.1499 358.1747 5.4082 1.4036 18.6873 0.8818 2.3188 358.1602 356.3379 355.1094 0.2105 359.8208 355.8093 1.5078 355.0903 1.2446 17.3659 4.8895 349.1906 358.6163 1.8717 2.4975 359.6566 359.5280 
-0.0572 0.8659 0.0574 4.6698 357.9414 359.1088 2.0870 352.3963 358.3281 0.5519 0.6418 5.8386 0.1632 3.8315 356.9557 0.1775 2.5974 1.6289 352.7223 352.2530 12.5425 324.0329 324.0732 351.7580 231.1441 0.5856 35.5202 9.9601 356.7125 5.8145 0.0000 0.0000 0.0000 0.0000 0.0000 0.0000 0.0000 0.0000 0.0000 0.0000 0.0000 0.0000 0.0000 0.0000 0.0000 0.0000 0.0000 0.0000 0.0000 0.0000 0.0000 0.0000 0.0000 0.0000 0.0000 0.0000 0.0000 0.0000 0.0000 0.0000 0.0000 0.0000 0.0000 0.0000 0.0000 0.0000 0.0000 0.0000 0.0000 0.0000 0.0000 0.0000 0.0000 0.0000 0.0000 6.8138 10.8693 358.4247 46.6872 9.4668 69.0644 16.4263 344.6946 358.7535 349.3980 356.7249 5.6535 0.0000 0.0000 0.0000 0.0000 0.0000 0.0000 0.0000 0.0000 0.0000 0.0000 0.0000 0.0000 0.0000 0.0000 0.0000 0.0000 0.0000 0.0000 0.0000 0.0000 0.0000 0.0000 0.0000 0.0000 0.0000 0.0000 0.0000 0.0000 0.0000 0.0000 0.0000 0.0000 0.0000 0.0000 0.0000 0.0000 0.0000 0.0000 0.0000 0.0000 0.0000 0.0000 0.0000 0.0000 0.0000 2.1645 358.1792 5.4195 1.4574 18.6872 0.8855 2.3197 358.1594 356.3378 355.1107 0.2103 359.8183 355.8319 1.4898 355.0971 1.2678 17.3670 4.8907 349.2009 358.6085 1.8692 2.4973 359.6635 359.5284 
-0.0577 0.8658 0.0573 4.5784 357.9400 359.1094 2.1704 352.3964 358.3901 0.5949 0.7575 5.6089 0.1798 3.8219 357.0660 0.2186 2.5251 1.6447 352.7585 352.4331 12.2685 324.9636 324.0002 350.1125 230.0500 1.0894 34.6169 10.0826 356.6773 6.0101 0.0000 0.0000 0.0000 0.0000 0.0000 0.0000 0.0000 0.0000 0.0000 0.0000 0.0000 0.0000 0.0000 0.0000 0.0000 0.0000 0.0000 0.0000 0.0000 0.0000 0.0000 0.0000 0.0000 0.0000 0.0000 0.0000 0.0000 0.0000 0.0000 0.0000 0.0000 0.0000 0.0000 0.0000 0.0000 0.0000 0.0000 0.0000 0.0000 0.0000 0.0000 0.0000 0.0000 0.0000 0.0000 6.7169 10.8473 358.4612 46.7082 9.5017 68.9871 16.6867 344.9263 358.7941 349.3990 356.7219 5.5984 0.0000 0.0000 0.0000 0.0000 0.0000 0.0000 0.0000 0.0000 0.0000 0.0000 0.0000 0.0000 0.0000 0.0000 0.0000 0.0000 0.0000 0.0000 0.0000 0.0000 0.0000 0.0000 0.0000 0.0000 0.0000 0.0000 0.0000 0.0000 0.0000 0.0000 0.0000 0.0000 0.0000 0.0000 0.0000 0.0000 0.0000 0.0000 0.0000 0.0000 0.0000 0.0000 0.0000 0.0000 0.0000 2.1718 358.1827 5.4297 1.5129 18.6861 0.8972 2.3255 358.1413 356.3251 355.1094 0.2084 359.8164 355.8616 1.4642 355.1287 1.3060 17.3634 4.8935 349.2490 358.5505 1.8463 2.4982 359.6757 359.5333 
-0.0581 0.8657 0.0572 4.4873 357.9387 359.1100 2.2532 352.3961 358.4517 0.6372 0.8726 5.3809 0.1962 3.8137 357.1735 0.2595 2.4536 1.6603 352.7938 352.6138 11.9941 325.8973 323.9488 348.4643 228.9482 1.5755 33.7040 10.2052 356.6417 6.2057 0.0000 0.0000 0.0000 0.0000 0.0000 0.0000 0.0000 0.0000 0.0000 0.0000 0.0000 0.0000 0.0000 0.0000 0.0000 0.0000 0.0000 0.0000 0.0000 0.0000 0.0000 0.0000 0.0000 0.0000 0.0000 0.0000 0.0000 0.0000 0.0000 0.0000 0.0000 0.0000 0.0000 0.0000 0.0000 0.0000 0.0000 0.0000 0.0000 0.0000 0.0000 0.0000 0.0000 0.0000 0.0000 6.6207 10.8254 358.4974 46.7289 9.5370 68.9088 16.9479 345.1585 358.8360 349.4008 356.7193 5.5470 0.0000 0.0000 0.0000 0.0000 0.0000 0.0000 0.0000 0.0000 0.0000 0.0000 0.0000 0.0000 0.0000 0.0000 0.0000 0.0000 0.0000 0.0000 0.0000 0.0000 0.0000 0.0000 0.0000 0.0000 0.0000 0.0000 0.0000 0.0000 0.0000 0.0000 0.0000 0.0000 0.0000 0.0000 0.0000 0.0000 0.0000 0.0000 0.0000 0.0000 0.0000 0.0000 0.0000 0.0000 0.0000 2.1790 358.1862 5.4400 1.5647 18.6850 0.9086 2.3314 358.1233 356.3125 355.1080 0.2065 359.8144 355.8821 1.4458 355.1576 1.3413 17.3594 4.8960 349.2648 358.5173 1.8312 2.4990 359.6880 359.5382 
-0.0585 0.8656 0.0571 4.3961 357.9373 359.1107 2.3360 352.3957 358.5133 0.6790 0.9879 5.1530 0.2126 3.8055 357.2810 0.3002 2.3822 1.6758 352.8283 352.7946 11.7200 326.8329 323.9191 346.8145 227.8385 2.0439 32.7815 10.3277 356.6056 6.4014 0.0000 0.0000 0.0000 0.0000 0.0000 0.0000 0.0000 0.0000 0.0000 0.0000 0.0000 0.0000 0.0000 0.0000 0.0000 0.0000 0.0000 0.0000 0.0000 0.0000 0.0000 0.0000 0.0000 0.0000 0.0000 0.0000 0.0000 0.0000 0.0000 0.0000 0.0000 0.0000 0.0000 0.0000 0.0000 0.0000 0.0000 0.0000 0.0000 0.0000 0.0000 0.0000 0.0000 0.0000 0.0000 6.5245 10.8036 358.5337 46.7495 9.5724 68.8305 17.2090 345.3904 358.8788 349.4025 356.7168 5.4955 0.0000 0.0000 0.0000 0.0000 0.0000 0.0000 0.0000 0.0000 0.0000 0.0000 0.0000 0.0000 0.0000 0.0000 0.0000 0.0000 0.0000 0.0000 0.0000 0.0000 0.0000 0.0000 0.0000 0.0000 0.0000 0.0000 0.0000 0.0000 0.0000 0.0000 0.0000 0.0000 0.0000 0.0000 0.0000 0.0000 0.0000 0.0000 0.0000 0.0000 0.0000 0.0000 0.0000 0.0000 0.0000 2.1862 358.1898 5.4502 1.6165 18.6838 0.9201 2.3372 358.1053 356.2998 355.1067 0.2046 359.8125 355.9027 1.4274 355.1865 1.3767 17.3555 4.8986 349.2806 358.4841 1.8162 2.4999 359.7002 359.5430 
-0.0587 0.8655 0.0569 4.3325 357.9237 359.1226 2.4038 352.3906 358.5785 0.7183 1.1255 4.9717 0.2329 3.7575 357.4135 0.3346 2.2931 1.7062 352.8715 353.0628 11.3969 328.0490 324.1445 344.5768 226.8869 2.1505 31.8632 10.3555 356.5765 6.6074 0.0000 0.0000 0.0000 0.0000 0.0000 0.0000 0.0000 0.0000 0.0000 0.0000 0.0000 0.0000 0.0000 0.0000 0.0000 0.0000 0.0000 0.0000 0.0000 0.0000 0.0000 0.0000 0.0000 0.0000 0.0000 0.0000 0.0000 0.0000 0.0000 0.0000 0.0000 0.0000 0.0000 0.0000 0.0000 0.0000 0.0000 0.0000 0.0000 0.0000 0.0000 0.0000 0.0000 0.0000 0.0000 6.4535 10.7592 358.5779 46.7623 9.6246 68.7298 17.4719 345.7070 358.9574 349.3977 356.7198 5.4650 0.0000 0.0000 0.0000 0.0000 0.0000 0.0000 0.0000 0.0000 0.0000 0.0000 0.0000 0.0000 0.0000 0.0000 0.0000 0.0000 0.0000 0.0000 0.0000 0.0000 0.0000 0.0000 0.0000 0.0000 0.0000 0.0000 0.0000 0.0000 0.0000 0.0000 0.0000 0.0000 0.0000 0.0000 0.0000 0.0000 0.0000 0.0000 0.0000 0.0000 0.0000 0.0000 0.0000 0.0000 0.0000 2.2373 358.2173 5.5063 1.6651 18.6833 0.9261 2.3634 358.0584 356.2903 355.1086 0.2062 359.8099 355.9058 1.4075 355.1859 1.4043 17.3565 4.8977 349.3127 358.4008 1.8026 2.4959 359.6867 359.5334 
-0.0589 0.8653 0.0568 4.2678 357.9099 359.1346 2.4718 352.3853 358.6439 0.7573 1.2634 4.7898 0.2527 3.7096 357.5443 0.3688 2.2042 1.7365 352.9131 353.3306 11.0750 329.2496 324.4080 342.3521 225.9336 2.2417 30.9430 10.3829 356.5474 6.8131 0.0000 0.0000 0.0000 0.0000 0.0000 0.0000 0.0000 0.0000 0.0000 0.0000 0.0000 0.0000 0.0000 0.0000 0.0000 0.0000 0.0000 0.0000 0.0000 0.0000 0.0000 0.0000 0.0000 0.0000 0.0000 0.0000 0.0000 0.0000 0.0000 0.0000 0.0000 0.0000 0.0000 0.0000 0.0000 0.0000 0.0000 0.0000 0.0000 0.0000 0.0000 0.0000 0.0000 0.0000 0.0000 6.3812 10.7146 358.6227 46.7758 9.6781 68.6262 17.7349 346.0233 359.0374 349.3927 356.7229 5.4382 0.0000 0.0000 0.0000 0.0000 0.0000 0.0000 0.0000 0.0000 0.0000 0.0000 0.0000 0.0000 0.0000 0.0000 0.0000 0.0000 0.0000 0.0000 0.0000 0.0000 0.0000 0.0000 0.0000 0.0000 0.0000 0.0000 0.0000 0.0000 0.0000 0.0000 0.0000 0.0000 0.0000 0.0000 0.0000 0.0000 0.0000 0.0000 0.0000 0.0000 0.0000 0.0000 0.0000 0.0000 0.0000 2.2521 358.2273 5.5112 1.6918 18.6833 0.9273 2.3897 358.0116 356.2806 355.1106 0.2079 359.8074 355.9112 1.3855 355.1886 1.4391 17.3568 4.8974 349.3373 358.3332 1.7961 2.4938 359.6997 359.5343 
-0.0591 0.8652 0.0566 4.2031 357.8961 359.1466 2.5398 352.3800 358.7092 0.7958 1.4016 4.6081 0.2725 3.6616 357.6752 0.4029 2.1152 1.7668 352.9531 353.5987 10.7534 330.4327 324.7091 340.1425 224.9791 2.3174 30.0214 10.4102 356.5181 7.0187 0.0000 0.0000 0.0000 0.0000 0.0000 0.0000 0.0000 0.0000 0.0000 0.0000 0.0000 0.0000 0.0000 0.0000 0.0000 0.0000 0.0000 0.0000 0.0000 0.0000 0.0000 0.0000 0.0000 0.0000 0.0000 0.0000 0.0000 0.0000 0.0000 0.0000 0.0000 0.0000 0.0000 0.0000 0.0000 0.0000 0.0000 0.0000 0.0000 0.0000 0.0000 0.0000 0.0000 0.0000 0.0000 6.3088 10.6700 358.6676 46.7892 9.7317 68.5225 17.9980 346.3390 359.1188 349.3878 356.7261 5.4114 0.0000 0.0000 0.0000 0.0000 0.0000 0.0000 0.0000 0.0000 0.0000 0.0000 0.0000 0.0000 0.0000 0.0000 0.0000 0.0000 0.0000 0.0000 0.0000 0.0000 0.0000 0.0000 0.0000 0.0000 0.0000 0.0000 0.0000 0.0000 0.0000 0.0000 0.0000 0.0000 0.0000 0.0000 0.0000 0.0000 0.0000 0.0000 0.0000 0.0000 0.0000 0.0000 0.0000 0.0000 0.0000 2.2668 358.2373 5.5161 1.7186 18.6833 0.9285 2.4159 357.9648 356.2710 355.1126 0.2095 359.8049 355.9166 1.3635 355.1913 1.4739 17.3571 4.8971 349.3620 358.2655 1.7895 2.4917 359.7127 359.5352 
-0.0591 0.8651 0.0566 4.1661 357.8919 359.1524 2.6275 352.3603 358.7583 0.8359 1.5798 4.4276 0.3105 3.6220 357.7798 0.4438 2.0157 1.7754 353.0037 354.0208 10.2869 332.2659 325.9813 336.3815 223.9838 1.6281 28.5792 10.3790 356.4685 7.4021 0.0000 0.0000 0.0000 0.0000 0.0000 0.0000 0.0000 0.0000 0.0000 0.0000 0.0000 0.0000 0.0000 0.0000 0.0000 0.0000 0.0000 0.0000 0.0000 0.0000 0.0000 0.0000 0.0000 0.0000 0.0000 0.0000 0.0000 0.0000 0.0000 0.0000 0.0000 0.0000 0.0000 0.0000 0.0000 0.0000 0.0000 0.0000 0.0000 0.0000 0.0000 0.0000 0.0000 0.0000 0.0000 6.2497 10.6269 358.7190 46.8595 9.6921 68.4351 18.2080 346.4351 359.0946 349.3548 356.7282 5.4188 0.0000 0.0000 0.0000 0.0000 0.0000 0.0000 0.0000 0.0000 0.0000 0.0000 0.0000 0.0000 0.0000 0.0000 0.0000 0.0000 0.0000 0.0000 0.0000 0.0000 0.0000 0.0000 0.0000 0.0000 0.0000 0.0000 0.0000 0.0000 0.0000 0.0000 0.0000 0.0000 0.0000 0.0000 0.0000 0.0000 0.0000 0.0000 0.0000 0.0000 0.0000 0.0000 0.0000 0.0000 0.0000 2.2853 358.2603 5.4924 1.7545 18.6826 0.9357 2.4237 357.9635 356.2493 355.1154 0.2097 359.8027 355.8947 1.4038 355.1515 1.4851 17.3496 4.9072 349.3945 358.2760 1.7569 2.4934 359.7031 359.5333 
-0.0590 0.8651 0.0567 4.1228 357.8811 359.1641 2.7163 352.3403 358.8086 0.8755 1.7585 4.2468 0.3486 3.5818 357.8855 0.4847 1.9160 1.7839 353.0508 354.4429 9.8216 333.9685 327.3484 332.7273 223.0352 0.8987 27.1729 10.3075 356.4244 7.7577 0.0000 0.0000 0.0000 0.0000 0.0000 0.0000 0.0000 0.0000 0.0000 0.0000 0.0000 0.0000 0.0000 0.0000 0.0000 0.0000 0.0000 0.0000 0.0000 0.0000 0.0000 0.0000 0.0000 0.0000 0.0000 0.0000 0.0000 0.0000 0.0000 0.0000 0.0000 0.0000 0.0000 0.0000 0.0000 0.0000 0.0000 0.0000 0.0000 0.0000 0.0000 0.0000 0.0000 0.0000 0.0000 6.1901 10.5837 358.7708 46.9301 9.6535 68.3461 18.3849 346.5318 359.0939 349.3621 356.7278 5.3974 0.0000 0.0000 0.0000 0.0000 0.0000 0.0000 0.0000 0.0000 0.0000 0.0000 0.0000 0.0000 0.0000 0.0000 0.0000 0.0000 0.0000 0.0000 0.0000 0.0000 0.0000 0.0000 0.0000 0.0000 0.0000 0.0000 0.0000 0.0000 0.0000 0.0000 0.0000 0.0000 0.0000 0.0000 0.0000 0.0000 0.0000 0.0000 0.0000 0.0000 0.0000 0.0000 0.0000 0.0000 0.0000 2.3094 358.2871 5.4707 1.7958 18.6820 0.9432 2.4644 357.9037 356.2155 355.1183 0.2099 359.8005 355.8793 1.4178 355.1150 1.5280 17.3424 4.9170 349.4499 358.2241 1.7182 2.4925 359.7094 359.5326 
-0.0589 0.8650 0.0568 4.0795 357.8704 359.1757 2.8051 352.3203 358.8588 0.9146 1.9373 4.0661 0.3866 3.5416 357.9912 0.5256 1.8163 1.7923 353.0944 354.8653 9.3570 335.5400 328.8021 329.1777 222.1052 0.1461 25.7790 10.2355 356.3808 8.1133 0.0000 0.0000 0.0000 0.0000 0.0000 0.0000 0.0000 0.0000 0.0000 0.0000 0.0000 0.0000 0.0000 0.0000 0.0000 0.0000 0.0000 0.0000 0.0000 0.0000 0.0000 0.0000 0.0000 0.0000 0.0000 0.0000 0.0000 0.0000 0.0000 0.0000 0.0000 0.0000 0.0000 0.0000 0.0000 0.0000 0.0000 0.0000 0.0000 0.0000 0.0000 0.0000 0.0000 0.0000 0.0000 6.1306 10.5406 358.8225 47.0008 9.6150 68.2570 18.5617 346.6285 359.0935 349.3694 356.7272 5.3760 0.0000 0.0000 0.0000 0.0000 0.0000 0.0000 0.0000 0.0000 0.0000 0.0000 0.0000 0.0000 0.0000 0.0000 0.0000 0.0000 0.0000 0.0000 0.0000 0.0000 0.0000 0.0000 0.0000 0.0000 0.0000 0.0000 0.0000 0.0000 0.0000 0.0000 0.0000 0.0000 0.0000 0.0000 0.0000 0.0000 0.0000 0.0000 0.0000 0.0000 0.0000 0.0000 0.0000 0.0000 0.0000 2.3334 358.3140 5.4489 1.8371 18.6814 0.9506 2.5051 357.8440 356.1817 355.1211 0.2101 359.7984 355.8639 1.4316 355.0784 1.5710 17.3354 4.9269 349.5052 358.1721 1.6795 2.4916 359.7157 359.5319 
-0.0589 0.8649 0.0568 4.1516 357.8467 359.1761 2.8182 352.3148 358.9143 0.9271 2.1455 3.9085 0.4054 3.4189 358.1291 0.5435 1.7542 1.7994 353.0569 355.4582 8.7356 335.8898 330.1939 325.6022 221.0490 359.0343 24.5080 10.1169 356.3458 8.3828 0.0000 0.0000 0.0000 0.0000 0.0000 0.0000 0.0000 0.0000 0.0000 0.0000 0.0000 0.0000 0.0000 0.0000 0.0000 0.0000 0.0000 0.0000 0.0000 0.0000 0.0000 0.0000 0.0000 0.0000 0.0000 0.0000 0.0000 0.0000 0.0000 0.0000 0.0000 0.0000 0.0000 0.0000 0.0000 0.0000 0.0000 0.0000 0.0000 0.0000 0.0000 0.0000 0.0000 0.0000 0.0000 6.0786 10.4631 358.8606 47.0798 9.6199 68.1066 18.9977 347.0438 359.2030 349.3659 356.7385 5.4138 0.0000 0.0000 0.0000 0.0000 0.0000 0.0000 0.0000 0.0000 0.0000 0.0000 0.0000 0.0000 0.0000 0.0000 0.0000 0.0000 0.0000 0.0000 0.0000 0.0000 0.0000 0.0000 0.0000 0.0000 0.0000 0.0000 0.0000 0.0000 0.0000 0.0000 0.0000 0.0000 0.0000 0.0000 0.0000 0.0000 0.0000 0.0000 0.0000 0.0000 0.0000 0.0000 0.0000 0.0000 0.0000 2.3076 358.3276 5.4634 1.7401 18.6834 0.9295 2.4129 357.9054 356.2542 355.1230 0.2113 359.7953 355.8448 1.4458 355.1206 1.4601 17.3793 4.8938 349.4066 358.1959 1.7496 2.4867 359.7206 359.5319 
-0.0588 0.8648 0.0569 4.1935 357.8132 359.1870 2.8297 352.3097 358.9689 0.9393 2.3547 3.7500 0.4231 3.2969 358.2650 0.5618 1.6911 1.8064 353.0129 356.0506 8.1144 336.1355 331.6017 322.0849 220.0174 357.8994 23.2569 9.9978 356.3113 8.6532 0.0000 0.0000 0.0000 0.0000 0.0000 0.0000 0.0000 0.0000 0.0000 0.0000 0.0000 0.0000 0.0000 0.0000 0.0000 0.0000 0.0000 0.0000 0.0000 0.0000 0.0000 0.0000 0.0000 0.0000 0.0000 0.0000 0.0000 0.0000 0.0000 0.0000 0.0000 0.0000 0.0000 0.0000 0.0000 0.0000 0.0000 0.0000 0.0000 0.0000 0.0000 0.0000 0.0000 0.0000 0.0000 6.0257 10.3850 358.8994 47.1587 9.6251 67.9561 19.4339 347.4585 359.3154 349.3647 356.7497 5.4449 0.0000 0.0000 0.0000 0.0000 0.0000 0.0000 0.0000 0.0000 0.0000 0.0000 0.0000 0.0000 0.0000 0.0000 0.0000 0.0000 0.0000 0.0000 0.0000 0.0000 0.0000 0.0000 0.0000 0.0000 0.0000 0.0000 0.0000 0.0000 0.0000 0.0000 0.0000 0.0000 0.0000 0.0000 0.0000 0.0000 0.0000 0.0000 0.0000 0.0000 0.0000 0.0000 0.0000 0.0000 0.0000 2.3045 358.3665 5.4573 1.6813 18.6850 0.9153 2.4063 357.8411 356.2557 355.1248 0.2124 359.7923 355.8018 1.4816 355.1060 1.4448 17.4074 4.8826 349.4077 358.1261 1.7500 2.4817 359.7254 359.5320 
-0.0588 0.8646 0.0569 4.2354 357.7798 359.1980 2.8412 352.3046 359.0234 0.9509 2.5640 3.5915 0.4406 3.1749 358.4009 0.5800 1.6281 1.8135 352.9626 356.6425 7.4931 336.2807 333.0198 318.6197 219.0103 356.7421 22.0252 9.8785 356.2774 8.9236 0.0000 0.0000 0.0000 0.0000 0.0000 0.0000 0.0000 0.0000 0.0000 0.0000 0.0000 0.0000 0.0000 0.0000 0.0000 0.0000 0.0000 0.0000 0.0000 0.0000 0.0000 0.0000 0.0000 0.0000 0.0000 0.0000 0.0000 0.0000 0.0000 0.0000 0.0000 0.0000 0.0000 0.0000 0.0000 0.0000 0.0000 0.0000 0.0000 0.0000 0.0000 0.0000 0.0000 0.0000 0.0000 5.9729 10.3070 358.9383 47.2377 9.6304 67.8056 19.8702 347.8724 359.4308 349.3635 356.7609 5.4761 0.0000 0.0000 0.0000 0.0000 0.0000 0.0000 0.0000 0.0000 0.0000 0.0000 0.0000 0.0000 0.0000 0.0000 0.0000 0.0000 0.0000 0.0000 0.0000 0.0000 0.0000 0.0000 0.0000 0.0000 0.0000 0.0000 0.0000 0.0000 0.0000 0.0000 0.0000 0.0000 0.0000 0.0000 0.0000 0.0000 0.0000 0.0000 0.0000 0.0000 0.0000 0.0000 0.0000 0.0000 0.0000 2.3014 358.4055 5.4512 1.6224 18.6864 0.9011 2.3997 357.7769 356.2571 355.1267 0.2136 359.7893 355.7589 1.5172 355.0914 1.4296 17.4357 4.8715 349.4088 358.0563 1.7504 2.4767 359.7302 359.5321 
-0.0591 0.8645 0.0567 4.2695 357.7497 359.1982 2.8976 352.2977 359.0606 0.9869 2.7930 3.4212 0.4691 3.0696 358.5253 0.6256 1.5775 1.7956 352.9135 357.2828 7.0277 335.4126 334.8713 317.0020 217.6897 353.3907 20.3307 9.7631 356.2983 8.4973 0.0000 0.0000 0.0000 0.0000 0.0000 0.0000 0.0000 0.0000 0.0000 0.0000 0.0000 0.0000 0.0000 0.0000 0.0000 0.0000 0.0000 0.0000 0.0000 0.0000 0.0000 0.0000 0.0000 0.0000 0.0000 0.0000 0.0000 0.0000 0.0000 0.0000 0.0000 0.0000 0.0000 0.0000 0.0000 0.0000 0.0000 0.0000 0.0000 0.0000 0.0000 0.0000 0.0000 0.0000 0.0000 5.9128 10.1982 358.9438 46.9437 9.8864 67.3234 21.1680 349.9336 0.0587 349.2812 356.8416 5.6481 0.0000 0.0000 0.0000 0.0000 0.0000 0.0000 0.0000 0.0000 0.0000 0.0000 0.0000 0.0000 0.0000 0.0000 0.0000 0.0000 0.0000 0.0000 0.0000 0.0000 0.0000 0.0000 0.0000 0.0000 0.0000 0.0000 0.0000 0.0000 0.0000 0.0000 0.0000 0.0000 0.0000 0.0000 0.0000 0.0000 0.0000 0.0000 0.0000 0.0000 0.0000 0.0000 0.0000 0.0000 0.0000 2.2950 358.3827 5.4863 1.5910 18.6866 0.9001 2.3922 357.8344 356.2376 355.1250 0.2090 359.7859 355.7248 1.5315 355.1126 1.4417 17.4012 4.8871 349.3974 358.0881 1.7390 2.4693 359.7365 359.5309 
-0.0594 0.8644 0.0565 4.3318 357.7186 359.1988 2.9537 352.2909 359.0966 1.0224 3.0229 3.2504 0.4974 2.9639 358.6500 0.6720 1.5238 1.7780 352.8591 357.9227 6.5620 334.5004 336.6999 315.3771 216.4881 349.9928 18.7208 9.6106 356.3238 8.0394 0.0000 0.0000 0.0000 0.0000 0.0000 0.0000 0.0000 0.0000 0.0000 0.0000 0.0000 0.0000 0.0000 0.0000 0.0000 0.0000 0.0000 0.0000 0.0000 0.0000 0.0000 0.0000 0.0000 0.0000 0.0000 0.0000 0.0000 0.0000 0.0000 0.0000 0.0000 0.0000 0.0000 0.0000 0.0000 0.0000 0.0000 0.0000 0.0000 0.0000 0.0000 0.0000 0.0000 0.0000 0.0000 5.8549 10.0926 358.9479 46.6469 10.1399 66.8404 22.4489 351.9793 0.7503 349.2423 356.9159 5.7912 0.0000 0.0000 0.0000 0.0000 0.0000 0.0000 0.0000 0.0000 0.0000 0.0000 0.0000 0.0000 0.0000 0.0000 0.0000 0.0000 0.0000 0.0000 0.0000 0.0000 0.0000 0.0000 0.0000 0.0000 0.0000 0.0000 0.0000 0.0000 0.0000 0.0000 0.0000 0.0000 0.0000 0.0000 0.0000 0.0000 0.0000 0.0000 0.0000 0.0000 0.0000 0.0000 0.0000 0.0000 0.0000 2.2868 358.3830 5.5178 1.5461 18.6873 0.8959 2.3740 357.7882 356.2204 355.1233 0.2043 359.7825 355.6825 1.5525 355.1309 1.4308 17.4092 4.8861 349.3873 358.0411 1.7281 2.4619 359.7427 359.5297 
-0.0597 0.8642 0.0562 4.3941 357.6875 359.1994 3.0099 352.2841 359.1327 1.0571 3.2528 3.0798 0.5254 2.8582 358.7745 0.7185 1.4702 1.7603 352.7996 358.5621 6.0958 333.5446 338.5041 313.7422 215.3418 346.5727 17.1425 9.4953 356.3427 7.6151 0.0000 0.0000 0.0000 0.0000 0.0000 0.0000 0.0000 0.0000 0.0000 0.0000 0.0000 0.0000 0.0000 0.0000 0.0000 0.0000 0.0000 0.0000 0.0000 0.0000 0.0000 0.0000 0.0000 0.0000 0.0000 0.0000 0.0000 0.0000 0.0000 0.0000 0.0000 0.0000 0.0000 0.0000 0.0000 0.0000 0.0000 0.0000 0.0000 0.0000 0.0000 0.0000 0.0000 0.0000 0.0000 5.7970 9.9870 358.9521 46.3477 10.3910 66.3556 23.7812 354.0092 1.4629 349.1613 356.9943 5.9549 0.0000 0.0000 0.0000 0.0000 0.0000 0.0000 0.0000 0.0000 0.0000 0.0000 0.0000 0.0000 0.0000 0.0000 0.0000 0.0000 0.0000 0.0000 0.0000 0.0000 0.0000 0.0000 0.0000 0.0000 0.0000 0.0000 0.0000 0.0000 0.0000 0.0000 0.0000 0.0000 0.0000 0.0000 0.0000 0.0000 0.0000 0.0000 0.0000 0.0000 0.0000 0.0000 0.0000 0.0000 0.0000 2.2785 358.3833 5.5492 1.5011 18.6879 0.8916 2.3558 357.7421 356.2032 355.1215 0.1997 359.7792 355.6402 1.5737 355.1491 1.4200 17.4170 4.8850 349.3771 357.9942 1.7173 2.4544 359.7490 359.5285 
-0.0600 0.8642 0.0562 4.4540 357.6595 359.1985 3.0410 352.2870 359.1356 1.0798 3.4453 2.9408 0.5002 2.6840 358.8803 0.7014 1.4129 1.7878 352.7153 359.2111 5.7253 332.4051 340.9568 311.9436 215.9434 344.1541 16.3292 9.5562 356.4657 6.6185 0.0000 0.0000 0.0000 0.0000 0.0000 0.0000 0.0000 0.0000 0.0000 0.0000 0.0000 0.0000 0.0000 0.0000 0.0000 0.0000 0.0000 0.0000 0.0000 0.0000 0.0000 0.0000 0.0000 0.0000 0.0000 0.0000 0.0000 0.0000 0.0000 0.0000 0.0000 0.0000 0.0000 0.0000 0.0000 0.0000 0.0000 0.0000 0.0000 0.0000 0.0000 0.0000 0.0000 0.0000 0.0000 5.7421 9.9004 358.9828 46.3804 10.4731 65.9745 24.2911 354.9384 2.1246 349.0503 357.0494 6.3164 0.0000 0.0000 0.0000 0.0000 0.0000 0.0000 0.0000 0.0000 0.0000 0.0000 0.0000 0.0000 0.0000 0.0000 0.0000 0.0000 0.0000 0.0000 0.0000 0.0000 0.0000 0.0000 0.0000 0.0000 0.0000 0.0000 0.0000 0.0000 0.0000 0.0000 0.0000 0.0000 0.0000 0.0000 0.0000 0.0000 0.0000 0.0000 0.0000 0.0000 0.0000 0.0000 0.0000 0.0000 0.0000 2.2718 358.3955 5.5447 1.4363 18.6886 0.8834 2.3570 357.8012 356.1987 355.1201 0.2032 359.7752 355.5926 1.6085 355.1675 1.4092 17.4205 4.8861 349.3700 357.9539 1.6952 2.4488 359.7537 359.5300 
-0.0603 0.8641 0.0561 4.5183 357.6299 359.1975 3.0701 352.2902 359.1372 1.1021 3.6380 2.8017 0.4745 2.5107 358.9851 0.6843 1.3557 1.8153 352.6268 359.8599 5.3537 331.2013 343.3744 310.1191 216.5877 341.7442 15.4782 9.6143 356.5898 5.6220 0.0000 0.0000 0.0000 0.0000 0.0000 0.0000 0.0000 0.0000 0.0000 0.0000 0.0000 0.0000 0.0000 0.0000 0.0000 0.0000 0.0000 0.0000 0.0000 0.0000 0.0000 0.0000 0.0000 0.0000 0.0000 0.0000 0.0000 0.0000 0.0000 0.0000 0.0000 0.0000 0.0000 0.0000 0.0000 0.0000 0.0000 0.0000 0.0000 0.0000 0.0000 0.0000 0.0000 0.0000 0.0000 5.6889 9.8169 359.0135 46.4129 10.5551 65.5938 24.8110 355.8615 2.7936 348.9405 357.1045 6.6767 0.0000 0.0000 0.0000 0.0000 0.0000 0.0000 0.0000 0.0000 0.0000 0.0000 0.0000 0.0000 0.0000 0.0000 0.0000 0.0000 0.0000 0.0000 0.0000 0.0000 0.0000 0.0000 0.0000 0.0000 0.0000 0.0000 0.0000 0.0000 0.0000 0.0000 0.0000 0.0000 0.0000 0.0000 0.0000 0.0000 0.0000 0.0000 0.0000 0.0000 0.0000 0.0000 0.0000 0.0000 0.0000 2.2562 358.4081 5.5738 1.3768 18.6892 0.8757 2.3311 357.7914 356.1685 355.1186 0.2068 359.7713 355.5441 1.6439 355.1863 1.3970 17.4245 4.8869 349.3649 357.9230 1.6752 2.4433 359.7584 359.5315 
-0.0606 0.8640 0.0560 4.5826 357.6003 359.1966 3.0991 352.2934 359.1388 1.1239 3.8309 2.6626 0.4484 2.3375 359.0900 0.6671 1.2985 1.8428 352.5341 0.5080 4.9810 329.9325 345.7540 308.2635 217.2787 339.3438 14.5853 9.6696 356.7148 4.6257 0.0000 0.0000 0.0000 0.0000 0.0000 0.0000 0.0000 0.0000 0.0000 0.0000 0.0000 0.0000 0.0000 0.0000 0.0000 0.0000 0.0000 0.0000 0.0000 0.0000 0.0000 0.0000 0.0000 0.0000 0.0000 0.0000 0.0000 0.0000 0.0000 0.0000 0.0000 0.0000 0.0000 0.0000 0.0000 0.0000 0.0000 0.0000 0.0000 0.0000 0.0000 0.0000 0.0000 0.0000 0.0000 5.6356 9.7334 359.0442 46.4448 10.6374 65.2130 25.3413 356.7784 3.4702 348.8309 357.1603 7.0368 0.0000 0.0000 0.0000 0.0000 0.0000 0.0000 0.0000 0.0000 0.0000 0.0000 0.0000 0.0000 0.0000 0.0000 0.0000 0.0000 0.0000 0.0000 0.0000 0.0000 0.0000 0.0000 0.0000 0.0000 0.0000 0.0000 0.0000 0.0000 0.0000 0.0000 0.0000 0.0000 0.0000 0.0000 0.0000 0.0000 0.0000 0.0000 0.0000 0.0000 0.0000 0.0000 0.0000 0.0000 0.0000 2.2407 358.4206 5.6028 1.3173 18.6900 0.8681 2.3051 357.7816 356.1384 355.1171 0.2103 359.7674 355.4957 1.6793 355.2050 1.3848 17.4288 4.8878 349.3597 357.8920 1.6552 2.4377 359.7631 359.5330 
-0.0601 0.8640 0.0558 4.6210 357.5949 359.1972 3.0928 352.2325 359.1234 1.1142 4.1482 2.5079 0.4650 2.1376 359.2187 0.6655 1.2472 1.8517 352.3856 0.8979 4.9923 328.3858 347.8369 307.9778 220.4201 336.6855 12.3961 9.9139 357.0372 2.6971 0.0000 0.0000 0.0000 0.0000 0.0000 0.0000 0.0000 0.0000 0.0000 0.0000 0.0000 0.0000 0.0000 0.0000 0.0000 0.0000 0.0000 0.0000 0.0000 0.0000 0.0000 0.0000 0.0000 0.0000 0.0000 0.0000 0.0000 0.0000 0.0000 0.0000 0.0000 0.0000 0.0000 0.0000 0.0000 0.0000 0.0000 0.0000 0.0000 0.0000 0.0000 0.0000 0.0000 0.0000 0.0000 5.6029 9.4436 358.9184 45.3159 11.2800 63.4204 29.5529 0.1636 5.3946 348.6908 357.4231 8.0978 0.0000 0.0000 0.0000 0.0000 0.0000 0.0000 0.0000 0.0000 0.0000 0.0000 0.0000 0.0000 0.0000 0.0000 0.0000 0.0000 0.0000 0.0000 0.0000 0.0000 0.0000 0.0000 0.0000 0.0000 0.0000 0.0000 0.0000 0.0000 0.0000 0.0000 0.0000 0.0000 0.0000 0.0000 0.0000 0.0000 0.0000 0.0000 0.0000 0.0000 0.0000 0.0000 0.0000 0.0000 0.0000 2.2370 358.4025 5.5564 1.2735 18.6907 0.8602 2.3379 357.7811 356.1913 355.1263 0.2193 359.7643 355.4831 1.6713 355.1684 1.3555 17.4293 4.8885 349.3560 357.9078 1.6697 2.4260 359.7691 359.5341 
-0.0597 0.8640 0.0556 4.6624 357.5884 359.1977 3.0944 352.1724 359.1085 1.1036 4.4656 2.3531 0.4814 1.9388 359.3466 0.6641 1.1969 1.8602 352.2372 1.2878 5.0024 326.8395 349.9116 307.6370 223.7667 334.1385 9.9986 10.1055 357.3696 0.7505 0.0000 0.0000 0.0000 0.0000 0.0000 0.0000 0.0000 0.0000 0.0000 0.0000 0.0000 0.0000 0.0000 0.0000 0.0000 0.0000 0.0000 0.0000 0.0000 0.0000 0.0000 0.0000 0.0000 0.0000 0.0000 0.0000 0.0000 0.0000 0.0000 0.0000 0.0000 0.0000 0.0000 0.0000 0.0000 0.0000 0.0000 0.0000 0.0000 0.0000 0.0000 0.0000 0.0000 0.0000 0.0000 5.5715 9.1548 358.7925 44.1645 11.8875 61.6113 33.8536 3.3987 7.5799 348.6014 357.6824 9.1327 0.0000 0.0000 0.0000 0.0000 0.0000 0.0000 0.0000 0.0000 0.0000 0.0000 0.0000 0.0000 0.0000 0.0000 0.0000 0.0000 0.0000 0.0000 0.0000 0.0000 0.0000 0.0000 0.0000 0.0000 0.0000 0.0000 0.0000 0.0000 0.0000 0.0000 0.0000 0.0000 0.0000 0.0000 0.0000 0.0000 0.0000 0.0000 0.0000 0.0000 0.0000 0.0000 0.0000 0.0000 0.0000 2.2263 358.3900 5.5232 1.2220 18.6916 0.8515 2.3318 357.7659 356.1992 355.1353 0.2283 359.7612 355.4591 1.6717 355.1362 1.3314 17.4276 4.8886 349.3508 357.9150 1.6785 2.4143 359.7751 359.5352 
-0.0593 0.8639 0.0555 4.7038 357.5819 359.1982 3.0961 352.1123 359.0935 1.0922 4.7829 2.1982 0.4973 1.7400 359.4745 0.6627 1.1466 1.8687 352.0887 1.6779 5.0116 325.2896 351.9765 307.2418 227.3025 331.7262 7.3774 10.2817 357.7080 358.8054 0.0000 0.0000 0.0000 0.0000 0.0000 0.0000 0.0000 0.0000 0.0000 0.0000 0.0000 0.0000 0.0000 0.0000 0.0000 0.0000 0.0000 0.0000 0.0000 0.0000 0.0000 0.0000 0.0000 0.0000 0.0000 0.0000 0.0000 0.0000 0.0000 0.0000 0.0000 0.0000 0.0000 0.0000 0.0000 0.0000 0.0000 0.0000 0.0000 0.0000 0.0000 0.0000 0.0000 0.0000 0.0000 5.5407 8.8660 358.6668 42.9915 12.4588 59.7861 38.2984 6.4592 10.0063 348.5186 357.9429 10.1673 0.0000 0.0000 0.0000 0.0000 0.0000 0.0000 0.0000 0.0000 0.0000 0.0000 0.0000 0.0000 0.0000 0.0000 0.0000 0.0000 0.0000 0.0000 0.0000 0.0000 0.0000 0.0000 0.0000 0.0000 0.0000 0.0000 0.0000 0.0000 0.0000 0.0000 0.0000 0.0000 0.0000 0.0000 0.0000 0.0000 0.0000 0.0000 0.0000 0.0000 0.0000 0.0000 0.0000 0.0000 0.0000 2.2156 358.3776 5.4901 1.1706 18.6922 0.8427 2.3257 357.7507 356.2070 355.1445 0.2373 359.7581 355.4352 1.6720 355.1040 1.3074 17.4262 4.8889 349.3457 357.9220 1.6873 2.4026 359.7811 359.5363 
-0.0594 0.8639 0.0554 4.7557 357.5500 359.1928 3.1282 352.1511 359.0781 1.1069 4.8303 2.1991 0.4596 1.6527 359.5214 0.6515 1.1064 1.8938 352.0268 2.0083 5.0565 325.5153 354.2857 306.5396 234.6153 330.5744 3.5369 10.5049 358.0471 356.9589 0.0000 0.0000 0.0000 0.0000 0.0000 0.0000 0.0000 0.0000 0.0000 0.0000 0.0000 0.0000 0.0000 0.0000 0.0000 0.0000 0.0000 0.0000 0.0000 0.0000 0.0000 0.0000 0.0000 0.0000 0.0000 0.0000 0.0000 0.0000 0.0000 0.0000 0.0000 0.0000 0.0000 0.0000 0.0000 0.0000 0.0000 0.0000 0.0000 0.0000 0.0000 0.0000 0.0000 0.0000 0.0000 5.4405 8.6449 358.6034 41.9881 12.3842 58.1796 40.9924 6.3665 11.2969 348.1728 358.0627 11.1448 0.0000 0.0000 0.0000 0.0000 0.0000 0.0000 0.0000 0.0000 0.0000 0.0000 0.0000 0.0000 0.0000 0.0000 0.0000 0.0000 0.0000 0.0000 0.0000 0.0000 0.0000 0.0000 0.0000 0.0000 0.0000 0.0000 0.0000 0.0000 0.0000 0.0000 0.0000 0.0000 0.0000 0.0000 0.0000 0.0000 0.0000 0.0000 0.0000 0.0000 0.0000 0.0000 0.0000 0.0000 0.0000 2.2000 358.4034 5.5215 1.1423 18.6925 0.8389 2.3069 357.7534 356.2130 355.1391 0.2253 359.7527 355.4308 1.7021 355.1127 1.3008 17.4272 4.8895 349.3344 357.9190 1.6802 2.4011 359.7763 359.5393 
-0.0595 0.8639 0.0553 4.7956 357.5182 359.1874 3.1604 352.1869 359.0620 1.1216 4.8774 2.2002 0.4217 1.5664 359.5678 0.6404 1.0718 1.9180 351.9652 2.3385 5.1012 325.7119 356.5974 305.8489 242.0977 329.8636 359.4925 10.6802 358.3912 355.1170 0.0000 0.0000 0.0000 0.0000 0.0000 0.0000 0.0000 0.0000 0.0000 0.0000 0.0000 0.0000 0.0000 0.0000 0.0000 0.0000 0.0000 0.0000 0.0000 0.0000 0.0000 0.0000 0.0000 0.0000 0.0000 0.0000 0.0000 0.0000 0.0000 0.0000 0.0000 0.0000 0.0000 0.0000 0.0000 0.0000 0.0000 0.0000 0.0000 0.0000 0.0000 0.0000 0.0000 0.0000 0.0000 5.3406 8.4233 358.5401 40.9876 12.2821 56.5752 43.6551 6.2189 12.6035 347.8660 358.1812 12.0907 0.0000 0.0000 0.0000 0.0000 0.0000 0.0000 0.0000 0.0000 0.0000 0.0000 0.0000 0.0000 0.0000 0.0000 0.0000 0.0000 0.0000 0.0000 0.0000 0.0000 0.0000 0.0000 0.0000 0.0000 0.0000 0.0000 0.0000 0.0000 0.0000 0.0000 0.0000 0.0000 0.0000 0.0000 0.0000 0.0000 0.0000 0.0000 0.0000 0.0000 0.0000 0.0000 0.0000 0.0000 0.0000 2.1809 358.4249 5.5417 1.1118 18.6928 0.8347 2.2881 357.7562 356.2191 355.1474 0.2268 359.7426 355.4282 1.7322 355.1240 1.2943 17.4281 4.8900 349.3231 357.9160 1.6731 2.3885 359.7772 359.5433 
-0.0596 0.8639 0.0552 4.8355 357.4864 359.1819 3.1925 352.2227 359.0459 1.1364 4.9245 2.2013 0.3838 1.4801 359.6142 0.6294 1.0372 1.9422 351.9039 2.6686 5.1454 325.8802 358.9113 305.1671 249.6550 329.6173 355.3426 10.8404 358.7403 353.2760 0.0000 0.0000 0.0000 0.0000 0.0000 0.0000 0.0000 0.0000 0.0000 0.0000 0.0000 0.0000 0.0000 0.0000 0.0000 0.0000 0.0000 0.0000 0.0000 0.0000 0.0000 0.0000 0.0000 0.0000 0.0000 0.0000 0.0000 0.0000 0.0000 0.0000 0.0000 0.0000 0.0000 0.0000 0.0000 0.0000 0.0000 0.0000 0.0000 0.0000 0.0000 0.0000 0.0000 0.0000 0.0000 5.2410 8.2016 358.4773 39.9909 12.1528 54.9737 46.3130 6.0120 13.9015 347.5612 358.3045 13.0360 0.0000 0.0000 0.0000 0.0000 0.0000 0.0000 0.0000 0.0000 0.0000 0.0000 0.0000 0.0000 0.0000 0.0000 0.0000 0.0000 0.0000 0.0000 0.0000 0.0000 0.0000 0.0000 0.0000 0.0000 0.0000 0.0000 0.0000 0.0000 0.0000 0.0000 0.0000 0.0000 0.0000 0.0000 0.0000 0.0000 0.0000 0.0000 0.0000 0.0000 0.0000 0.0000 0.0000 0.0000 0.0000 2.1617 358.4464 5.5619 1.0812 18.6933 0.8305 2.2693 357.7588 356.2250 355.1557 0.2282 359.7325 355.4257 1.7624 355.1353 1.2878 17.4290 4.8905 349.3118 357.9129 1.6660 2.3760 359.7780 359.5473 
-0.0597 0.8639 0.0551 4.8342 357.4784 359.1773 3.1830 352.2362 359.0021 1.1390 4.9815 2.2229 0.4293 1.4269 359.6520 0.6783 1.0077 1.9232 351.9151 2.9013 5.2209 326.0435 0.8197 304.4941 259.2755 331.5866 349.9203 11.1485 358.9966 352.0025 0.0000 0.0000 0.0000 0.0000 0.0000 0.0000 0.0000 0.0000 0.0000 0.0000 0.0000 0.0000 0.0000 0.0000 0.0000 0.0000 0.0000 0.0000 0.0000 0.0000 0.0000 0.0000 0.0000 0.0000 0.0000 0.0000 0.0000 0.0000 0.0000 0.0000 0.0000 0.0000 0.0000 0.0000 0.0000 0.0000 0.0000 0.0000 0.0000 0.0000 0.0000 0.0000 0.0000 0.0000 0.0000 5.0551 8.0134 358.3240 38.6106 12.3334 53.4134 48.2348 5.8629 14.5033 347.2975 358.4954 14.3009 0.0000 0.0000 0.0000 0.0000 0.0000 0.0000 0.0000 0.0000 0.0000 0.0000 0.0000 0.0000 0.0000 0.0000 0.0000 0.0000 0.0000 0.0000 0.0000 0.0000 0.0000 0.0000 0.0000 0.0000 0.0000 0.0000 0.0000 0.0000 0.0000 0.0000 0.0000 0.0000 0.0000 0.0000 0.0000 0.0000 0.0000 0.0000 0.0000 0.0000 0.0000 0.0000 0.0000 0.0000 0.0000 2.1785 358.4339 5.5788 1.0661 18.6937 0.8239 2.2575 357.7620 356.2185 355.1329 0.2118 359.7607 355.4360 1.7744 355.1458 1.2894 17.4199 4.8950 349.3214 357.9151 1.6527 2.3888 359.7803 359.5448 
-0.0599 0.8639 0.0549 4.8424 357.4720 359.1729 3.1761 352.2527 358.9571 1.1410 5.0364 2.2445 0.4754 1.3752 359.6890 0.7272 0.9785 1.9040 351.9266 3.1335 5.2964 326.1844 2.7298 303.8259 268.4246 334.2939 345.0658 11.4789 359.2642 350.7066 0.0000 0.0000 0.0000 0.0000 0.0000 0.0000 0.0000 0.0000 0.0000 0.0000 0.0000 0.0000 0.0000 0.0000 0.0000 0.0000 0.0000 0.0000 0.0000 0.0000 0.0000 0.0000 0.0000 0.0000 0.0000 0.0000 0.0000 0.0000 0.0000 0.0000 0.0000 0.0000 0.0000 0.0000 0.0000 0.0000 0.0000 0.0000 0.0000 0.0000 0.0000 0.0000 0.0000 0.0000 0.0000 4.8695 7.8243 358.1712 37.2249 12.4773 51.8483 50.1801 5.6879 15.0700 347.0043 358.7008 15.6041 0.0000 0.0000 0.0000 0.0000 0.0000 0.0000 0.0000 0.0000 0.0000 0.0000 0.0000 0.0000 0.0000 0.0000 0.0000 0.0000 0.0000 0.0000 0.0000 0.0000 0.0000 0.0000 0.0000 0.0000 0.0000 0.0000 0.0000 0.0000 0.0000 0.0000 0.0000 0.0000 0.0000 0.0000 0.0000 0.0000 0.0000 0.0000 0.0000 0.0000 0.0000 0.0000 0.0000 0.0000 0.0000 2.1900 358.4273 5.6013 1.0719 18.6939 0.8203 2.2456 357.7653 356.2119 355.1310 0.1991 359.7636 355.4471 1.7768 355.1528 1.2911 17.4104 4.8995 349.3311 357.9175 1.6394 2.3849 359.7837 359.5476 
-0.0600 0.8639 0.0547 4.8507 357.4655 359.1685 3.1691 352.2692 358.9120 1.1430 5.0913 2.2660 0.5215 1.3234 359.7259 0.7762 0.9493 1.8848 351.9384 3.3657 5.3719 326.3033 4.6414 303.1610 277.1041 337.6464 340.8115 11.7723 359.5340 349.4320 0.0000 0.0000 0.0000 0.0000 0.0000 0.0000 0.0000 0.0000 0.0000 0.0000 0.0000 0.0000 0.0000 0.0000 0.0000 0.0000 0.0000 0.0000 0.0000 0.0000 0.0000 0.0000 0.0000 0.0000 0.0000 0.0000 0.0000 0.0000 0.0000 0.0000 0.0000 0.0000 0.0000 0.0000 0.0000 0.0000 0.0000 0.0000 0.0000 0.0000 0.0000 0.0000 0.0000 0.0000 0.0000 4.6845 7.6346 358.0191 35.8351 12.5840 50.2793 52.0984 5.5003 15.6562 346.7497 358.9035 16.8705 0.0000 0.0000 0.0000 0.0000 0.0000 0.0000 0.0000 0.0000 0.0000 0.0000 0.0000 0.0000 0.0000 0.0000 0.0000 0.0000 0.0000 0.0000 0.0000 0.0000 0.0000 0.0000 0.0000 0.0000 0.0000 0.0000 0.0000 0.0000 0.0000 0.0000 0.0000 0.0000 0.0000 0.0000 0.0000 0.0000 0.0000 0.0000 0.0000 0.0000 0.0000 0.0000 0.0000 0.0000 0.0000 2.2014 358.4207 5.6238 1.0777 18.6942 0.8166 2.2337 357.7685 356.2054 355.1291 0.1863 359.7665 355.4583 1.7793 355.1598 1.2928 17.4011 4.9039 349.3407 357.9198 1.6262 2.3810 359.7872 359.5504 
-0.0604 0.8639 0.0547 4.8192 357.4625 359.1519 3.1392 352.2839 358.8950 1.1367 5.1192 2.2985 0.5554 1.2151 359.7598 0.8140 0.9298 1.8466 351.9083 3.5087 5.3683 326.1114 5.3684 302.7457 280.8351 339.9349 339.0900 12.1684 359.7610 348.3972 0.0000 0.0000 0.0000 0.0000 0.0000 0.0000 0.0000 0.0000 0.0000 0.0000 0.0000 0.0000 0.0000 0.0000 0.0000 0.0000 0.0000 0.0000 0.0000 0.0000 0.0000 0.0000 0.0000 0.0000 0.0000 0.0000 0.0000 0.0000 0.0000 0.0000 0.0000 0.0000 0.0000 0.0000 0.0000 0.0000 0.0000 0.0000 0.0000 0.0000 0.0000 0.0000 0.0000 0.0000 0.0000 4.6524 7.4406 357.9353 35.4233 12.3723 49.5946 52.9637 5.6110 16.2138 346.5656 359.0003 17.4971 0.0000 0.0000 0.0000 0.0000 0.0000 0.0000 0.0000 0.0000 0.0000 0.0000 0.0000 0.0000 0.0000 0.0000 0.0000 0.0000 0.0000 0.0000 0.0000 0.0000 0.0000 0.0000 0.0000 0.0000 0.0000 0.0000 0.0000 0.0000 0.0000 0.0000 0.0000 0.0000 0.0000 0.0000 0.0000 0.0000 0.0000 0.0000 0.0000 0.0000 0.0000 0.0000 0.0000 0.0000 0.0000 2.1991 358.4196 5.6484 1.0845 18.6938 0.8190 2.2204 357.7722 356.2040 355.1319 0.2049 359.7579 355.4932 1.7816 355.2024 1.2932 17.4008 4.9017 349.3436 357.9127 1.6178 2.3768 359.7935 359.5534 
-0.0608 0.8639 0.0548 4.8113 357.4693 359.1421 3.1089 352.2998 358.8749 1.1302 5.1400 2.3282 0.5871 1.1092 359.7921 0.8555 0.9081 1.8069 351.8781 3.6518 5.3647 325.9139 6.0940 302.3274 284.4404 342.3216 337.5482 12.5592 -0.0055 347.3635 0.0000 0.0000 0.0000 0.0000 0.0000 0.0000 0.0000 0.0000 0.0000 0.0000 0.0000 0.0000 0.0000 0.0000 0.0000 0.0000 0.0000 0.0000 0.0000 0.0000 0.0000 0.0000 0.0000 0.0000 0.0000 0.0000 0.0000 0.0000 0.0000 0.0000 0.0000 0.0000 0.0000 0.0000 0.0000 0.0000 0.0000 0.0000 0.0000 0.0000 0.0000 0.0000 0.0000 0.0000 0.0000 4.6207 7.2467 357.8519 35.0144 12.1558 48.9118 53.8305 5.7134 16.7732 346.3827 359.0992 18.1235 0.0000 0.0000 0.0000 0.0000 0.0000 0.0000 0.0000 0.0000 0.0000 0.0000 0.0000 0.0000 0.0000 0.0000 0.0000 0.0000 0.0000 0.0000 0.0000 0.0000 0.0000 0.0000 0.0000 0.0000 0.0000 0.0000 0.0000 0.0000 0.0000 0.0000 0.0000 0.0000 0.0000 0.0000 0.0000 0.0000 0.0000 0.0000 0.0000 0.0000 0.0000 0.0000 0.0000 0.0000 0.0000 2.2030 358.4149 5.6851 1.0912 18.6936 0.8214 2.2071 357.7758 356.2027 355.1310 0.1987 359.7549 355.5072 1.7792 355.2319 1.2936 17.4008 4.8995 349.3466 357.9055 1.6093 2.3726 359.7999 359.5564 
-0.0612 0.8639 0.0548 4.8035 357.4761 359.1322 3.0785 352.3156 358.8548 1.1236 5.1609 2.3578 0.6187 1.0033 359.8242 0.8970 0.8864 1.7671 351.8480 3.7949 5.3611 325.7108 6.8181 301.9059 287.9330 344.7935 336.1798 12.9447 0.2349 346.3309 0.0000 0.0000 0.0000 0.0000 0.0000 0.0000 0.0000 0.0000 0.0000 0.0000 0.0000 0.0000 0.0000 0.0000 0.0000 0.0000 0.0000 0.0000 0.0000 0.0000 0.0000 0.0000 0.0000 0.0000 0.0000 0.0000 0.0000 0.0000 0.0000 0.0000 0.0000 0.0000 0.0000 0.0000 0.0000 0.0000 0.0000 0.0000 0.0000 0.0000 0.0000 0.0000 0.0000 0.0000 0.0000 4.5893 7.0528 357.7686 34.6084 11.9345 48.2313 54.6983 5.8076 17.3341 346.2009 359.2000 18.7495 0.0000 0.0000 0.0000 0.0000 0.0000 0.0000 0.0000 0.0000 0.0000 0.0000 0.0000 0.0000 0.0000 0.0000 0.0000 0.0000 0.0000 0.0000 0.0000 0.0000 0.0000 0.0000 0.0000 0.0000 0.0000 0.0000 0.0000 0.0000 0.0000 0.0000 0.0000 0.0000 0.0000 0.0000 0.0000 0.0000 0.0000 0.0000 0.0000 0.0000 0.0000 0.0000 0.0000 0.0000 0.0000 2.2068 358.4102 5.7218 1.0979 18.6934 0.8239 2.1937 357.7794 356.2014 355.1300 0.1924 359.7520 355.5212 1.7768 355.2613 1.2941 17.4006 4.8972 349.3495 357.8983 1.6009 2.3684 359.8063 359.5594 
-0.0609 0.8639 0.0547 4.7358 357.4839 359.1143 3.0143 352.3396 358.8296 1.1016 5.1585 2.4322 0.6622 0.8794 359.8444 0.9530 0.8565 1.7234 351.7974 3.9333 5.2622 325.3486 7.1614 301.2608 292.4269 347.0703 335.5455 13.3493 0.3883 345.6997 0.0000 0.0000 0.0000 0.0000 0.0000 0.0000 0.0000 0.0000 0.0000 0.0000 0.0000 0.0000 0.0000 0.0000 0.0000 0.0000 0.0000 0.0000 0.0000 0.0000 0.0000 0.0000 0.0000 0.0000 0.0000 0.0000 0.0000 0.0000 0.0000 0.0000 0.0000 0.0000 0.0000 0.0000 0.0000 0.0000 0.0000 0.0000 0.0000 0.0000 0.0000 0.0000 0.0000 0.0000 0.0000 4.5156 6.9821 357.7675 34.5060 11.6989 48.1507 53.8401 5.5324 16.6743 346.1071 359.2453 19.1941 0.0000 0.0000 0.0000 0.0000 0.0000 0.0000 0.0000 0.0000 0.0000 0.0000 0.0000 0.0000 0.0000 0.0000 0.0000 0.0000 0.0000 0.0000 0.0000 0.0000 0.0000 0.0000 0.0000 0.0000 0.0000 0.0000 0.0000 0.0000 0.0000 0.0000 0.0000 0.0000 0.0000 0.0000 0.0000 0.0000 0.0000 0.0000 0.0000 0.0000 0.0000 0.0000 0.0000 0.0000 0.0000 2.2214 358.4058 5.7289 1.1312 18.6930 0.8274 2.1925 357.7598 356.2053 355.1372 0.1814 359.7526 355.5464 1.7667 355.2910 1.3089 17.3960 4.9028 349.3616 357.9172 1.5967 2.3567 359.8120 359.5618 
-0.0607 0.8639 0.0546 4.6807 357.4914 359.0970 2.9494 352.3640 358.8039 1.0807 5.1528 2.5017 0.7054 0.7563 359.8643 1.0123 0.8250 1.6766 351.7468 4.0710 5.1632 324.9823 7.5003 300.6132 296.8365 349.3785 335.1266 13.7812 0.5535 345.0380 0.0000 0.0000 0.0000 0.0000 0.0000 0.0000 0.0000 0.0000 0.0000 0.0000 0.0000 0.0000 0.0000 0.0000 0.0000 0.0000 0.0000 0.0000 0.0000 0.0000 0.0000 0.0000 0.0000 0.0000 0.0000 0.0000 0.0000 0.0000 0.0000 0.0000 0.0000 0.0000 0.0000 0.0000 0.0000 0.0000 0.0000 0.0000 0.0000 0.0000 0.0000 0.0000 0.0000 0.0000 0.0000 4.4419 6.9112 357.7665 34.4038 11.4631 48.0703 53.0082 5.2408 15.9886 345.9835 359.3014 19.6785 0.0000 0.0000 0.0000 0.0000 0.0000 0.0000 0.0000 0.0000 0.0000 0.0000 0.0000 0.0000 0.0000 0.0000 0.0000 0.0000 0.0000 0.0000 0.0000 0.0000 0.0000 0.0000 0.0000 0.0000 0.0000 0.0000 0.0000 0.0000 0.0000 0.0000 0.0000 0.0000 0.0000 0.0000 0.0000 0.0000 0.0000 0.0000 0.0000 0.0000 0.0000 0.0000 0.0000 0.0000 0.0000 2.2351 358.4022 5.7293 1.1645 18.6927 0.8309 2.1912 357.7402 356.2092 355.1445 0.1704 359.7532 355.5570 1.7590 355.2900 1.3238 17.3916 4.9084 349.3737 357.9361 1.5925 2.3450 359.8177 359.5641 
-0.0604 0.8639 0.0545 4.6257 357.4989 359.0796 2.8845 352.3883 358.7781 1.0597 5.1471 2.5712 0.7486 0.6332 359.8841 1.0716 0.7934 1.6297 351.6958 4.2085 5.0641 324.6119 7.8351 299.9629 301.2190 351.7224 334.8620 14.1826 0.7161 344.4069 0.0000 0.0000 0.0000 0.0000 0.0000 0.0000 0.0000 0.0000 0.0000 0.0000 0.0000 0.0000 0.0000 0.0000 0.0000 0.0000 0.0000 0.0000 0.0000 0.0000 0.0000 0.0000 0.0000 0.0000 0.0000 0.0000 0.0000 0.0000 0.0000 0.0000 0.0000 0.0000 0.0000 0.0000 0.0000 0.0000 0.0000 0.0000 0.0000 0.0000 0.0000 0.0000 0.0000 0.0000 0.0000 4.3682 6.8404 357.7655 34.3020 11.2271 47.9904 52.1581 4.9461 15.3370 345.8902 359.3485 20.1234 0.0000 0.0000 0.0000 0.0000 0.0000 0.0000 0.0000 0.0000 0.0000 0.0000 0.0000 0.0000 0.0000 0.0000 0.0000 0.0000 0.0000 0.0000 0.0000 0.0000 0.0000 0.0000 0.0000 0.0000 0.0000 0.0000 0.0000 0.0000 0.0000 0.0000 0.0000 0.0000 0.0000 0.0000 0.0000 0.0000 0.0000 0.0000 0.0000 0.0000 0.0000 0.0000 0.0000 0.0000 0.0000 2.2489 358.3985 5.7297 1.1977 18.6924 0.8344 2.1899 357.7206 356.2131 355.1517 0.1594 359.7538 355.5677 1.7514 355.2892 1.3386 17.3870 4.9140 349.3857 357.9552 1.5883 2.3334 359.8234 359.5665 
-0.0606 0.8639 0.0545 4.6024 357.5253 359.0760 2.8267 352.4202 358.7678 1.0436 5.1544 2.6061 0.7832 0.5226 359.8690 1.1073 0.7472 1.5926 351.6806 4.3149 4.9050 324.4998 8.2292 299.2384 306.3753 353.8520 335.9652 14.2811 0.6665 344.6322 0.0000 0.0000 0.0000 0.0000 0.0000 0.0000 0.0000 0.0000 0.0000 0.0000 0.0000 0.0000 0.0000 0.0000 0.0000 0.0000 0.0000 0.0000 0.0000 0.0000 0.0000 0.0000 0.0000 0.0000 0.0000 0.0000 0.0000 0.0000 0.0000 0.0000 0.0000 0.0000 0.0000 0.0000 0.0000 0.0000 0.0000 0.0000 0.0000 0.0000 0.0000 0.0000 0.0000 0.0000 0.0000 4.3534 6.8190 357.8270 34.6220 10.9820 48.3142 50.8286 4.2531 14.5748 346.0228 359.2754 19.9213 0.0000 0.0000 0.0000 0.0000 0.0000 0.0000 0.0000 0.0000 0.0000 0.0000 0.0000 0.0000 0.0000 0.0000 0.0000 0.0000 0.0000 0.0000 0.0000 0.0000 0.0000 0.0000 0.0000 0.0000 0.0000 0.0000 0.0000 0.0000 0.0000 0.0000 0.0000 0.0000 0.0000 0.0000 0.0000 0.0000 0.0000 0.0000 0.0000 0.0000 0.0000 0.0000 0.0000 0.0000 0.0000 2.2526 358.3882 5.7370 1.2368 18.6923 0.8342 2.1827 357.7245 356.2067 355.1422 0.1552 359.7567 355.6414 1.6872 355.2966 1.3557 17.3905 4.9106 349.3957 357.9520 1.5830 2.3333 359.8198 359.5715 
-0.0607 0.8639 0.0545 4.5714 357.5507 359.0744 2.7662 352.4531 358.7564 1.0278 5.1617 2.6402 0.8174 0.4131 359.8536 1.1413 0.7018 1.5569 351.6647 4.4222 4.7453 324.3828 8.6217 298.5128 311.5542 355.8741 337.2544 14.3794 0.6166 344.8571 0.0000 0.0000 0.0000 0.0000 0.0000 0.0000 0.0000 0.0000 0.0000 0.0000 0.0000 0.0000 0.0000 0.0000 0.0000 0.0000 0.0000 0.0000 0.0000 0.0000 0.0000 0.0000 0.0000 0.0000 0.0000 0.0000 0.0000 0.0000 0.0000 0.0000 0.0000 0.0000 0.0000 0.0000 0.0000 0.0000 0.0000 0.0000 0.0000 0.0000 0.0000 0.0000 0.0000 0.0000 0.0000 4.3383 6.7972 357.8884 34.9403 10.7349 48.6364 49.5098 3.5427 13.8292 346.1555 359.2029 19.7194 0.0000 0.0000 0.0000 0.0000 0.0000 0.0000 0.0000 0.0000 0.0000 0.0000 0.0000 0.0000 0.0000 0.0000 0.0000 0.0000 0.0000 0.0000 0.0000 0.0000 0.0000 0.0000 0.0000 0.0000 0.0000 0.0000 0.0000 0.0000 0.0000 0.0000 0.0000 0.0000 0.0000 0.0000 0.0000 0.0000 0.0000 0.0000 0.0000 0.0000 0.0000 0.0000 0.0000 0.0000 0.0000 2.2562 358.3779 5.7443 1.2688 18.6926 0.8332 2.1754 357.7283 356.2002 355.1418 0.1369 359.7604 355.6595 1.6633 355.3089 1.3728 17.3939 4.9072 349.4056 357.9489 1.5777 2.3223 359.8215 359.5787 
-0.0609 0.8639 0.0544 4.5404 357.5762 359.0729 2.7058 352.4860 358.7449 1.0120 5.1691 2.6743 0.8516 0.3037 359.8381 1.1754 0.6565 1.5211 351.6485 4.5294 4.5855 324.2607 9.0128 297.7857 316.7894 357.7801 338.6952 14.4466 0.5584 345.1129 0.0000 0.0000 0.0000 0.0000 0.0000 0.0000 0.0000 0.0000 0.0000 0.0000 0.0000 0.0000 0.0000 0.0000 0.0000 0.0000 0.0000 0.0000 0.0000 0.0000 0.0000 0.0000 0.0000 0.0000 0.0000 0.0000 0.0000 0.0000 0.0000 0.0000 0.0000 0.0000 0.0000 0.0000 0.0000 0.0000 0.0000 0.0000 0.0000 0.0000 0.0000 0.0000 0.0000 0.0000 0.0000 4.3230 6.7755 357.9498 35.2569 10.4860 48.9568 48.1794 2.8206 13.1314 346.3181 359.1210 19.4775 0.0000 0.0000 0.0000 0.0000 0.0000 0.0000 0.0000 0.0000 0.0000 0.0000 0.0000 0.0000 0.0000 0.0000 0.0000 0.0000 0.0000 0.0000 0.0000 0.0000 0.0000 0.0000 0.0000 0.0000 0.0000 0.0000 0.0000 0.0000 0.0000 0.0000 0.0000 0.0000 0.0000 0.0000 0.0000 0.0000 0.0000 0.0000 0.0000 0.0000 0.0000 0.0000 0.0000 0.0000 0.0000 2.2599 358.3676 5.7516 1.3008 18.6926 0.8323 2.1682 357.7322 356.1937 355.1415 0.1186 359.7642 355.6777 1.6393 355.3212 1.3899 17.3973 4.9039 349.4156 357.9459 1.5725 2.3114 359.8232 359.5859 
-0.0609 0.8639 0.0545 4.5046 357.6127 359.0679 2.6565 352.5007 358.7237 1.0013 5.1964 2.7257 0.8966 0.1639 359.8165 1.2096 0.5785 1.4937 351.6544 4.5970 4.5161 324.3464 9.4500 297.4350 320.1580 358.4801 339.7361 14.3550 0.4364 345.6711 0.0000 0.0000 0.0000 0.0000 0.0000 0.0000 0.0000 0.0000 0.0000 0.0000 0.0000 0.0000 0.0000 0.0000 0.0000 0.0000 0.0000 0.0000 0.0000 0.0000 0.0000 0.0000 0.0000 0.0000 0.0000 0.0000 0.0000 0.0000 0.0000 0.0000 0.0000 0.0000 0.0000 0.0000 0.0000 0.0000 0.0000 0.0000 0.0000 0.0000 0.0000 0.0000 0.0000 0.0000 0.0000 4.2817 6.8266 358.0421 35.2896 10.4217 49.1646 45.5919 0.2843 11.1217 346.6679 358.9499 18.7677 0.0000 0.0000 0.0000 0.0000 0.0000 0.0000 0.0000 0.0000 0.0000 0.0000 0.0000 0.0000 0.0000 0.0000 0.0000 0.0000 0.0000 0.0000 0.0000 0.0000 0.0000 0.0000 0.0000 0.0000 0.0000 0.0000 0.0000 0.0000 0.0000 0.0000 0.0000 0.0000 0.0000 0.0000 0.0000 0.0000 0.0000 0.0000 0.0000 0.0000 0.0000 0.0000 0.0000 0.0000 0.0000 2.2906 358.2998 5.7830 1.3409 18.6920 0.8388 2.1656 357.7277 356.1797 355.1549 0.1567 359.7530 355.7156 1.5734 355.3404 1.4022 17.3957 4.9063 349.4377 357.9490 1.5622 2.3391 359.8371 359.5750 
-0.0609 0.8639 0.0545 4.4749 357.6477 359.0630 2.6091 352.5144 358.7028 0.9904 5.2238 2.7775 0.9412 0.0257 359.7950 1.2410 0.5041 1.4692 351.6601 4.6648 4.4463 324.4295 9.8877 297.0847 323.5373 359.1176 340.8178 14.2623 0.3152 346.2302 0.0000 0.0000 0.0000 0.0000 0.0000 0.0000 0.0000 0.0000 0.0000 0.0000 0.0000 0.0000 0.0000 0.0000 0.0000 0.0000 0.0000 0.0000 0.0000 0.0000 0.0000 0.0000 0.0000 0.0000 0.0000 0.0000 0.0000 0.0000 0.0000 0.0000 0.0000 0.0000 0.0000 0.0000 0.0000 0.0000 0.0000 0.0000 0.0000 0.0000 0.0000 0.0000 0.0000 0.0000 0.0000 4.2408 6.8782 358.1334 35.3225 10.3570 49.3727 43.0933 357.6618 9.2258 347.0204 358.7829 18.0568 0.0000 0.0000 0.0000 0.0000 0.0000 0.0000 0.0000 0.0000 0.0000 0.0000 0.0000 0.0000 0.0000 0.0000 0.0000 0.0000 0.0000 0.0000 0.0000 0.0000 0.0000 0.0000 0.0000 0.0000 0.0000 0.0000 0.0000 0.0000 0.0000 0.0000 0.0000 0.0000 0.0000 0.0000 0.0000 0.0000 0.0000 0.0000 0.0000 0.0000 0.0000 0.0000 0.0000 0.0000 0.0000 2.3071 358.2722 5.7858 1.3719 18.6914 0.8455 2.1631 357.7233 356.1658 355.1676 0.1566 359.7496 355.7310 1.5372 355.3443 1.4144 17.3939 4.9087 349.4599 357.9522 1.5520 2.3426 359.8547 359.5799 
-0.0609 0.8639 0.0546 4.4452 357.6826 359.0581 2.5617 352.5281 358.6818 0.9796 5.2511 2.8293 0.9858 359.8875 359.7733 1.2725 0.4298 1.4447 351.6658 4.7326 4.3765 324.5101 10.3259 296.7345 326.9270 359.6903 341.9369 14.1681 0.1948 346.7895 0.0000 0.0000 0.0000 0.0000 0.0000 0.0000 0.0000 0.0000 0.0000 0.0000 0.0000 0.0000 0.0000 0.0000 0.0000 0.0000 0.0000 0.0000 0.0000 0.0000 0.0000 0.0000 0.0000 0.0000 0.0000 0.0000 0.0000 0.0000 0.0000 0.0000 0.0000 0.0000 0.0000 0.0000 0.0000 0.0000 0.0000 0.0000 0.0000 0.0000 0.0000 0.0000 0.0000 0.0000 0.0000 4.1999 6.9298 358.2247 35.3551 10.2921 49.5807 40.6762 354.9608 7.4397 347.3752 358.6201 17.3449 0.0000 0.0000 0.0000 0.0000 0.0000 0.0000 0.0000 0.0000 0.0000 0.0000 0.0000 0.0000 0.0000 0.0000 0.0000 0.0000 0.0000 0.0000 0.0000 0.0000 0.0000 0.0000 0.0000 0.0000 0.0000 0.0000 0.0000 0.0000 0.0000 0.0000 0.0000 0.0000 0.0000 0.0000 0.0000 0.0000 0.0000 0.0000 0.0000 0.0000 0.0000 0.0000 0.0000 0.0000 0.0000 2.3235 358.2446 5.7885 1.4028 18.6908 0.8522 2.1605 357.7189 356.1518 355.1804 0.1566 359.7462 355.7464 1.5009 355.3483 1.4266 17.3922 4.9111 349.4820 357.9554 1.5418 2.3462 359.8723 359.5848 
-0.0609 0.8639 0.0544 4.4013 357.7186 359.0507 2.5360 352.5276 358.6618 0.9810 5.2747 2.8484 0.9993 359.8370 359.7555 1.2716 0.3756 1.4346 351.8356 4.7824 4.4307 325.8069 11.0635 296.7414 330.6359 358.0471 343.5193 13.9981 0.0760 347.3617 0.0000 0.0000 0.0000 0.0000 0.0000 0.0000 0.0000 0.0000 0.0000 0.0000 0.0000 0.0000 0.0000 0.0000 0.0000 0.0000 0.0000 0.0000 0.0000 0.0000 0.0000 0.0000 0.0000 0.0000 0.0000 0.0000 0.0000 0.0000 0.0000 0.0000 0.0000 0.0000 0.0000 0.0000 0.0000 0.0000 0.0000 0.0000 0.0000 0.0000 0.0000 0.0000 0.0000 0.0000 0.0000 4.1161 6.8951 358.1753 34.4650 10.3296 49.0820 39.9084 353.7456 5.8132 347.7089 358.4601 16.6103 0.0000 0.0000 0.0000 0.0000 0.0000 0.0000 0.0000 0.0000 0.0000 0.0000 0.0000 0.0000 0.0000 0.0000 0.0000 0.0000 0.0000 0.0000 0.0000 0.0000 0.0000 0.0000 0.0000 0.0000 0.0000 0.0000 0.0000 0.0000 0.0000 0.0000 0.0000 0.0000 0.0000 0.0000 0.0000 0.0000 0.0000 0.0000 0.0000 0.0000 0.0000 0.0000 0.0000 0.0000 0.0000 2.3334 358.2010 5.7999 1.4665 18.6895 0.8657 2.1216 357.7190 356.1259 355.1620 0.1587 359.7590 355.7686 1.4527 355.3605 1.4426 17.3896 4.9155 349.4856 357.9618 1.5378 2.3219 359.8421 359.5810 
-0.0610 0.8639 0.0543 4.3606 357.7505 359.0438 2.5101 352.5272 358.6417 0.9832 5.2962 2.8637 1.0125 359.7873 359.7378 1.2703 0.3221 1.4248 352.0054 4.8317 4.4854 327.1073 11.8013 296.7650 334.3029 356.3059 344.9955 13.8265 359.9587 347.9343 0.0000 0.0000 0.0000 0.0000 0.0000 0.0000 0.0000 0.0000 0.0000 0.0000 0.0000 0.0000 0.0000 0.0000 0.0000 0.0000 0.0000 0.0000 0.0000 0.0000 0.0000 0.0000 0.0000 0.0000 0.0000 0.0000 0.0000 0.0000 0.0000 0.0000 0.0000 0.0000 0.0000 0.0000 0.0000 0.0000 0.0000 0.0000 0.0000 0.0000 0.0000 0.0000 0.0000 0.0000 0.0000 4.0329 6.8595 358.1246 33.5745 10.3595 48.5826 39.1742 352.5095 4.1986 348.0452 358.3042 15.8748 0.0000 0.0000 0.0000 0.0000 0.0000 0.0000 0.0000 0.0000 0.0000 0.0000 0.0000 0.0000 0.0000 0.0000 0.0000 0.0000 0.0000 0.0000 0.0000 0.0000 0.0000 0.0000 0.0000 0.0000 0.0000 0.0000 0.0000 0.0000 0.0000 0.0000 0.0000 0.0000 0.0000 0.0000 0.0000 0.0000 0.0000 0.0000 0.0000 0.0000 0.0000 0.0000 0.0000 0.0000 0.0000 2.3408 358.1615 5.8109 1.5182 18.6884 0.8767 2.0828 357.7191 356.1000 355.1742 0.1608 359.7636 355.7901 1.4059 355.3726 1.4585 17.3871 4.9199 349.4891 357.9680 1.5338 2.3045 359.8456 359.5867 
-0.0611 0.8639 0.0542 4.3200 357.7825 359.0369 2.4841 352.5268 358.6215 0.9854 5.3177 2.8790 1.0258 359.7376 359.7201 1.2691 0.2686 1.4150 352.1753 4.8809 4.5402 328.4117 12.5383 296.8057 337.9596 354.4813 346.3361 13.6179 359.8360 348.5360 0.0000 0.0000 0.0000 0.0000 0.0000 0.0000 0.0000 0.0000 0.0000 0.0000 0.0000 0.0000 0.0000 0.0000 0.0000 0.0000 0.0000 0.0000 0.0000 0.0000 0.0000 0.0000 0.0000 0.0000 0.0000 0.0000 0.0000 0.0000 0.0000 0.0000 0.0000 0.0000 0.0000 0.0000 0.0000 0.0000 0.0000 0.0000 0.0000 0.0000 0.0000 0.0000 0.0000 0.0000 0.0000 3.9497 6.8239 358.0741 32.6837 10.3818 48.0827 38.4505 351.2549 2.6287 348.4146 358.1446 15.1003 0.0000 0.0000 0.0000 0.0000 0.0000 0.0000 0.0000 0.0000 0.0000 0.0000 0.0000 0.0000 0.0000 0.0000 0.0000 0.0000 0.0000 0.0000 0.0000 0.0000 0.0000 0.0000 0.0000 0.0000 0.0000 0.0000 0.0000 0.0000 0.0000 0.0000 0.0000 0.0000 0.0000 0.0000 0.0000 0.0000 0.0000 0.0000 0.0000 0.0000 0.0000 0.0000 0.0000 0.0000 0.0000 2.3482 358.1220 5.8219 1.5699 18.6875 0.8876 2.0439 357.7192 356.0741 355.1864 0.1628 359.7682 355.8117 1.3591 355.3846 1.4745 17.3845 4.9242 349.4926 357.9744 1.5298 2.2871 359.8491 359.5924 
-0.0611 0.8639 0.0545 4.3402 357.8376 359.0365 2.5014 352.5765 358.6000 1.0182 5.2422 2.9797 0.9927 359.7670 359.6635 1.2252 0.1658 1.4225 352.5163 4.8400 4.6581 330.4149 12.7653 296.9817 340.5367 348.7818 349.5032 13.0547 359.4489 350.1440 0.0000 0.0000 0.0000 0.0000 0.0000 0.0000 0.0000 0.0000 0.0000 0.0000 0.0000 0.0000 0.0000 0.0000 0.0000 0.0000 0.0000 0.0000 0.0000 0.0000 0.0000 0.0000 0.0000 0.0000 0.0000 0.0000 0.0000 0.0000 0.0000 0.0000 0.0000 0.0000 0.0000 0.0000 0.0000 0.0000 0.0000 0.0000 0.0000 0.0000 0.0000 0.0000 0.0000 0.0000 0.0000 3.7112 6.7738 358.0424 31.5275 10.5969 47.8268 35.6252 348.7668 0.6004 348.7749 357.8655 13.5401 0.0000 0.0000 0.0000 0.0000 0.0000 0.0000 0.0000 0.0000 0.0000 0.0000 0.0000 0.0000 0.0000 0.0000 0.0000 0.0000 0.0000 0.0000 0.0000 0.0000 0.0000 0.0000 0.0000 0.0000 0.0000 0.0000 0.0000 0.0000 0.0000 0.0000 0.0000 0.0000 0.0000 0.0000 0.0000 0.0000 0.0000 0.0000 0.0000 0.0000 0.0000 0.0000 0.0000 0.0000 0.0000 2.3303 358.1000 5.8167 1.5527 18.6877 0.8879 2.1140 357.7137 356.1177 355.1623 0.1605 359.7587 355.7980 1.3309 355.3899 1.4610 17.3866 4.9202 349.4942 357.9691 1.5343 2.3234 359.8471 359.5828 
-0.0611 0.8639 0.0548 4.3545 357.8938 359.0358 2.5189 352.6262 358.5789 1.0493 5.1527 3.0704 0.9582 359.8013 359.6085 1.1812 0.0640 1.4304 352.8554 4.7979 4.7751 332.4210 12.9864 297.1659 342.8742 342.9590 352.4558 12.4377 359.0717 351.7798 0.0000 0.0000 0.0000 0.0000 0.0000 0.0000 0.0000 0.0000 0.0000 0.0000 0.0000 0.0000 0.0000 0.0000 0.0000 0.0000 0.0000 0.0000 0.0000 0.0000 0.0000 0.0000 0.0000 0.0000 0.0000 0.0000 0.0000 0.0000 0.0000 0.0000 0.0000 0.0000 0.0000 0.0000 0.0000 0.0000 0.0000 0.0000 0.0000 0.0000 0.0000 0.0000 0.0000 0.0000 0.0000 3.4755 6.7246 358.0126 30.3696 10.8069 47.5663 32.8392 346.1855 358.7132 349.1796 357.5889 11.9415 0.0000 0.0000 0.0000 0.0000 0.0000 0.0000 0.0000 0.0000 0.0000 0.0000 0.0000 0.0000 0.0000 0.0000 0.0000 0.0000 0.0000 0.0000 0.0000 0.0000 0.0000 0.0000 0.0000 0.0000 0.0000 0.0000 0.0000 0.0000 0.0000 0.0000 0.0000 0.0000 0.0000 0.0000 0.0000 0.0000 0.0000 0.0000 0.0000 0.0000 0.0000 0.0000 0.0000 0.0000 0.0000 2.3155 358.0610 5.8163 1.5569 18.6872 0.8928 2.1096 357.7085 356.1117 355.1656 0.1628 359.7595 355.7862 1.2987 355.3962 1.4475 17.3890 4.9163 349.4958 357.9637 1.5389 2.3233 359.8524 359.5851 
-0.0611 0.8639 0.0551 4.3688 357.9500 359.0352 2.5364 352.6759 358.5577 1.0803 5.0631 3.1610 0.9238 359.8355 359.5536 1.1373 359.9622 1.4383 353.1945 4.7551 4.8919 334.4295 13.2010 297.3581 344.9302 337.0256 355.3012 11.8493 358.7172 353.3880 0.0000 0.0000 0.0000 0.0000 0.0000 0.0000 0.0000 0.0000 0.0000 0.0000 0.0000 0.0000 0.0000 0.0000 0.0000 0.0000 0.0000 0.0000 0.0000 0.0000 0.0000 0.0000 0.0000 0.0000 0.0000 0.0000 0.0000 0.0000 0.0000 0.0000 0.0000 0.0000 0.0000 0.0000 0.0000 0.0000 0.0000 0.0000 0.0000 0.0000 0.0000 0.0000 0.0000 0.0000 0.0000 3.2398 6.6753 357.9830 29.2099 11.0117 47.3014 30.1401 343.5192 356.8916 349.5567 357.3300 10.3831 0.0000 0.0000 0.0000 0.0000 0.0000 0.0000 0.0000 0.0000 0.0000 0.0000 0.0000 0.0000 0.0000 0.0000 0.0000 0.0000 0.0000 0.0000 0.0000 0.0000 0.0000 0.0000 0.0000 0.0000 0.0000 0.0000 0.0000 0.0000 0.0000 0.0000 0.0000 0.0000 0.0000 0.0000 0.0000 0.0000 0.0000 0.0000 0.0000 0.0000 0.0000 0.0000 0.0000 0.0000 0.0000 2.3008 358.0220 5.8159 1.5612 18.6868 0.8976 2.1052 357.7034 356.1057 355.1689 0.1650 359.7603 355.7743 1.2666 355.4026 1.4340 17.3911 4.9122 349.4973 357.9586 1.5435 2.3233 359.8578 359.5873 
-0.0612 0.8639 0.0554 4.4248 358.0095 359.0373 2.5509 352.7528 358.5212 1.1048 4.9525 3.2768 0.8780 359.8997 359.4707 1.0879 359.8524 1.4455 353.4141 4.6913 5.0183 335.9211 13.6191 297.3128 347.1253 332.7713 357.4528 11.3155 358.2390 355.9091 0.0000 0.0000 0.0000 0.0000 0.0000 0.0000 0.0000 0.0000 0.0000 0.0000 0.0000 0.0000 0.0000 0.0000 0.0000 0.0000 0.0000 0.0000 0.0000 0.0000 0.0000 0.0000 0.0000 0.0000 0.0000 0.0000 0.0000 0.0000 0.0000 0.0000 0.0000 0.0000 0.0000 0.0000 0.0000 0.0000 0.0000 0.0000 0.0000 0.0000 0.0000 0.0000 0.0000 0.0000 0.0000 3.0442 6.6490 357.9917 28.3462 11.0249 47.3383 28.2824 340.9640 354.6263 349.9313 356.9474 8.1173 0.0000 0.0000 0.0000 0.0000 0.0000 0.0000 0.0000 0.0000 0.0000 0.0000 0.0000 0.0000 0.0000 0.0000 0.0000 0.0000 0.0000 0.0000 0.0000 0.0000 0.0000 0.0000 0.0000 0.0000 0.0000 0.0000 0.0000 0.0000 0.0000 0.0000 0.0000 0.0000 0.0000 0.0000 0.0000 0.0000 0.0000 0.0000 0.0000 0.0000 0.0000 0.0000 0.0000 0.0000 0.0000 2.2960 357.9872 5.8173 1.5591 18.6861 0.9065 2.0884 357.7039 356.0868 355.1717 0.1697 359.7607 355.7616 1.2440 355.4091 1.4292 17.3901 4.9203 349.4831 357.9463 1.5416 2.3138 359.8652 359.5928 
-0.0613 0.8639 0.0557 4.4802 358.0632 359.0395 2.5643 352.8269 358.4860 1.1292 4.8419 3.3926 0.8332 359.9625 359.3897 1.0388 359.7430 1.4527 353.6331 4.6270 5.1442 337.4151 14.0383 297.2787 349.1770 328.4466 359.5519 10.8017 357.7871 358.4088 0.0000 0.0000 0.0000 0.0000 0.0000 0.0000 0.0000 0.0000 0.0000 0.0000 0.0000 0.0000 0.0000 0.0000 0.0000 0.0000 0.0000 0.0000 0.0000 0.0000 0.0000 0.0000 0.0000 0.0000 0.0000 0.0000 0.0000 0.0000 0.0000 0.0000 0.0000 0.0000 0.0000 0.0000 0.0000 0.0000 0.0000 0.0000 0.0000 0.0000 0.0000 0.0000 0.0000 0.0000 0.0000 2.8485 6.6226 358.0004 27.4828 11.0385 47.3752 26.5419 338.3460 352.3655 350.2832 356.5844 5.8881 0.0000 0.0000 0.0000 0.0000 0.0000 0.0000 0.0000 0.0000 0.0000 0.0000 0.0000 0.0000 0.0000 0.0000 0.0000 0.0000 0.0000 0.0000 0.0000 0.0000 0.0000 0.0000 0.0000 0.0000 0.0000 0.0000 0.0000 0.0000 0.0000 0.0000 0.0000 0.0000 0.0000 0.0000 0.0000 0.0000 0.0000 0.0000 0.0000 0.0000 0.0000 0.0000 0.0000 0.0000 0.0000 2.2905 357.9503 5.8188 1.5569 18.6853 0.9154 2.0717 357.7044 356.0678 355.1744 0.1744 359.7612 355.7518 1.2290 355.4141 1.4243 17.3893 4.9283 349.4688 357.9339 1.5398 2.3044 359.8727 359.5983 
-0.0614 0.8639 0.0561 4.5356 358.1169 359.0417 2.5776 352.9009 358.4508 1.1533 4.7313 3.5082 0.7884 0.0253 359.3087 0.9896 359.6336 1.4601 353.8519 4.5622 5.2699 338.9116 14.4581 297.2558 351.1807 324.0619 1.5522 10.2132 357.3586 0.9069 0.0000 0.0000 0.0000 0.0000 0.0000 0.0000 0.0000 0.0000 0.0000 0.0000 0.0000 0.0000 0.0000 0.0000 0.0000 0.0000 0.0000 0.0000 0.0000 0.0000 0.0000 0.0000 0.0000 0.0000 0.0000 0.0000 0.0000 0.0000 0.0000 0.0000 0.0000 0.0000 0.0000 0.0000 0.0000 0.0000 0.0000 0.0000 0.0000 0.0000 0.0000 0.0000 0.0000 0.0000 0.0000 2.6528 6.5962 358.0092 26.6195 11.0527 47.4118 24.8482 335.6632 350.1707 350.6984 356.2323 3.6405 0.0000 0.0000 0.0000 0.0000 0.0000 0.0000 0.0000 0.0000 0.0000 0.0000 0.0000 0.0000 0.0000 0.0000 0.0000 0.0000 0.0000 0.0000 0.0000 0.0000 0.0000 0.0000 0.0000 0.0000 0.0000 0.0000 0.0000 0.0000 0.0000 0.0000 0.0000 0.0000 0.0000 0.0000 0.0000 0.0000 0.0000 0.0000 0.0000 0.0000 0.0000 0.0000 0.0000 0.0000 0.0000 2.2849 357.9134 5.8202 1.5547 18.6846 0.9243 2.0550 357.7050 356.0489 355.1772 0.1791 359.7617 355.7419 1.2141 355.4191 1.4195 17.3881 4.9362 349.4546 357.9218 1.5379 2.2950 359.8801 359.6038 
-0.0618 0.8639 0.0563 4.6383 358.1673 359.0448 2.6189 352.9371 358.4245 1.1719 4.6423 3.5797 0.7638 0.1137 359.2620 0.9499 359.5001 1.4669 354.0674 4.5469 5.4130 339.8165 14.9740 297.4287 350.9592 321.3722 2.8051 9.7721 357.2120 1.7276 0.0000 0.0000 0.0000 0.0000 0.0000 0.0000 0.0000 0.0000 0.0000 0.0000 0.0000 0.0000 0.0000 0.0000 0.0000 0.0000 0.0000 0.0000 0.0000 0.0000 0.0000 0.0000 0.0000 0.0000 0.0000 0.0000 0.0000 0.0000 0.0000 0.0000 0.0000 0.0000 0.0000 0.0000 0.0000 0.0000 0.0000 0.0000 0.0000 0.0000 0.0000 0.0000 0.0000 0.0000 0.0000 2.4702 6.5673 357.9238 25.7918 11.6285 47.2550 23.4280 334.1350 349.6955 350.8422 356.0998 2.6381 0.0000 0.0000 0.0000 0.0000 0.0000 0.0000 0.0000 0.0000 0.0000 0.0000 0.0000 0.0000 0.0000 0.0000 0.0000 0.0000 0.0000 0.0000 0.0000 0.0000 0.0000 0.0000 0.0000 0.0000 0.0000 0.0000 0.0000 0.0000 0.0000 0.0000 0.0000 0.0000 0.0000 0.0000 0.0000 0.0000 0.0000 0.0000 0.0000 0.0000 0.0000 0.0000 0.0000 0.0000 0.0000 2.2652 357.8387 5.8380 1.5164 18.6839 0.9326 2.0411 357.7114 356.0388 355.1783 0.1858 359.7627 355.7159 1.1853 355.4474 1.3821 17.3934 4.9345 349.4455 357.9127 1.5353 2.2921 359.8770 359.6010 
-0.0622 0.8639 0.0565 4.7358 358.2206 359.0480 2.6596 352.9702 358.3996 1.1902 4.5548 3.6498 0.7388 0.2026 359.2145 0.9103 359.3670 1.4738 354.2832 4.5310 5.5563 340.7252 15.4872 297.6105 350.6502 318.6874 4.1227 9.3281 357.0716 2.5490 0.0000 0.0000 0.0000 0.0000 0.0000 0.0000 0.0000 0.0000 0.0000 0.0000 0.0000 0.0000 0.0000 0.0000 0.0000 0.0000 0.0000 0.0000 0.0000 0.0000 0.0000 0.0000 0.0000 0.0000 0.0000 0.0000 0.0000 0.0000 0.0000 0.0000 0.0000 0.0000 0.0000 0.0000 0.0000 0.0000 0.0000 0.0000 0.0000 0.0000 0.0000 0.0000 0.0000 0.0000 0.0000 2.2876 6.5381 357.8384 24.9611 12.2020 47.0894 22.0031 332.5973 349.2556 350.9889 355.9698 1.6352 0.0000 0.0000 0.0000 0.0000 0.0000 0.0000 0.0000 0.0000 0.0000 0.0000 0.0000 0.0000 0.0000 0.0000 0.0000 0.0000 0.0000 0.0000 0.0000 0.0000 0.0000 0.0000 0.0000 0.0000 0.0000 0.0000 0.0000 0.0000 0.0000 0.0000 0.0000 0.0000 0.0000 0.0000 0.0000 0.0000 0.0000 0.0000 0.0000 0.0000 0.0000 0.0000 0.0000 0.0000 0.0000 2.2478 357.7802 5.8552 1.4782 18.6833 0.9409 2.0271 357.7177 356.0287 355.1796 0.1924 359.7637 355.6962 1.1662 355.4723 1.3447 17.3988 4.9329 349.4364 357.9035 1.5327 2.2758 359.8845 359.6060 
-0.0625 0.8639 0.0567 4.8333 358.2740 359.0512 2.7004 353.0034 358.3748 1.2083 4.4672 3.7197 0.7136 0.2915 359.1670 0.8707 359.2340 1.4808 354.4989 4.5146 5.6995 341.6378 15.9975 297.8012 350.2415 316.0095 5.5192 8.8814 356.9375 3.3711 0.0000 0.0000 0.0000 0.0000 0.0000 0.0000 0.0000 0.0000 0.0000 0.0000 0.0000 0.0000 0.0000 0.0000 0.0000 0.0000 0.0000 0.0000 0.0000 0.0000 0.0000 0.0000 0.0000 0.0000 0.0000 0.0000 0.0000 0.0000 0.0000 0.0000 0.0000 0.0000 0.0000 0.0000 0.0000 0.0000 0.0000 0.0000 0.0000 0.0000 0.0000 0.0000 0.0000 0.0000 0.0000 2.1051 6.5086 357.7532 24.1267 12.7731 46.9150 20.5711 331.0509 348.8521 351.1385 355.8422 0.6319 0.0000 0.0000 0.0000 0.0000 0.0000 0.0000 0.0000 0.0000 0.0000 0.0000 0.0000 0.0000 0.0000 0.0000 0.0000 0.0000 0.0000 0.0000 0.0000 0.0000 0.0000 0.0000 0.0000 0.0000 0.0000 0.0000 0.0000 0.0000 0.0000 0.0000 0.0000 0.0000 0.0000 0.0000 0.0000 0.0000 0.0000 0.0000 0.0000 0.0000 0.0000 0.0000 0.0000 0.0000 0.0000 2.2305 357.7216 5.8724 1.4399 18.6826 0.9492 2.0132 357.7241 356.0186 355.1808 0.1991 359.7646 355.6766 1.1471 355.4973 1.3073 17.4041 4.9311 349.4273 357.8944 1.5301 2.2595 359.8921 359.6110 
-0.0624 0.8639 0.0568 4.8846 358.3121 359.0582 2.7279 353.0212 358.3674 1.2143 4.3803 3.7718 0.6992 0.3541 359.1335 0.8405 359.1673 1.4980 354.6564 4.5432 5.7256 341.7168 16.3190 297.7036 350.2122 314.1014 6.2509 8.6716 356.8297 4.0112 0.0000 0.0000 0.0000 0.0000 0.0000 0.0000 0.0000 0.0000 0.0000 0.0000 0.0000 0.0000 0.0000 0.0000 0.0000 0.0000 0.0000 0.0000 0.0000 0.0000 0.0000 0.0000 0.0000 0.0000 0.0000 0.0000 0.0000 0.0000 0.0000 0.0000 0.0000 0.0000 0.0000 0.0000 0.0000 0.0000 0.0000 0.0000 0.0000 0.0000 0.0000 0.0000 0.0000 0.0000 0.0000 1.9894 6.5578 357.7633 24.1917 13.1872 47.2937 18.7995 329.6482 348.5613 351.0845 355.8287 0.4926 0.0000 0.0000 0.0000 0.0000 0.0000 0.0000 0.0000 0.0000 0.0000 0.0000 0.0000 0.0000 0.0000 0.0000 0.0000 0.0000 0.0000 0.0000 0.0000 0.0000 0.0000 0.0000 0.0000 0.0000 0.0000 0.0000 0.0000 0.0000 0.0000 0.0000 0.0000 0.0000 0.0000 0.0000 0.0000 0.0000 0.0000 0.0000 0.0000 0.0000 0.0000 0.0000 0.0000 0.0000 0.0000 2.2069 357.6783 5.8535 1.4009 18.6817 0.9590 1.9544 357.7462 355.9626 355.1819 0.1978 359.7682 355.6661 1.1303 355.4992 1.2881 17.3949 4.9369 349.3839 357.8657 1.5236 2.2827 359.8861 359.6022 
-0.0624 0.8639 0.0569 4.9356 358.3570 359.0656 2.7529 353.0369 358.3616 1.2207 4.2907 3.8260 0.6839 0.4196 359.0985 0.8105 359.1011 1.5152 354.8125 4.5718 5.7509 341.7954 16.6407 297.6062 350.1454 312.1939 7.0111 8.4601 356.7242 4.6518 0.0000 0.0000 0.0000 0.0000 0.0000 0.0000 0.0000 0.0000 0.0000 0.0000 0.0000 0.0000 0.0000 0.0000 0.0000 0.0000 0.0000 0.0000 0.0000 0.0000 0.0000 0.0000 0.0000 0.0000 0.0000 0.0000 0.0000 0.0000 0.0000 0.0000 0.0000 0.0000 0.0000 0.0000 0.0000 0.0000 0.0000 0.0000 0.0000 0.0000 0.0000 0.0000 0.0000 0.0000 0.0000 1.8729 6.6069 357.7728 24.2598 13.6008 47.6736 17.0101 328.2385 348.3172 351.0306 355.8151 0.3532 0.0000 0.0000 0.0000 0.0000 0.0000 0.0000 0.0000 0.0000 0.0000 0.0000 0.0000 0.0000 0.0000 0.0000 0.0000 0.0000 0.0000 0.0000 0.0000 0.0000 0.0000 0.0000 0.0000 0.0000 0.0000 0.0000 0.0000 0.0000 0.0000 0.0000 0.0000 0.0000 0.0000 0.0000 0.0000 0.0000 0.0000 0.0000 0.0000 0.0000 0.0000 0.0000 0.0000 0.0000 0.0000 2.1834 357.6355 5.8344 1.3673 18.6808 0.9677 1.9450 357.7458 355.9421 355.1832 0.1965 359.7717 355.6617 1.1192 355.4934 1.2619 17.3868 4.9424 349.3654 357.8618 1.5241 2.2732 359.8952 359.6034 
-0.0623 0.8639 0.0571 4.9867 358.4019 359.0730 2.7779 353.0527 358.3558 1.2271 4.2011 3.8802 0.6685 0.4850 359.0634 0.7804 359.0349 1.5325 354.9687 4.6004 5.7763 341.8736 16.9625 297.5092 350.0367 310.2874 7.8045 8.2468 356.6210 5.2928 0.0000 0.0000 0.0000 0.0000 0.0000 0.0000 0.0000 0.0000 0.0000 0.0000 0.0000 0.0000 0.0000 0.0000 0.0000 0.0000 0.0000 0.0000 0.0000 0.0000 0.0000 0.0000 0.0000 0.0000 0.0000 0.0000 0.0000 0.0000 0.0000 0.0000 0.0000 0.0000 0.0000 0.0000 0.0000 0.0000 0.0000 0.0000 0.0000 0.0000 0.0000 0.0000 0.0000 0.0000 0.0000 1.7563 6.6560 357.7823 24.3308 14.0140 48.0546 15.1995 326.8230 348.1219 350.9767 355.8013 0.2137 0.0000 0.0000 0.0000 0.0000 0.0000 0.0000 0.0000 0.0000 0.0000 0.0000 0.0000 0.0000 0.0000 0.0000 0.0000 0.0000 0.0000 0.0000 0.0000 0.0000 0.0000 0.0000 0.0000 0.0000 0.0000 0.0000 0.0000 0.0000 0.0000 0.0000 0.0000 0.0000 0.0000 0.0000 0.0000 0.0000 0.0000 0.0000 0.0000 0.0000 0.0000 0.0000 0.0000 0.0000 0.0000 2.1600 357.5927 5.8154 1.3337 18.6800 0.9763 1.9357 357.7453 355.9216 355.1844 0.1952 359.7753 355.6572 1.1083 355.4877 1.2357 17.3785 4.9479 349.3470 357.8581 1.5247 2.2638 359.9043 359.6046 
-0.0625 0.8639 0.0574 5.0456 358.4511 359.0731 2.7953 353.0559 358.3484 1.2285 4.1718 3.9174 0.6619 0.5007 359.0357 0.7611 358.9967 1.5282 355.0513 4.6354 5.7492 341.5943 17.2715 297.4139 350.2064 310.2080 7.6401 8.2545 356.5816 5.4055 0.0000 0.0000 0.0000 0.0000 0.0000 0.0000 0.0000 0.0000 0.0000 0.0000 0.0000 0.0000 0.0000 0.0000 0.0000 0.0000 0.0000 0.0000 0.0000 0.0000 0.0000 0.0000 0.0000 0.0000 0.0000 0.0000 0.0000 0.0000 0.0000 0.0000 0.0000 0.0000 0.0000 0.0000 0.0000 0.0000 0.0000 0.0000 0.0000 0.0000 0.0000 0.0000 0.0000 0.0000 0.0000 1.6874 6.7737 357.8396 24.6891 14.3376 48.5581 14.2514 326.4792 348.1733 350.9367 355.8372 0.4541 0.0000 0.0000 0.0000 0.0000 0.0000 0.0000 0.0000 0.0000 0.0000 0.0000 0.0000 0.0000 0.0000 0.0000 0.0000 0.0000 0.0000 0.0000 0.0000 0.0000 0.0000 0.0000 0.0000 0.0000 0.0000 0.0000 0.0000 0.0000 0.0000 0.0000 0.0000 0.0000 0.0000 0.0000 0.0000 0.0000 0.0000 0.0000 0.0000 0.0000 0.0000 0.0000 0.0000 0.0000 0.0000 2.1374 357.5529 5.8327 1.2917 18.6796 0.9788 1.9020 357.7562 355.9308 355.1849 0.1987 359.7773 355.6257 1.0635 355.4927 1.1793 17.3716 4.9499 349.3333 357.8473 1.5282 2.2619 359.9113 359.6077 
-0.0628 0.8639 0.0577 5.1057 358.5006 359.0733 2.8168 353.0618 358.3401 1.2298 4.1423 3.9547 0.6553 0.5161 359.0080 0.7433 358.9618 1.5231 355.1302 4.6697 5.7215 341.3138 17.5794 297.3172 350.3767 310.1289 7.4752 8.2622 356.5422 5.5181 0.0000 0.0000 0.0000 0.0000 0.0000 0.0000 0.0000 0.0000 0.0000 0.0000 0.0000 0.0000 0.0000 0.0000 0.0000 0.0000 0.0000 0.0000 0.0000 0.0000 0.0000 0.0000 0.0000 0.0000 0.0000 0.0000 0.0000 0.0000 0.0000 0.0000 0.0000 0.0000 0.0000 0.0000 0.0000 0.0000 0.0000 0.0000 0.0000 0.0000 0.0000 0.0000 0.0000 0.0000 0.0000 1.6155 6.8929 357.8971 25.0508 14.6577 49.0640 13.2992 326.1362 348.2319 350.8974 355.8735 0.6957 0.0000 0.0000 0.0000 0.0000 0.0000 0.0000 0.0000 0.0000 0.0000 0.0000 0.0000 0.0000 0.0000 0.0000 0.0000 0.0000 0.0000 0.0000 0.0000 0.0000 0.0000 0.0000 0.0000 0.0000 0.0000 0.0000 0.0000 0.0000 0.0000 0.0000 0.0000 0.0000 0.0000 0.0000 0.0000 0.0000 0.0000 0.0000 0.0000 0.0000 0.0000 0.0000 0.0000 0.0000 0.0000 2.1133 357.5104 5.8488 1.2407 18.6792 0.9837 1.8541 357.7662 355.9089 355.1854 0.2022 359.7792 355.6061 1.0486 355.5134 1.1415 17.3701 4.9480 349.3196 357.8366 1.5317 2.2518 359.9264 359.6119 
-0.0630 0.8639 0.0580 5.1658 358.5502 359.0735 2.8383 353.0676 358.3318 1.2312 4.1127 3.9921 0.6487 0.5316 358.9804 0.7255 358.9269 1.5179 355.2091 4.7040 5.6940 341.0323 17.8869 297.2187 350.5476 310.0501 7.3097 8.2697 356.5027 5.6308 0.0000 0.0000 0.0000 0.0000 0.0000 0.0000 0.0000 0.0000 0.0000 0.0000 0.0000 0.0000 0.0000 0.0000 0.0000 0.0000 0.0000 0.0000 0.0000 0.0000 0.0000 0.0000 0.0000 0.0000 0.0000 0.0000 0.0000 0.0000 0.0000 0.0000 0.0000 0.0000 0.0000 0.0000 0.0000 0.0000 0.0000 0.0000 0.0000 0.0000 0.0000 0.0000 0.0000 0.0000 0.0000 1.5436 7.0121 357.9545 25.4159 14.9746 49.5728 12.3426 325.7940 348.2979 350.8583 355.9098 0.9372 0.0000 0.0000 0.0000 0.0000 0.0000 0.0000 0.0000 0.0000 0.0000 0.0000 0.0000 0.0000 0.0000 0.0000 0.0000 0.0000 0.0000 0.0000 0.0000 0.0000 0.0000 0.0000 0.0000 0.0000 0.0000 0.0000 0.0000 0.0000 0.0000 0.0000 0.0000 0.0000 0.0000 0.0000 0.0000 0.0000 0.0000 0.0000 0.0000 0.0000 0.0000 0.0000 0.0000 0.0000 0.0000 2.0892 357.4680 5.8650 1.1896 18.6786 0.9885 1.8061 357.7763 355.8871 355.1859 0.2058 359.7812 355.5866 1.0337 355.5340 1.1037 17.3685 4.9460 349.3059 357.8259 1.5353 2.2416 359.9415 359.6161 
-0.0627 0.8639 0.0582 5.2313 358.5518 359.0757 2.8221 353.0768 358.3500 1.2208 4.1224 3.9912 0.6809 0.5507 358.9744 0.7473 358.9357 1.4961 355.2274 4.7502 5.5865 340.5449 17.8237 296.9012 350.3744 310.3488 7.2525 8.3106 356.5032 5.5297 0.0000 0.0000 0.0000 0.0000 0.0000 0.0000 0.0000 0.0000 0.0000 0.0000 0.0000 0.0000 0.0000 0.0000 0.0000 0.0000 0.0000 0.0000 0.0000 0.0000 0.0000 0.0000 0.0000 0.0000 0.0000 0.0000 0.0000 0.0000 0.0000 0.0000 0.0000 0.0000 0.0000 0.0000 0.0000 0.0000 0.0000 0.0000 0.0000 0.0000 0.0000 0.0000 0.0000 0.0000 0.0000 1.5020 7.1321 358.0575 25.9879 14.9601 50.0501 12.2985 326.2675 348.3283 350.8506 355.9800 1.5005 0.0000 0.0000 0.0000 0.0000 0.0000 0.0000 0.0000 0.0000 0.0000 0.0000 0.0000 0.0000 0.0000 0.0000 0.0000 0.0000 0.0000 0.0000 0.0000 0.0000 0.0000 0.0000 0.0000 0.0000 0.0000 0.0000 0.0000 0.0000 0.0000 0.0000 0.0000 0.0000 0.0000 0.0000 0.0000 0.0000 0.0000 0.0000 0.0000 0.0000 0.0000 0.0000 0.0000 0.0000 0.0000 2.0812 357.4764 5.8250 1.1677 18.6796 0.9790 1.9000 357.7015 355.9609 355.1888 0.2045 359.7831 355.5637 1.0604 355.5055 1.0408 17.3711 4.9403 349.2874 357.8370 1.5969 2.2458 359.9195 359.6061 
-0.0623 0.8639 0.0584 5.3014 358.5537 359.0779 2.8086 353.0867 358.3672 1.2103 4.1358 3.9856 0.7139 0.5679 358.9719 0.7716 358.9497 1.4749 355.2430 4.7953 5.4799 340.0580 17.7579 296.5842 350.1997 310.6475 7.1962 8.3516 356.5029 5.4309 0.0000 0.0000 0.0000 0.0000 0.0000 0.0000 0.0000 0.0000 0.0000 0.0000 0.0000 0.0000 0.0000 0.0000 0.0000 0.0000 0.0000 0.0000 0.0000 0.0000 0.0000 0.0000 0.0000 0.0000 0.0000 0.0000 0.0000 0.0000 0.0000 0.0000 0.0000 0.0000 0.0000 0.0000 0.0000 0.0000 0.0000 0.0000 0.0000 0.0000 0.0000 0.0000 0.0000 0.0000 0.0000 1.4595 7.2539 358.1614 26.5597 14.9410 50.5274 12.2549 326.7411 348.3582 350.8438 356.0502 2.0637 0.0000 0.0000 0.0000 0.0000 0.0000 0.0000 0.0000 0.0000 0.0000 0.0000 0.0000 0.0000 0.0000 0.0000 0.0000 0.0000 0.0000 0.0000 0.0000 0.0000 0.0000 0.0000 0.0000 0.0000 0.0000 0.0000 0.0000 0.0000 0.0000 0.0000 0.0000 0.0000 0.0000 0.0000 0.0000 0.0000 0.0000 0.0000 0.0000 0.0000 0.0000 0.0000 0.0000 0.0000 0.0000 2.0688 357.4773 5.7880 1.1242 18.6803 0.9716 1.9000 357.6464 355.9920 355.1916 0.2032 359.7850 355.5467 1.0915 355.4709 0.9981 17.3744 4.9356 349.2690 357.8482 1.6585 2.2293 359.9281 359.6047 
-0.0619 0.8639 0.0585 5.3716 358.5556 359.0800 2.7950 353.0966 358.3845 1.1998 4.1493 3.9799 0.7469 0.5850 358.9695 0.7960 358.9637 1.4538 355.2585 4.8404 5.3733 339.5717 17.6896 296.2681 350.0257 310.9461 7.1388 8.3926 356.5027 5.3321 0.0000 0.0000 0.0000 0.0000 0.0000 0.0000 0.0000 0.0000 0.0000 0.0000 0.0000 0.0000 0.0000 0.0000 0.0000 0.0000 0.0000 0.0000 0.0000 0.0000 0.0000 0.0000 0.0000 0.0000 0.0000 0.0000 0.0000 0.0000 0.0000 0.0000 0.0000 0.0000 0.0000 0.0000 0.0000 0.0000 0.0000 0.0000 0.0000 0.0000 0.0000 0.0000 0.0000 0.0000 0.0000 1.4173 7.3757 358.2651 27.1313 14.9173 51.0043 12.2118 327.2147 348.3875 350.8378 356.1204 2.6268 0.0000 0.0000 0.0000 0.0000 0.0000 0.0000 0.0000 0.0000 0.0000 0.0000 0.0000 0.0000 0.0000 0.0000 0.0000 0.0000 0.0000 0.0000 0.0000 0.0000 0.0000 0.0000 0.0000 0.0000 0.0000 0.0000 0.0000 0.0000 0.0000 0.0000 0.0000 0.0000 0.0000 0.0000 0.0000 0.0000 0.0000 0.0000 0.0000 0.0000 0.0000 0.0000 0.0000 0.0000 0.0000 2.0565 357.4782 5.7510 1.0808 18.6809 0.9642 1.9001 357.5914 356.0231 355.1945 0.2020 359.7869 355.5296 1.1226 355.4363 0.9554 17.3777 4.9310 349.2506 357.8594 1.7201 2.2129 359.9367 359.6032 
-0.0619 0.8639 0.0586 5.4048 358.5516 359.0825 2.7677 353.0970 358.3994 1.1868 4.1827 3.9686 0.7640 0.6000 358.9780 0.8072 359.0251 1.4457 355.2147 4.8541 5.2761 338.9003 17.4805 295.8925 350.1646 311.2893 6.8641 8.4299 356.5374 4.9999 0.0000 0.0000 0.0000 0.0000 0.0000 0.0000 0.0000 0.0000 0.0000 0.0000 0.0000 0.0000 0.0000 0.0000 0.0000 0.0000 0.0000 0.0000 0.0000 0.0000 0.0000 0.0000 0.0000 0.0000 0.0000 0.0000 0.0000 0.0000 0.0000 0.0000 0.0000 0.0000 0.0000 0.0000 0.0000 0.0000 0.0000 0.0000 0.0000 0.0000 0.0000 0.0000 0.0000 0.0000 0.0000 1.3873 7.4268 358.3360 27.6065 14.8323 51.2939 12.0080 327.6576 348.6584 350.8677 356.1772 2.9348 0.0000 0.0000 0.0000 0.0000 0.0000 0.0000 0.0000 0.0000 0.0000 0.0000 0.0000 0.0000 0.0000 0.0000 0.0000 0.0000 0.0000 0.0000 0.0000 0.0000 0.0000 0.0000 0.0000 0.0000 0.0000 0.0000 0.0000 0.0000 0.0000 0.0000 0.0000 0.0000 0.0000 0.0000 0.0000 0.0000 0.0000 0.0000 0.0000 0.0000 0.0000 0.0000 0.0000 0.0000 0.0000 2.0606 357.4896 5.7780 1.0939 18.6807 0.9663 1.8902 357.7141 355.9687 355.1938 0.2039 359.7887 355.5217 1.1219 355.4626 0.9538 17.3845 4.9174 349.3039 357.7970 1.6164 2.2328 359.9280 359.6070 
-0.0619 0.8639 0.0587 5.4356 358.5472 359.0844 2.7336 353.1025 358.4231 1.1737 4.2161 3.9574 0.7753 0.6119 358.9869 0.8153 359.0848 1.4402 355.1711 4.8688 5.1765 338.2316 17.2674 295.5203 350.3003 311.6326 6.5927 8.4674 356.5723 4.6666 0.0000 0.0000 0.0000 0.0000 0.0000 0.0000 0.0000 0.0000 0.0000 0.0000 0.0000 0.0000 0.0000 0.0000 0.0000 0.0000 0.0000 0.0000 0.0000 0.0000 0.0000 0.0000 0.0000 0.0000 0.0000 0.0000 0.0000 0.0000 0.0000 0.0000 0.0000 0.0000 0.0000 0.0000 0.0000 0.0000 0.0000 0.0000 0.0000 0.0000 0.0000 0.0000 0.0000 0.0000 0.0000 1.3570 7.4792 358.4078 28.0806 14.7450 51.5823 11.8076 328.1021 348.9261 350.8979 356.2337 3.2424 0.0000 0.0000 0.0000 0.0000 0.0000 0.0000 0.0000 0.0000 0.0000 0.0000 0.0000 0.0000 0.0000 0.0000 0.0000 0.0000 0.0000 0.0000 0.0000 0.0000 0.0000 0.0000 0.0000 0.0000 0.0000 0.0000 0.0000 0.0000 0.0000 0.0000 0.0000 0.0000 0.0000 0.0000 0.0000 0.0000 0.0000 0.0000 0.0000 0.0000 0.0000 0.0000 0.0000 0.0000 0.0000 2.0554 357.5016 5.7769 1.0631 18.6813 0.9610 1.8804 357.7058 355.9881 355.1931 0.2059 359.7904 355.5016 1.1433 355.4642 0.9223 17.3938 4.9007 349.3110 357.7624 1.6670 2.2274 359.9327 359.6084 
-0.0619 0.8639 0.0589 5.4665 358.5428 359.0863 2.6994 353.1080 358.4468 1.1606 4.2495 3.9461 0.7866 0.6238 358.9959 0.8234 359.1445 1.4347 355.1276 4.8835 5.0768 337.5651 17.0501 295.1511 350.4326 311.9762 6.3241 8.5046 356.6074 4.3333 0.0000 0.0000 0.0000 0.0000 0.0000 0.0000 0.0000 0.0000 0.0000 0.0000 0.0000 0.0000 0.0000 0.0000 0.0000 0.0000 0.0000 0.0000 0.0000 0.0000 0.0000 0.0000 0.0000 0.0000 0.0000 0.0000 0.0000 0.0000 0.0000 0.0000 0.0000 0.0000 0.0000 0.0000 0.0000 0.0000 0.0000 0.0000 0.0000 0.0000 0.0000 0.0000 0.0000 0.0000 0.0000 1.3267 7.5316 358.4797 28.5541 14.6554 51.8697 11.6107 328.5474 349.1908 350.9286 356.2901 3.5499 0.0000 0.0000 0.0000 0.0000 0.0000 0.0000 0.0000 0.0000 0.0000 0.0000 0.0000 0.0000 0.0000 0.0000 0.0000 0.0000 0.0000 0.0000 0.0000 0.0000 0.0000 0.0000 0.0000 0.0000 0.0000 0.0000 0.0000 0.0000 0.0000 0.0000 0.0000 0.0000 0.0000 0.0000 0.0000 0.0000 0.0000 0.0000 0.0000 0.0000 0.0000 0.0000 0.0000 0.0000 0.0000 2.0502 357.5136 5.7759 1.0323 18.6820 0.9556 1.8706 357.6977 356.0074 355.1924 0.2078 359.7921 355.4815 1.1649 355.4658 0.8908 17.4028 4.8838 349.3181 357.7280 1.7176 2.2219 359.9374 359.6099 
-0.0620 0.8638 0.0587 5.4170 358.5215 359.0865 2.6419 353.1086 358.4773 1.1396 4.2616 3.9246 0.8107 0.6687 359.0105 0.8419 359.2307 1.4239 355.1014 4.8665 5.0115 337.3390 16.7382 295.0543 350.5466 312.1977 6.2686 8.5028 356.6469 4.0877 0.0000 0.0000 0.0000 0.0000 0.0000 0.0000 0.0000 0.0000 0.0000 0.0000 0.0000 0.0000 0.0000 0.0000 0.0000 0.0000 0.0000 0.0000 0.0000 0.0000 0.0000 0.0000 0.0000 0.0000 0.0000 0.0000 0.0000 0.0000 0.0000 0.0000 0.0000 0.0000 0.0000 0.0000 0.0000 0.0000 0.0000 0.0000 0.0000 0.0000 0.0000 0.0000 0.0000 0.0000 0.0000 1.2809 7.5710 358.5334 28.7573 14.3510 52.0195 11.9964 328.8823 349.0567 351.0250 356.3201 3.8771 0.0000 0.0000 0.0000 0.0000 0.0000 0.0000 0.0000 0.0000 0.0000 0.0000 0.0000 0.0000 0.0000 0.0000 0.0000 0.0000 0.0000 0.0000 0.0000 0.0000 0.0000 0.0000 0.0000 0.0000 0.0000 0.0000 0.0000 0.0000 0.0000 0.0000 0.0000 0.0000 0.0000 0.0000 0.0000 0.0000 0.0000 0.0000 0.0000 0.0000 0.0000 0.0000 0.0000 0.0000 0.0000 2.0631 357.5164 5.7861 1.0502 18.6819 0.9558 1.8783 357.6890 355.9757 355.1910 0.2046 359.8049 355.5171 1.1440 355.4707 0.9380 17.3966 4.8967 349.3109 357.7900 1.5838 2.2191 359.9382 359.6088 
-0.0621 0.8637 0.0586 5.3809 358.4996 359.0868 2.5831 353.1094 358.5087 1.1194 4.2713 3.9038 0.8287 0.7074 359.0203 0.8598 359.3126 1.4135 355.0739 4.8500 4.9431 337.1142 16.4260 294.9592 350.6599 312.4193 6.2139 8.5009 356.6863 3.8424 0.0000 0.0000 0.0000 0.0000 0.0000 0.0000 0.0000 0.0000 0.0000 0.0000 0.0000 0.0000 0.0000 0.0000 0.0000 0.0000 0.0000 0.0000 0.0000 0.0000 0.0000 0.0000 0.0000 0.0000 0.0000 0.0000 0.0000 0.0000 0.0000 0.0000 0.0000 0.0000 0.0000 0.0000 0.0000 0.0000 0.0000 0.0000 0.0000 0.0000 0.0000 0.0000 0.0000 0.0000 0.0000 1.2348 7.6108 358.5877 28.9590 14.0462 52.1678 12.3796 329.2186 348.9259 351.1217 356.3496 4.2051 0.0000 0.0000 0.0000 0.0000 0.0000 0.0000 0.0000 0.0000 0.0000 0.0000 0.0000 0.0000 0.0000 0.0000 0.0000 0.0000 0.0000 0.0000 0.0000 0.0000 0.0000 0.0000 0.0000 0.0000 0.0000 0.0000 0.0000 0.0000 0.0000 0.0000 0.0000 0.0000 0.0000 0.0000 0.0000 0.0000 0.0000 0.0000 0.0000 0.0000 0.0000 0.0000 0.0000 0.0000 0.0000 2.0699 357.5334 5.7950 1.0823 18.6817 0.9584 1.8691 357.6664 355.9773 355.1897 0.2014 359.8176 355.5303 1.1471 355.4774 0.9500 17.4005 4.8907 349.3226 357.7607 1.5843 2.2164 359.9391 359.6077 
-0.0622 0.8636 0.0584 5.3448 358.4777 359.0872 2.5243 353.1102 358.5401 1.0993 4.2810 3.8830 0.8468 0.7460 359.0302 0.8778 359.3945 1.4031 355.0464 4.8334 4.8747 336.8902 16.1134 294.8654 350.7724 312.6410 6.1601 8.4986 356.7258 3.5971 0.0000 0.0000 0.0000 0.0000 0.0000 0.0000 0.0000 0.0000 0.0000 0.0000 0.0000 0.0000 0.0000 0.0000 0.0000 0.0000 0.0000 0.0000 0.0000 0.0000 0.0000 0.0000 0.0000 0.0000 0.0000 0.0000 0.0000 0.0000 0.0000 0.0000 0.0000 0.0000 0.0000 0.0000 0.0000 0.0000 0.0000 0.0000 0.0000 0.0000 0.0000 0.0000 0.0000 0.0000 0.0000 1.1888 7.6506 358.6419 29.1596 13.7409 52.3147 12.7606 329.5557 348.7982 351.2187 356.3786 4.5331 0.0000 0.0000 0.0000 0.0000 0.0000 0.0000 0.0000 0.0000 0.0000 0.0000 0.0000 0.0000 0.0000 0.0000 0.0000 0.0000 0.0000 0.0000 0.0000 0.0000 0.0000 0.0000 0.0000 0.0000 0.0000 0.0000 0.0000 0.0000 0.0000 0.0000 0.0000 0.0000 0.0000 0.0000 0.0000 0.0000 0.0000 0.0000 0.0000 0.0000 0.0000 0.0000 0.0000 0.0000 0.0000 2.0767 357.5503 5.8040 1.1144 18.6817 0.9610 1.8599 357.6436 355.9788 355.1884 0.1981 359.8303 355.5436 1.1502 355.4842 0.9620 17.4046 4.8848 349.3342 357.7311 1.5847 2.2137 359.9400 359.6066 
-0.0620 0.8635 0.0585 5.3149 358.4743 359.0851 2.4972 353.1273 358.5511 1.0966 4.2796 3.8521 0.8589 0.7591 359.0613 0.8809 359.4591 1.3910 355.0494 4.8244 4.8493 336.7670 15.9321 294.7585 350.4286 312.8237 6.3871 8.3746 356.7339 3.6164 0.0000 0.0000 0.0000 0.0000 0.0000 0.0000 0.0000 0.0000 0.0000 0.0000 0.0000 0.0000 0.0000 0.0000 0.0000 0.0000 0.0000 0.0000 0.0000 0.0000 0.0000 0.0000 0.0000 0.0000 0.0000 0.0000 0.0000 0.0000 0.0000 0.0000 0.0000 0.0000 0.0000 0.0000 0.0000 0.0000 0.0000 0.0000 0.0000 0.0000 0.0000 0.0000 0.0000 0.0000 0.0000 1.1635 7.6460 358.6503 29.1636 13.6006 52.3846 13.1136 329.6789 348.5315 351.2799 356.3498 4.4109 0.0000 0.0000 0.0000 0.0000 0.0000 0.0000 0.0000 0.0000 0.0000 0.0000 0.0000 0.0000 0.0000 0.0000 0.0000 0.0000 0.0000 0.0000 0.0000 0.0000 0.0000 0.0000 0.0000 0.0000 0.0000 0.0000 0.0000 0.0000 0.0000 0.0000 0.0000 0.0000 0.0000 0.0000 0.0000 0.0000 0.0000 0.0000 0.0000 0.0000 0.0000 0.0000 0.0000 0.0000 0.0000 2.0865 357.5718 5.7957 1.1408 18.6810 0.9669 1.8628 357.5936 355.9811 355.1972 0.2043 359.8027 355.5603 1.1569 355.4747 0.9725 17.4096 4.8796 349.3563 357.6955 1.5887 2.2118 359.9391 359.6077 
-0.0619 0.8633 0.0585 5.2884 358.4655 359.0831 2.4678 353.1444 358.5632 1.0880 4.2811 3.8152 0.8706 0.7710 359.0921 0.8844 359.5252 1.3786 355.0529 4.8156 4.8250 336.6450 15.7516 294.6523 350.0866 313.0067 6.6119 8.2505 356.7420 3.6366 0.0000 0.0000 0.0000 0.0000 0.0000 0.0000 0.0000 0.0000 0.0000 0.0000 0.0000 0.0000 0.0000 0.0000 0.0000 0.0000 0.0000 0.0000 0.0000 0.0000 0.0000 0.0000 0.0000 0.0000 0.0000 0.0000 0.0000 0.0000 0.0000 0.0000 0.0000 0.0000 0.0000 0.0000 0.0000 0.0000 0.0000 0.0000 0.0000 0.0000 0.0000 0.0000 0.0000 0.0000 0.0000 1.1351 7.6439 358.6623 29.1676 13.4601 52.4546 13.4664 329.8043 348.2657 351.3414 356.3211 4.2891 0.0000 0.0000 0.0000 0.0000 0.0000 0.0000 0.0000 0.0000 0.0000 0.0000 0.0000 0.0000 0.0000 0.0000 0.0000 0.0000 0.0000 0.0000 0.0000 0.0000 0.0000 0.0000 0.0000 0.0000 0.0000 0.0000 0.0000 0.0000 0.0000 0.0000 0.0000 0.0000 0.0000 0.0000 0.0000 0.0000 0.0000 0.0000 0.0000 0.0000 0.0000 0.0000 0.0000 0.0000 0.0000 2.0964 357.5932 5.7875 1.1673 18.6805 0.9728 1.8656 357.5436 355.9835 355.2029 0.2029 359.8048 355.5771 1.1637 355.4652 0.9830 17.4146 4.8744 349.3784 357.6598 1.5927 2.2100 359.9382 359.6088 
-0.0617 0.8632 0.0586 5.2618 358.4568 359.0812 2.4385 353.1616 358.5753 1.0794 4.2826 3.7783 0.8822 0.7829 359.1230 0.8878 359.5912 1.3663 355.0564 4.8068 4.8007 336.5234 15.5709 294.5466 349.7468 313.1906 6.8344 8.1264 356.7501 3.6567 0.0000 0.0000 0.0000 0.0000 0.0000 0.0000 0.0000 0.0000 0.0000 0.0000 0.0000 0.0000 0.0000 0.0000 0.0000 0.0000 0.0000 0.0000 0.0000 0.0000 0.0000 0.0000 0.0000 0.0000 0.0000 0.0000 0.0000 0.0000 0.0000 0.0000 0.0000 0.0000 0.0000 0.0000 0.0000 0.0000 0.0000 0.0000 0.0000 0.0000 0.0000 0.0000 0.0000 0.0000 0.0000 1.1067 7.6419 358.6743 29.1713 13.3196 52.5245 13.8182 329.9310 348.0012 351.4030 356.2925 4.1673 0.0000 0.0000 0.0000 0.0000 0.0000 0.0000 0.0000 0.0000 0.0000 0.0000 0.0000 0.0000 0.0000 0.0000 0.0000 0.0000 0.0000 0.0000 0.0000 0.0000 0.0000 0.0000 0.0000 0.0000 0.0000 0.0000 0.0000 0.0000 0.0000 0.0000 0.0000 0.0000 0.0000 0.0000 0.0000 0.0000 0.0000 0.0000 0.0000 0.0000 0.0000 0.0000 0.0000 0.0000 0.0000 2.1063 357.6146 5.7793 1.1937 18.6800 0.9787 1.8685 357.4936 355.9858 355.2086 0.2016 359.8069 355.5938 1.1704 355.4557 0.9935 17.4197 4.8693 349.4005 357.6241 1.5967 2.2081 359.9373 359.6098 
-0.0612 0.8632 0.0585 5.2080 358.4491 359.0818 2.4223 353.1728 358.5928 1.0708 4.2816 3.7438 0.9083 0.8085 359.1459 0.9084 359.6204 1.3527 355.0532 4.7972 4.8114 336.5522 15.4662 294.5898 349.6375 313.2371 6.9430 8.0336 356.7504 3.7302 0.0000 0.0000 0.0000 0.0000 0.0000 0.0000 0.0000 0.0000 0.0000 0.0000 0.0000 0.0000 0.0000 0.0000 0.0000 0.0000 0.0000 0.0000 0.0000 0.0000 0.0000 0.0000 0.0000 0.0000 0.0000 0.0000 0.0000 0.0000 0.0000 0.0000 0.0000 0.0000 0.0000 0.0000 0.0000 0.0000 0.0000 0.0000 0.0000 0.0000 0.0000 0.0000 0.0000 0.0000 0.0000 1.0916 7.6084 358.6578 29.0666 13.2259 52.4607 14.1191 330.2106 347.8000 351.4284 356.2654 4.0086 0.0000 0.0000 0.0000 0.0000 0.0000 0.0000 0.0000 0.0000 0.0000 0.0000 0.0000 0.0000 0.0000 0.0000 0.0000 0.0000 0.0000 0.0000 0.0000 0.0000 0.0000 0.0000 0.0000 0.0000 0.0000 0.0000 0.0000 0.0000 0.0000 0.0000 0.0000 0.0000 0.0000 0.0000 0.0000 0.0000 0.0000 0.0000 0.0000 0.0000 0.0000 0.0000 0.0000 0.0000 0.0000 2.1150 357.6282 5.7479 1.2261 18.6800 0.9792 1.8717 357.4570 356.0010 355.2108 0.2025 359.8077 355.6105 1.1657 355.4181 1.0072 17.4256 4.8614 349.4179 357.6222 1.6023 2.2044 359.9381 359.6106 
-0.0606 0.8631 0.0584 5.1709 358.4414 359.0824 2.3972 353.1892 358.6140 1.0635 4.2804 3.7147 0.9331 0.8327 359.1654 0.9289 359.6486 1.3393 355.0515 4.7842 4.8125 336.5813 15.3623 294.6333 349.5292 313.2833 7.0509 7.9420 356.7507 3.8034 0.0000 0.0000 0.0000 0.0000 0.0000 0.0000 0.0000 0.0000 0.0000 0.0000 0.0000 0.0000 0.0000 0.0000 0.0000 0.0000 0.0000 0.0000 0.0000 0.0000 0.0000 0.0000 0.0000 0.0000 0.0000 0.0000 0.0000 0.0000 0.0000 0.0000 0.0000 0.0000 0.0000 0.0000 0.0000 0.0000 0.0000 0.0000 0.0000 0.0000 0.0000 0.0000 0.0000 0.0000 0.0000 1.0760 7.5748 358.6414 28.9620 13.1325 52.3969 14.4183 330.4913 347.6009 351.4536 356.2386 3.8507 0.0000 0.0000 0.0000 0.0000 0.0000 0.0000 0.0000 0.0000 0.0000 0.0000 0.0000 0.0000 0.0000 0.0000 0.0000 0.0000 0.0000 0.0000 0.0000 0.0000 0.0000 0.0000 0.0000 0.0000 0.0000 0.0000 0.0000 0.0000 0.0000 0.0000 0.0000 0.0000 0.0000 0.0000 0.0000 0.0000 0.0000 0.0000 0.0000 0.0000 0.0000 0.0000 0.0000 0.0000 0.0000 2.1237 357.6417 5.7166 1.2586 18.6798 0.9797 1.8750 357.4206 356.0161 355.2130 0.2035 359.8084 355.6271 1.1609 355.3805 1.0208 17.4317 4.8536 349.4354 357.6202 1.6079 2.2006 359.9390 359.6113 
-0.0600 0.8630 0.0582 5.1338 358.4337 359.0830 2.3722 353.2056 358.6351 1.0561 4.2792 3.6856 0.9579 0.8569 359.1849 0.9495 359.6767 1.3259 355.0497 4.7712 4.8137 336.6103 15.2583 294.6768 349.4211 313.3296 7.1586 7.8504 356.7512 3.8767 0.0000 0.0000 0.0000 0.0000 0.0000 0.0000 0.0000 0.0000 0.0000 0.0000 0.0000 0.0000 0.0000 0.0000 0.0000 0.0000 0.0000 0.0000 0.0000 0.0000 0.0000 0.0000 0.0000 0.0000 0.0000 0.0000 0.0000 0.0000 0.0000 0.0000 0.0000 0.0000 0.0000 0.0000 0.0000 0.0000 0.0000 0.0000 0.0000 0.0000 0.0000 0.0000 0.0000 0.0000 0.0000 1.0605 7.5413 358.6251 28.8575 13.0390 52.3334 14.7157 330.7729 347.4040 351.4789 356.2119 3.6927 0.0000 0.0000 0.0000 0.0000 0.0000 0.0000 0.0000 0.0000 0.0000 0.0000 0.0000 0.0000 0.0000 0.0000 0.0000 0.0000 0.0000 0.0000 0.0000 0.0000 0.0000 0.0000 0.0000 0.0000 0.0000 0.0000 0.0000 0.0000 0.0000 0.0000 0.0000 0.0000 0.0000 0.0000 0.0000 0.0000 0.0000 0.0000 0.0000 0.0000 0.0000 0.0000 0.0000 0.0000 0.0000 2.1323 357.6552 5.6853 1.2911 18.6798 0.9803 1.8782 357.3840 356.0313 355.2152 0.2045 359.8092 355.6438 1.1560 355.3429 1.0344 17.4379 4.8458 349.4529 357.6182 1.6134 2.1968 359.9398 359.6121 
-0.0602 0.8630 0.0583 5.0690 358.4258 359.0880 2.3652 353.2126 358.6597 1.0480 4.2613 3.6363 0.9610 0.8750 359.1945 0.9592 359.7086 1.3158 355.0483 4.7378 4.8302 336.7410 15.1816 294.8630 349.1972 313.1629 7.3483 7.7433 356.7333 4.0051 0.0000 0.0000 0.0000 0.0000 0.0000 0.0000 0.0000 0.0000 0.0000 0.0000 0.0000 0.0000 0.0000 0.0000 0.0000 0.0000 0.0000 0.0000 0.0000 0.0000 0.0000 0.0000 0.0000 0.0000 0.0000 0.0000 0.0000 0.0000 0.0000 0.0000 0.0000 0.0000 0.0000 0.0000 0.0000 0.0000 0.0000 0.0000 0.0000 0.0000 0.0000 0.0000 0.0000 0.0000 0.0000 1.0546 7.4893 358.5797 28.6847 13.0372 52.1950 14.9246 330.9960 347.3634 351.4926 356.1755 3.4119 0.0000 0.0000 0.0000 0.0000 0.0000 0.0000 0.0000 0.0000 0.0000 0.0000 0.0000 0.0000 0.0000 0.0000 0.0000 0.0000 0.0000 0.0000 0.0000 0.0000 0.0000 0.0000 0.0000 0.0000 0.0000 0.0000 0.0000 0.0000 0.0000 0.0000 0.0000 0.0000 0.0000 0.0000 0.0000 0.0000 0.0000 0.0000 0.0000 0.0000 0.0000 0.0000 0.0000 0.0000 0.0000 2.1440 357.6755 5.6682 1.3460 18.6795 0.9836 1.8605 357.3675 356.0426 355.2179 0.2034 359.8113 355.6628 1.1458 355.3403 1.0418 17.4320 4.8443 349.4831 357.5985 1.6132 2.1957 359.9394 359.6111 
-0.0603 0.8630 0.0584 5.0136 358.4289 359.0920 2.3577 353.2201 358.6848 1.0427 4.2438 3.5984 0.9680 0.8970 359.2073 0.9675 359.7384 1.3066 355.0485 4.7164 4.8456 336.8717 15.1034 295.0494 348.9761 312.9949 7.5353 7.6363 356.7157 4.1334 0.0000 0.0000 0.0000 0.0000 0.0000 0.0000 0.0000 0.0000 0.0000 0.0000 0.0000 0.0000 0.0000 0.0000 0.0000 0.0000 0.0000 0.0000 0.0000 0.0000 0.0000 0.0000 0.0000 0.0000 0.0000 0.0000 0.0000 0.0000 0.0000 0.0000 0.0000 0.0000 0.0000 0.0000 0.0000 0.0000 0.0000 0.0000 0.0000 0.0000 0.0000 0.0000 0.0000 0.0000 0.0000 1.0498 7.4400 358.5355 28.5118 13.0349 52.0565 15.1329 331.2191 347.3239 351.5067 356.1388 3.1292 0.0000 0.0000 0.0000 0.0000 0.0000 0.0000 0.0000 0.0000 0.0000 0.0000 0.0000 0.0000 0.0000 0.0000 0.0000 0.0000 0.0000 0.0000 0.0000 0.0000 0.0000 0.0000 0.0000 0.0000 0.0000 0.0000 0.0000 0.0000 0.0000 0.0000 0.0000 0.0000 0.0000 0.0000 0.0000 0.0000 0.0000 0.0000 0.0000 0.0000 0.0000 0.0000 0.0000 0.0000 0.0000 2.1491 357.6853 5.6753 1.3906 18.6792 0.9868 1.8428 357.3510 356.0540 355.2205 0.2022 359.8134 355.6780 1.1365 355.3464 1.0608 17.4316 4.8361 349.5120 357.5789 1.6126 2.1946 359.9390 359.6100 
-0.0605 0.8630 0.0585 4.9583 358.4319 359.0961 2.3502 353.2275 358.7098 1.0375 4.2263 3.5605 0.9751 0.9191 359.2201 0.9758 359.7682 1.2974 355.0488 4.6950 4.8611 337.0020 15.0248 295.2356 348.7534 312.8275 7.7239 7.5292 356.6983 4.2618 0.0000 0.0000 0.0000 0.0000 0.0000 0.0000 0.0000 0.0000 0.0000 0.0000 0.0000 0.0000 0.0000 0.0000 0.0000 0.0000 0.0000 0.0000 0.0000 0.0000 0.0000 0.0000 0.0000 0.0000 0.0000 0.0000 0.0000 0.0000 0.0000 0.0000 0.0000 0.0000 0.0000 0.0000 0.0000 0.0000 0.0000 0.0000 0.0000 0.0000 0.0000 0.0000 0.0000 0.0000 0.0000 1.0452 7.3907 358.4914 28.3389 13.0322 51.9181 15.3406 331.4423 347.2854 351.5212 356.1023 2.8466 0.0000 0.0000 0.0000 0.0000 0.0000 0.0000 0.0000 0.0000 0.0000 0.0000 0.0000 0.0000 0.0000 0.0000 0.0000 0.0000 0.0000 0.0000 0.0000 0.0000 0.0000 0.0000 0.0000 0.0000 0.0000 0.0000 0.0000 0.0000 0.0000 0.0000 0.0000 0.0000 0.0000 0.0000 0.0000 0.0000 0.0000 0.0000 0.0000 0.0000 0.0000 0.0000 0.0000 0.0000 0.0000 2.1541 357.6951 5.6823 1.4353 18.6789 0.9900 1.8252 357.3345 356.0653 355.2231 0.2011 359.8154 355.6931 1.1274 355.3525 1.0799 17.4310 4.8280 349.5409 357.5592 1.6119 2.1934 359.9386 359.6090 
-0.0606 0.8630 0.0585 4.8753 358.4371 359.1031 2.3200 353.2224 358.7242 1.0275 4.2140 3.5358 0.9777 0.9366 359.2381 0.9785 359.8001 1.2949 355.0344 4.6658 4.8767 337.0755 15.0248 295.3391 348.9297 312.5738 7.7074 7.4803 356.6801 4.3743 0.0000 0.0000 0.0000 0.0000 0.0000 0.0000 0.0000 0.0000 0.0000 0.0000 0.0000 0.0000 0.0000 0.0000 0.0000 0.0000 0.0000 0.0000 0.0000 0.0000 0.0000 0.0000 0.0000 0.0000 0.0000 0.0000 0.0000 0.0000 0.0000 0.0000 0.0000 0.0000 0.0000 0.0000 0.0000 0.0000 0.0000 0.0000 0.0000 0.0000 0.0000 0.0000 0.0000 0.0000 0.0000 1.0576 7.3523 358.4661 28.2520 13.0737 51.8459 15.3288 331.6157 347.4127 351.5161 356.0935 2.7470 0.0000 0.0000 0.0000 0.0000 0.0000 0.0000 0.0000 0.0000 0.0000 0.0000 0.0000 0.0000 0.0000 0.0000 0.0000 0.0000 0.0000 0.0000 0.0000 0.0000 0.0000 0.0000 0.0000 0.0000 0.0000 0.0000 0.0000 0.0000 0.0000 0.0000 0.0000 0.0000 0.0000 0.0000 0.0000 0.0000 0.0000 0.0000 0.0000 0.0000 0.0000 0.0000 0.0000 0.0000 0.0000 2.1773 357.7180 5.6920 1.4699 18.6783 0.9945 1.8618 357.3232 356.0600 355.2213 0.2003 359.8170 355.7166 1.1144 355.3543 1.0676 17.4324 4.8365 349.5322 357.5706 1.6176 2.1914 359.9279 359.6017 
-0.0606 0.8629 0.0585 4.8128 358.4392 359.1060 2.2875 353.2196 358.7466 1.0173 4.2013 3.5104 0.9783 0.9482 359.2527 0.9806 359.8295 1.2931 355.0199 4.6431 4.8876 337.1495 15.0244 295.4434 349.1066 312.3197 7.6901 7.4309 356.6619 4.4873 0.0000 0.0000 0.0000 0.0000 0.0000 0.0000 0.0000 0.0000 0.0000 0.0000 0.0000 0.0000 0.0000 0.0000 0.0000 0.0000 0.0000 0.0000 0.0000 0.0000 0.0000 0.0000 0.0000 0.0000 0.0000 0.0000 0.0000 0.0000 0.0000 0.0000 0.0000 0.0000 0.0000 0.0000 0.0000 0.0000 0.0000 0.0000 0.0000 0.0000 0.0000 0.0000 0.0000 0.0000 0.0000 1.0702 7.3146 358.4414 28.1658 13.1150 51.7742 15.3179 331.7895 347.5397 351.5108 356.0848 2.6483 0.0000 0.0000 0.0000 0.0000 0.0000 0.0000 0.0000 0.0000 0.0000 0.0000 0.0000 0.0000 0.0000 0.0000 0.0000 0.0000 0.0000 0.0000 0.0000 0.0000 0.0000 0.0000 0.0000 0.0000 0.0000 0.0000 0.0000 0.0000 0.0000 0.0000 0.0000 0.0000 0.0000 0.0000 0.0000 0.0000 0.0000 0.0000 0.0000 0.0000 0.0000 0.0000 0.0000 0.0000 0.0000 2.1957 357.7312 5.6947 1.5151 18.6777 0.9997 1.8670 357.2824 356.0749 355.2195 0.1994 359.8185 355.7396 1.1016 355.3559 1.0800 17.4331 4.8345 349.5490 357.5647 1.6226 2.1894 359.9171 359.5943 
-0.0607 0.8629 0.0585 4.7504 358.4413 359.1089 2.2550 353.2168 358.7689 1.0072 4.1886 3.4850 0.9790 0.9598 359.2673 0.9827 359.8589 1.2913 355.0055 4.6204 4.8985 337.2235 15.0239 295.5476 349.2843 312.0657 7.6715 7.3814 356.6438 4.6003 0.0000 0.0000 0.0000 0.0000 0.0000 0.0000 0.0000 0.0000 0.0000 0.0000 0.0000 0.0000 0.0000 0.0000 0.0000 0.0000 0.0000 0.0000 0.0000 0.0000 0.0000 0.0000 0.0000 0.0000 0.0000 0.0000 0.0000 0.0000 0.0000 0.0000 0.0000 0.0000 0.0000 0.0000 0.0000 0.0000 0.0000 0.0000 0.0000 0.0000 0.0000 0.0000 0.0000 0.0000 0.0000 1.0828 7.2770 358.4168 28.0795 13.1563 51.7025 15.3073 331.9634 347.6664 351.5056 356.0761 2.5496 0.0000 0.0000 0.0000 0.0000 0.0000 0.0000 0.0000 0.0000 0.0000 0.0000 0.0000 0.0000 0.0000 0.0000 0.0000 0.0000 0.0000 0.0000 0.0000 0.0000 0.0000 0.0000 0.0000 0.0000 0.0000 0.0000 0.0000 0.0000 0.0000 0.0000 0.0000 0.0000 0.0000 0.0000 0.0000 0.0000 0.0000 0.0000 0.0000 0.0000 0.0000 0.0000 0.0000 0.0000 0.0000 2.2140 357.7444 5.6974 1.5602 18.6771 1.0049 1.8722 357.2418 356.0898 355.2178 0.1985 359.8200 355.7627 1.0889 355.3575 1.0924 17.4338 4.8324 349.5657 357.5587 1.6276 2.1875 359.9064 359.5869 
-0.0609 0.8629 0.0586 4.7127 358.4228 359.1079 2.2380 353.2188 358.7727 0.9976 4.1671 3.4663 0.9725 1.0045 359.2744 0.9775 359.8846 1.2913 354.9799 4.6070 4.8820 337.1535 14.9607 295.5950 349.3662 311.8791 7.6672 7.3559 356.6297 4.7174 0.0000 0.0000 0.0000 0.0000 0.0000 0.0000 0.0000 0.0000 0.0000 0.0000 0.0000 0.0000 0.0000 0.0000 0.0000 0.0000 0.0000 0.0000 0.0000 0.0000 0.0000 0.0000 0.0000 0.0000 0.0000 0.0000 0.0000 0.0000 0.0000 0.0000 0.0000 0.0000 0.0000 0.0000 0.0000 0.0000 0.0000 0.0000 0.0000 0.0000 0.0000 0.0000 0.0000 0.0000 0.0000 1.0947 7.2590 358.4109 28.2826 13.1122 51.8689 15.0007 331.9200 347.7929 351.4634 356.0817 2.4739 0.0000 0.0000 0.0000 0.0000 0.0000 0.0000 0.0000 0.0000 0.0000 0.0000 0.0000 0.0000 0.0000 0.0000 0.0000 0.0000 0.0000 0.0000 0.0000 0.0000 0.0000 0.0000 0.0000 0.0000 0.0000 0.0000 0.0000 0.0000 0.0000 0.0000 0.0000 0.0000 0.0000 0.0000 0.0000 0.0000 0.0000 0.0000 0.0000 0.0000 0.0000 0.0000 0.0000 0.0000 0.0000 2.2113 357.7724 5.7160 1.5702 18.6773 1.0035 1.8422 357.3367 356.0664 355.2300 0.1951 359.8237 355.7661 1.1168 355.3751 1.0962 17.4362 4.8325 349.5599 357.5497 1.6275 2.1931 359.9378 359.6070 
-0.0611 0.8629 0.0588 4.6776 358.4043 359.1070 2.2095 353.2197 358.7844 0.9910 4.1493 3.4553 0.9658 1.0456 359.2769 0.9723 359.9105 1.2914 354.9503 4.5871 4.8687 337.0839 14.8975 295.6431 349.4485 311.6918 7.6624 7.3289 356.6152 4.8376 0.0000 0.0000 0.0000 0.0000 0.0000 0.0000 0.0000 0.0000 0.0000 0.0000 0.0000 0.0000 0.0000 0.0000 0.0000 0.0000 0.0000 0.0000 0.0000 0.0000 0.0000 0.0000 0.0000 0.0000 0.0000 0.0000 0.0000 0.0000 0.0000 0.0000 0.0000 0.0000 0.0000 0.0000 0.0000 0.0000 0.0000 0.0000 0.0000 0.0000 0.0000 0.0000 0.0000 0.0000 0.0000 1.1054 7.2445 358.4073 28.4870 13.0668 52.0363 14.6940 331.8775 347.9198 351.4214 356.0874 2.4001 0.0000 0.0000 0.0000 0.0000 0.0000 0.0000 0.0000 0.0000 0.0000 0.0000 0.0000 0.0000 0.0000 0.0000 0.0000 0.0000 0.0000 0.0000 0.0000 0.0000 0.0000 0.0000 0.0000 0.0000 0.0000 0.0000 0.0000 0.0000 0.0000 0.0000 0.0000 0.0000 0.0000 0.0000 0.0000 0.0000 0.0000 0.0000 0.0000 0.0000 0.0000 0.0000 0.0000 0.0000 0.0000 2.2166 357.8061 5.7357 1.5931 18.6774 1.0036 1.8252 357.3291 356.0805 355.2422 0.1916 359.8274 355.7725 1.1430 355.3928 1.1006 17.4387 4.8324 349.5635 357.5373 1.6301 2.1933 359.9398 359.6069 
-0.0613 0.8629 0.0589 4.6424 358.3858 359.1060 2.1810 353.2207 358.7960 0.9844 4.1316 3.4444 0.9591 1.0867 359.2795 0.9671 359.9363 1.2914 354.9206 4.5672 4.8554 337.0143 14.8344 295.6913 349.5313 311.5047 7.6573 7.3020 356.6007 4.9578 0.0000 0.0000 0.0000 0.0000 0.0000 0.0000 0.0000 0.0000 0.0000 0.0000 0.0000 0.0000 0.0000 0.0000 0.0000 0.0000 0.0000 0.0000 0.0000 0.0000 0.0000 0.0000 0.0000 0.0000 0.0000 0.0000 0.0000 0.0000 0.0000 0.0000 0.0000 0.0000 0.0000 0.0000 0.0000 0.0000 0.0000 0.0000 0.0000 0.0000 0.0000 0.0000 0.0000 0.0000 0.0000 1.1162 7.2300 358.4038 28.6912 13.0209 52.2036 14.3870 331.8356 348.0470 351.3793 356.0930 2.3263 0.0000 0.0000 0.0000 0.0000 0.0000 0.0000 0.0000 0.0000 0.0000 0.0000 0.0000 0.0000 0.0000 0.0000 0.0000 0.0000 0.0000 0.0000 0.0000 0.0000 0.0000 0.0000 0.0000 0.0000 0.0000 0.0000 0.0000 0.0000 0.0000 0.0000 0.0000 0.0000 0.0000 0.0000 0.0000 0.0000 0.0000 0.0000 0.0000 0.0000 0.0000 0.0000 0.0000 0.0000 0.0000 2.2219 357.8398 5.7555 1.6159 18.6775 1.0036 1.8082 357.3216 356.0946 355.2544 0.1882 359.8310 355.7789 1.1693 355.4106 1.1051 17.4412 4.8323 349.5671 357.5249 1.6327 2.1936 359.9418 359.6068 
-0.0612 0.8629 0.0589 4.6263 358.3678 359.1060 2.1921 353.2403 358.7945 0.9832 4.1218 3.4379 0.9589 1.0935 359.2875 0.9584 359.9529 1.2928 354.8515 4.5641 4.7991 336.3827 14.6766 295.2892 349.4441 311.2040 7.7467 7.2475 356.5826 5.0626 0.0000 0.0000 0.0000 0.0000 0.0000 0.0000 0.0000 0.0000 0.0000 0.0000 0.0000 0.0000 0.0000 0.0000 0.0000 0.0000 0.0000 0.0000 0.0000 0.0000 0.0000 0.0000 0.0000 0.0000 0.0000 0.0000 0.0000 0.0000 0.0000 0.0000 0.0000 0.0000 0.0000 0.0000 0.0000 0.0000 0.0000 0.0000 0.0000 0.0000 0.0000 0.0000 0.0000 0.0000 0.0000 1.1682 7.2495 358.4665 29.2974 12.8627 52.5923 14.7262 331.5649 347.8370 351.4427 356.0808 2.2875 0.0000 0.0000 0.0000 0.0000 0.0000 0.0000 0.0000 0.0000 0.0000 0.0000 0.0000 0.0000 0.0000 0.0000 0.0000 0.0000 0.0000 0.0000 0.0000 0.0000 0.0000 0.0000 0.0000 0.0000 0.0000 0.0000 0.0000 0.0000 0.0000 0.0000 0.0000 0.0000 0.0000 0.0000 0.0000 0.0000 0.0000 0.0000 0.0000 0.0000 0.0000 0.0000 0.0000 0.0000 0.0000 2.2432 357.8490 5.7484 1.6315 18.6774 1.0050 1.8372 357.3319 356.0612 355.2297 0.1958 359.8241 355.7727 1.1589 355.3878 1.1187 17.4430 4.8352 349.5771 357.5393 1.6224 2.1956 359.9482 359.6050 
-0.0611 0.8629 0.0589 4.6010 358.3504 359.1061 2.1831 353.2605 358.8011 0.9819 4.1120 3.4315 0.9582 1.1032 359.2957 0.9509 359.9637 1.2942 354.7798 4.5590 4.7415 335.7484 14.5105 294.8923 349.3554 310.9041 7.8372 7.1936 356.5649 5.1650 0.0000 0.0000 0.0000 0.0000 0.0000 0.0000 0.0000 0.0000 0.0000 0.0000 0.0000 0.0000 0.0000 0.0000 0.0000 0.0000 0.0000 0.0000 0.0000 0.0000 0.0000 0.0000 0.0000 0.0000 0.0000 0.0000 0.0000 0.0000 0.0000 0.0000 0.0000 0.0000 0.0000 0.0000 0.0000 0.0000 0.0000 0.0000 0.0000 0.0000 0.0000 0.0000 0.0000 0.0000 0.0000 1.2159 7.2747 358.5307 29.9015 12.7005 52.9787 15.0688 331.2955 347.6241 351.5068 356.0686 2.2498 0.0000 0.0000 0.0000 0.0000 0.0000 0.0000 0.0000 0.0000 0.0000 0.0000 0.0000 0.0000 0.0000 0.0000 0.0000 0.0000 0.0000 0.0000 0.0000 0.0000 0.0000 0.0000 0.0000 0.0000 0.0000 0.0000 0.0000 0.0000 0.0000 0.0000 0.0000 0.0000 0.0000 0.0000 0.0000 0.0000 0.0000 0.0000 0.0000 0.0000 0.0000 0.0000 0.0000 0.0000 0.0000 2.2652 357.8632 5.7443 1.6548 18.6772 1.0064 1.8353 357.3285 356.0536 355.2332 0.1955 359.8257 355.7711 1.1670 355.3774 1.1324 17.4449 4.8382 349.5909 357.5408 1.6148 2.1976 359.9545 359.6033 
-0.0610 0.8629 0.0589 4.5757 358.3330 359.1062 2.1741 353.2808 358.8077 0.9807 4.1022 3.4250 0.9575 1.1129 359.3039 0.9435 359.9744 1.2956 354.7080 4.5539 4.6840 335.1158 14.3402 294.4976 349.2655 310.6042 7.9290 7.1396 356.5472 5.2674 0.0000 0.0000 0.0000 0.0000 0.0000 0.0000 0.0000 0.0000 0.0000 0.0000 0.0000 0.0000 0.0000 0.0000 0.0000 0.0000 0.0000 0.0000 0.0000 0.0000 0.0000 0.0000 0.0000 0.0000 0.0000 0.0000 0.0000 0.0000 0.0000 0.0000 0.0000 0.0000 0.0000 0.0000 0.0000 0.0000 0.0000 0.0000 0.0000 0.0000 0.0000 0.0000 0.0000 0.0000 0.0000 1.2637 7.2999 358.5949 30.5042 12.5344 53.3630 15.4134 331.0271 347.4087 351.5710 356.0565 2.2120 0.0000 0.0000 0.0000 0.0000 0.0000 0.0000 0.0000 0.0000 0.0000 0.0000 0.0000 0.0000 0.0000 0.0000 0.0000 0.0000 0.0000 0.0000 0.0000 0.0000 0.0000 0.0000 0.0000 0.0000 0.0000 0.0000 0.0000 0.0000 0.0000 0.0000 0.0000 0.0000 0.0000 0.0000 0.0000 0.0000 0.0000 0.0000 0.0000 0.0000 0.0000 0.0000 0.0000 0.0000 0.0000 2.2872 357.8773 5.7401 1.6782 18.6772 1.0077 1.8333 357.3251 356.0460 355.2367 0.1952 359.8272 355.7694 1.1751 355.3671 1.1460 17.4467 4.8411 349.6046 357.5424 1.6072 2.1996 359.9608 359.6016 
-0.0610 0.8629 0.0589 4.6042 358.3359 359.1055 2.1605 353.2665 358.7991 0.9696 4.1092 3.4223 0.9710 1.1231 359.3121 0.9414 0.0274 1.2916 354.5872 4.5567 4.5699 333.9887 13.9942 293.8958 349.2897 310.5850 7.8018 7.1709 356.5497 5.1141 0.0000 0.0000 0.0000 0.0000 0.0000 0.0000 0.0000 0.0000 0.0000 0.0000 0.0000 0.0000 0.0000 0.0000 0.0000 0.0000 0.0000 0.0000 0.0000 0.0000 0.0000 0.0000 0.0000 0.0000 0.0000 0.0000 0.0000 0.0000 0.0000 0.0000 0.0000 0.0000 0.0000 0.0000 0.0000 0.0000 0.0000 0.0000 0.0000 0.0000 0.0000 0.0000 0.0000 0.0000 0.0000 1.3249 7.3526 358.6832 31.6955 12.2588 54.0604 15.4108 330.9910 347.5526 351.5432 356.0711 2.3325 0.0000 0.0000 0.0000 0.0000 0.0000 0.0000 0.0000 0.0000 0.0000 0.0000 0.0000 0.0000 0.0000 0.0000 0.0000 0.0000 0.0000 0.0000 0.0000 0.0000 0.0000 0.0000 0.0000 0.0000 0.0000 0.0000 0.0000 0.0000 0.0000 0.0000 0.0000 0.0000 0.0000 0.0000 0.0000 0.0000 0.0000 0.0000 0.0000 0.0000 0.0000 0.0000 0.0000 0.0000 0.0000 2.2867 357.8893 5.7414 1.6807 18.6768 1.0117 1.8250 357.3262 356.0431 355.2320 0.1853 359.8345 355.7688 1.1888 355.3709 1.1308 17.4473 4.8359 349.6196 357.5418 1.6026 2.1967 359.9730 359.5976 
-0.0611 0.8629 0.0589 4.6162 358.3180 359.1050 2.1385 353.2710 358.7966 0.9586 4.1162 3.4195 0.9844 1.1333 359.3203 0.9433 0.0746 1.2868 354.4656 4.5592 4.4551 332.8668 13.6367 293.3018 349.3141 310.5663 7.6744 7.2028 356.5524 4.9596 0.0000 0.0000 0.0000 0.0000 0.0000 0.0000 0.0000 0.0000 0.0000 0.0000 0.0000 0.0000 0.0000 0.0000 0.0000 0.0000 0.0000 0.0000 0.0000 0.0000 0.0000 0.0000 0.0000 0.0000 0.0000 0.0000 0.0000 0.0000 0.0000 0.0000 0.0000 0.0000 0.0000 0.0000 0.0000 0.0000 0.0000 0.0000 0.0000 0.0000 0.0000 0.0000 0.0000 0.0000 0.0000 1.3874 7.4058 358.7732 32.8815 11.9691 54.7509 15.4085 330.9547 347.6962 351.5137 356.0862 2.4539 0.0000 0.0000 0.0000 0.0000 0.0000 0.0000 0.0000 0.0000 0.0000 0.0000 0.0000 0.0000 0.0000 0.0000 0.0000 0.0000 0.0000 0.0000 0.0000 0.0000 0.0000 0.0000 0.0000 0.0000 0.0000 0.0000 0.0000 0.0000 0.0000 0.0000 0.0000 0.0000 0.0000 0.0000 0.0000 0.0000 0.0000 0.0000 0.0000 0.0000 0.0000 0.0000 0.0000 0.0000 0.0000 2.2879 357.9024 5.7423 1.6832 18.6763 1.0157 1.8166 357.3275 356.0402 355.2274 0.1753 359.8418 355.7673 1.2062 355.3698 1.1283 17.4500 4.8336 349.6346 357.5410 1.5980 2.1937 359.9853 359.5935 
-0.0611 0.8629 0.0589 4.6281 358.3000 359.1045 2.1166 353.2755 358.7941 0.9476 4.1232 3.4167 0.9979 1.1435 359.3286 0.9452 0.1219 1.2820 354.3441 4.5614 4.3403 331.7505 13.2680 292.7161 349.3386 310.5476 7.5469 7.2348 356.5553 4.8051 0.0000 0.0000 0.0000 0.0000 0.0000 0.0000 0.0000 0.0000 0.0000 0.0000 0.0000 0.0000 0.0000 0.0000 0.0000 0.0000 0.0000 0.0000 0.0000 0.0000 0.0000 0.0000 0.0000 0.0000 0.0000 0.0000 0.0000 0.0000 0.0000 0.0000 0.0000 0.0000 0.0000 0.0000 0.0000 0.0000 0.0000 0.0000 0.0000 0.0000 0.0000 0.0000 0.0000 0.0000 0.0000 1.4500 7.4590 358.8633 34.0626 11.6656 55.4343 15.4062 330.9183 347.8399 351.4842 356.1013 2.5753 0.0000 0.0000 0.0000 0.0000 0.0000 0.0000 0.0000 0.0000 0.0000 0.0000 0.0000 0.0000 0.0000 0.0000 0.0000 0.0000 0.0000 0.0000 0.0000 0.0000 0.0000 0.0000 0.0000 0.0000 0.0000 0.0000 0.0000 0.0000 0.0000 0.0000 0.0000 0.0000 0.0000 0.0000 0.0000 0.0000 0.0000 0.0000 0.0000 0.0000 0.0000 0.0000 0.0000 0.0000 0.0000 2.2891 357.9156 5.7433 1.6856 18.6759 1.0197 1.8083 357.3286 356.0373 355.2227 0.1654 359.8491 355.7659 1.2237 355.3687 1.1257 17.4524 4.8312 349.6497 357.5404 1.5934 2.1908 -0.0025 359.5895 
-0.0612 0.8629 0.0588 4.6096 358.2855 359.1047 2.1144 353.2569 358.8019 0.9484 4.1445 3.4075 1.0008 1.1206 359.3299 0.9383 0.1869 1.2790 354.1717 4.5433 4.1889 330.2330 12.5684 292.0167 349.1141 311.0519 7.3612 7.2533 356.5739 4.5726 0.0000 0.0000 0.0000 0.0000 0.0000 0.0000 0.0000 0.0000 0.0000 0.0000 0.0000 0.0000 0.0000 0.0000 0.0000 0.0000 0.0000 0.0000 0.0000 0.0000 0.0000 0.0000 0.0000 0.0000 0.0000 0.0000 0.0000 0.0000 0.0000 0.0000 0.0000 0.0000 0.0000 0.0000 0.0000 0.0000 0.0000 0.0000 0.0000 0.0000 0.0000 0.0000 0.0000 0.0000 0.0000 1.5575 7.5202 359.0118 35.4969 11.1275 56.0700 15.8856 331.6537 348.2516 351.4677 356.1187 2.7166 0.0000 0.0000 0.0000 0.0000 0.0000 0.0000 0.0000 0.0000 0.0000 0.0000 0.0000 0.0000 0.0000 0.0000 0.0000 0.0000 0.0000 0.0000 0.0000 0.0000 0.0000 0.0000 0.0000 0.0000 0.0000 0.0000 0.0000 0.0000 0.0000 0.0000 0.0000 0.0000 0.0000 0.0000 0.0000 0.0000 0.0000 0.0000 0.0000 0.0000 0.0000 0.0000 0.0000 0.0000 0.0000 2.2893 357.9297 5.7498 1.6756 18.6765 1.0154 1.7982 357.3329 356.0412 355.2410 0.1863 359.8438 355.7534 1.2382 355.3732 1.1189 17.4552 4.8261 349.6584 357.5402 1.5985 2.1974 359.9869 359.5940 
-0.0612 0.8629 0.0587 4.5960 358.2646 359.1048 2.0983 353.2412 358.8081 0.9412 4.1710 3.3962 1.0043 1.0981 359.3316 0.9313 0.2511 1.2761 354.0008 4.5247 4.0388 328.7284 11.8511 291.3385 348.8896 311.5557 7.1733 7.2716 356.5925 4.3405 0.0000 0.0000 0.0000 0.0000 0.0000 0.0000 0.0000 0.0000 0.0000 0.0000 0.0000 0.0000 0.0000 0.0000 0.0000 0.0000 0.0000 0.0000 0.0000 0.0000 0.0000 0.0000 0.0000 0.0000 0.0000 0.0000 0.0000 0.0000 0.0000 0.0000 0.0000 0.0000 0.0000 0.0000 0.0000 0.0000 0.0000 0.0000 0.0000 0.0000 0.0000 0.0000 0.0000 0.0000 0.0000 1.6642 7.5803 359.1589 36.9224 10.5740 56.6906 16.3677 332.3860 348.6674 351.4512 356.1362 2.8576 0.0000 0.0000 0.0000 0.0000 0.0000 0.0000 0.0000 0.0000 0.0000 0.0000 0.0000 0.0000 0.0000 0.0000 0.0000 0.0000 0.0000 0.0000 0.0000 0.0000 0.0000 0.0000 0.0000 0.0000 0.0000 0.0000 0.0000 0.0000 0.0000 0.0000 0.0000 0.0000 0.0000 0.0000 0.0000 0.0000 0.0000 0.0000 0.0000 0.0000 0.0000 0.0000 0.0000 0.0000 0.0000 2.2893 357.9413 5.7561 1.6655 18.6768 1.0111 1.7880 357.3374 356.0451 355.2493 0.1860 359.8541 355.7409 1.2526 355.3777 1.1122 17.4581 4.8210 349.6672 357.5399 1.6035 2.1985 -0.0003 359.5909 
-0.0613 0.8629 0.0585 4.5824 358.2437 359.1049 2.0821 353.2255 358.8144 0.9339 4.1975 3.3850 1.0078 1.0756 359.3333 0.9244 0.3153 1.2731 353.8299 4.5057 3.8889 327.2365 11.1167 290.6814 348.6650 312.0591 6.9843 7.2899 356.6112 4.1085 0.0000 0.0000 0.0000 0.0000 0.0000 0.0000 0.0000 0.0000 0.0000 0.0000 0.0000 0.0000 0.0000 0.0000 0.0000 0.0000 0.0000 0.0000 0.0000 0.0000 0.0000 0.0000 0.0000 0.0000 0.0000 0.0000 0.0000 0.0000 0.0000 0.0000 0.0000 0.0000 0.0000 0.0000 0.0000 0.0000 0.0000 0.0000 0.0000 0.0000 0.0000 0.0000 0.0000 0.0000 0.0000 1.7710 7.6402 359.3062 38.3392 10.0055 57.2960 16.8526 333.1153 349.0872 351.4348 356.1537 2.9986 0.0000 0.0000 0.0000 0.0000 0.0000 0.0000 0.0000 0.0000 0.0000 0.0000 0.0000 0.0000 0.0000 0.0000 0.0000 0.0000 0.0000 0.0000 0.0000 0.0000 0.0000 0.0000 0.0000 0.0000 0.0000 0.0000 0.0000 0.0000 0.0000 0.0000 0.0000 0.0000 0.0000 0.0000 0.0000 0.0000 0.0000 0.0000 0.0000 0.0000 0.0000 0.0000 0.0000 0.0000 0.0000 2.2892 357.9530 5.7625 1.6554 18.6771 1.0068 1.7779 357.3419 356.0491 355.2576 0.1857 359.8643 355.7284 1.2671 355.3821 1.1054 17.4609 4.8160 349.6760 357.5396 1.6085 2.1995 0.0125 359.5877 
-0.0615 0.8629 0.0586 4.6301 358.2128 359.1061 2.1000 353.2090 358.8341 0.9378 4.2679 3.3682 0.9989 0.9854 359.3449 0.8947 0.3889 1.2600 353.5525 4.4330 3.7448 325.1973 10.0065 290.1750 348.0144 314.0366 6.4051 7.3084 356.6469 3.8696 0.0000 0.0000 0.0000 0.0000 0.0000 0.0000 0.0000 0.0000 0.0000 0.0000 0.0000 0.0000 0.0000 0.0000 0.0000 0.0000 0.0000 0.0000 0.0000 0.0000 0.0000 0.0000 0.0000 0.0000 0.0000 0.0000 0.0000 0.0000 0.0000 0.0000 0.0000 0.0000 0.0000 0.0000 0.0000 0.0000 0.0000 0.0000 0.0000 0.0000 0.0000 0.0000 0.0000 0.0000 0.0000 2.0020 7.6721 359.4793 40.1314 9.1272 57.8296 17.0962 334.5068 350.0477 351.4403 356.1964 3.1901 0.0000 0.0000 0.0000 0.0000 0.0000 0.0000 0.0000 0.0000 0.0000 0.0000 0.0000 0.0000 0.0000 0.0000 0.0000 0.0000 0.0000 0.0000 0.0000 0.0000 0.0000 0.0000 0.0000 0.0000 0.0000 0.0000 0.0000 0.0000 0.0000 0.0000 0.0000 0.0000 0.0000 0.0000 0.0000 0.0000 0.0000 0.0000 0.0000 0.0000 0.0000 0.0000 0.0000 0.0000 0.0000 2.2913 357.9920 5.7897 1.6423 18.6773 1.0070 1.7644 357.3510 356.0344 355.2396 0.2029 359.8452 355.7048 1.2940 355.3921 1.1002 17.4617 4.8144 349.6870 357.5312 1.5981 2.2034 0.0089 359.5883 
-0.0618 0.8629 0.0587 4.6504 358.1997 359.1072 2.1111 353.1858 358.8564 0.9406 4.3424 3.3497 0.9909 0.8887 359.3571 0.8650 0.4623 1.2469 353.2758 4.3597 3.6016 323.1747 8.8794 289.7105 347.3578 316.0097 5.8145 7.3267 356.6827 3.6302 0.0000 0.0000 0.0000 0.0000 0.0000 0.0000 0.0000 0.0000 0.0000 0.0000 0.0000 0.0000 0.0000 0.0000 0.0000 0.0000 0.0000 0.0000 0.0000 0.0000 0.0000 0.0000 0.0000 0.0000 0.0000 0.0000 0.0000 0.0000 0.0000 0.0000 0.0000 0.0000 0.0000 0.0000 0.0000 0.0000 0.0000 0.0000 0.0000 0.0000 0.0000 0.0000 0.0000 0.0000 0.0000 2.2323 7.7030 359.6515 41.9111 8.2329 58.3340 17.3630 335.8946 351.0037 351.4460 356.2391 3.3815 0.0000 0.0000 0.0000 0.0000 0.0000 0.0000 0.0000 0.0000 0.0000 0.0000 0.0000 0.0000 0.0000 0.0000 0.0000 0.0000 0.0000 0.0000 0.0000 0.0000 0.0000 0.0000 0.0000 0.0000 0.0000 0.0000 0.0000 0.0000 0.0000 0.0000 0.0000 0.0000 0.0000 0.0000 0.0000 0.0000 0.0000 0.0000 0.0000 0.0000 0.0000 0.0000 0.0000 0.0000 0.0000 2.2934 358.0121 5.8065 1.6292 18.6774 1.0073 1.7509 357.3601 356.0197 355.2435 0.2194 359.8530 355.6813 1.3209 355.4020 1.0949 17.4624 4.8128 349.6981 357.5228 1.5877 2.2081 0.0152 359.5865 
